year,month,latitude,longitude,source,confidence,frp,burned_area_ha,forest_loss_ha
2001,1,2.3376836644575314,28.481154659661517,VIIRS,90,76.16,2.17,0.95
2001,1,1.9396488711258701,28.389503025346844,VIIRS,63,34.68,5.09,1.19
2001,1,2.2457104243370507,28.28942726049881,VIIRS,94,73.45,1.4,0.36
2001,1,1.902172308947523,28.018702542912102,VIIRS,74,130.79,1.78,1.02
2001,1,2.365951558922783,29.092165689532383,VIIRS,95,101.03,1.23,0.88
2001,1,1.7791077955923429,28.63682870491518,MODIS,82,20.56,3.86,1.76
2001,1,1.9706493027476144,28.657117504106626,VIIRS,68,49.53,3.13,1.99
2001,1,1.7546962077826849,28.47535918135289,MODIS,96,40.34,3.48,1.01
2001,1,1.094999828155588,28.228656097891818,VIIRS,64,93.93,4.65,2.06
2001,1,2.4294016016197393,28.443062063104318,MODIS,75,37.89,4.94,2.55
2001,1,1.7169368337180355,28.23304932934585,MODIS,77,54.53,1.71,0.67
2001,1,2.070528806697345,28.8764977789809,VIIRS,62,19.54,5.61,3.87
2001,1,1.9909426253232583,29.158504935057206,VIIRS,85,139.39,4.07,2.62
2001,1,1.4124970817907385,28.286566787288976,MODIS,96,26.88,1.25,0.32
2001,1,1.7842352641832888,29.163747411101717,VIIRS,74,127.57,3.73,2.21
2001,1,2.0098614818096463,28.72182148388878,VIIRS,81,39.5,5.24,1.64
2001,1,1.8619826143180314,29.172585657881733,MODIS,61,104.58,3.16,0.64
2001,1,2.0806358192290073,28.656473228892064,VIIRS,78,83.1,4.98,1.58
2001,1,2.2645529708612258,28.093173493579847,MODIS,82,112.65,2.2,0.38
2001,1,1.3239369955465685,28.365678218672556,MODIS,87,76.65,4.26,1.89
2001,1,1.5553470293740836,28.051491942971918,MODIS,100,90.7,1.85,1.25
2001,1,1.9193549705822226,28.656207033738294,MODIS,69,102.88,4.84,2.84
2001,1,2.026918219775406,28.824971556702575,MODIS,94,87.1,3.68,1.76
2001,1,2.3344191106426333,28.19457656897508,MODIS,96,13.13,1.85,0.38
2001,1,2.368830501477805,28.588006904989268,MODIS,98,15.25,5.13,2.08
2001,1,2.298581462059121,28.247190279715987,MODIS,76,42.58,4.42,1.4
2001,1,1.374956764656934,28.500690078592545,VIIRS,80,91.78,1.79,0.34
2001,1,1.4349726304408026,28.07073316035796,VIIRS,94,123.16,6.09,1.25
2001,1,1.9232342236080497,28.891129810155128,VIIRS,71,142.8,4.26,1.94
2001,1,1.0562352033866016,28.10962275708665,MODIS,89,87.81,2.74,1.07
2001,1,2.445180328081542,28.172013571421115,MODIS,65,34.09,1.79,0.29
2001,1,1.1651317603226496,28.68106162351299,MODIS,88,41.07,2.11,0.57
2001,1,1.7877459148260886,28.234183690706693,MODIS,67,102.6,4.07,3.04
2001,1,1.5620934855637787,28.316327596787765,VIIRS,85,86.15,2.5,1.06
2001,1,1.676539669318036,28.296348867192215,VIIRS,84,130.38,5.84,1.47
2001,1,1.7832424717195319,28.58912477804918,MODIS,77,25.32,4.33,3.43
2001,1,2.1464498510078283,28.61148413944396,VIIRS,67,44.69,2.45,0.43
2001,1,1.6450875238635811,28.086587342074868,MODIS,66,82.08,5.78,2.84
2001,1,1.9787313722063322,28.30533385989787,MODIS,87,56.06,5.71,3.13
2001,1,2.3852783739614862,28.37174875414468,VIIRS,64,50.75,5.07,1.37
2001,1,1.84849716082585,28.089253804435998,VIIRS,84,36.4,3.36,1.47
2001,1,2.401230423303708,28.159941332248486,MODIS,60,68.7,3.52,1.98
2001,1,2.1190192513417863,28.91236360688149,MODIS,96,53.23,5.67,2.5
2001,1,1.6357848204144725,28.039036018134667,MODIS,85,142.48,2.81,0.72
2001,1,1.4324984274998285,28.327647593790605,VIIRS,99,44.41,3.97,2.53
2001,1,2.4112784933880915,29.063768456366034,VIIRS,90,42.3,1.68,1.2
2001,1,1.0703224124796937,28.527078479959158,VIIRS,98,86.41,2.23,0.66
2001,1,2.194876345832395,28.985340151418704,MODIS,64,109.84,6.25,3.07
2001,1,2.004256141006669,28.194047829716496,VIIRS,67,135.36,5.63,2.25
2001,1,1.3962285046478846,28.719104174069148,VIIRS,60,74.47,4.7,0.53
2001,1,1.7991305395554789,29.128809538959825,MODIS,72,16.41,1.23,0.42
2001,1,2.4262573096515756,29.181109745075823,VIIRS,72,39.73,1.09,0.38
2001,1,1.2372998598406328,28.406353434999097,MODIS,100,21.62,4.53,1.56
2001,1,2.0554078608410205,28.152799392464335,VIIRS,65,117.22,3.48,2.32
2001,1,1.9726531234406146,29.114649774487788,MODIS,79,9.4,2.6,0.98
2001,1,1.3536257494215538,28.482514818559206,VIIRS,88,43.24,2.02,1.12
2001,1,1.941303384450053,28.43131110010605,MODIS,69,82.68,1.04,0.65
2001,1,1.1130255840782577,29.033042288795215,MODIS,60,41.36,4.08,1.26
2001,1,1.921359834200008,28.12871597451579,MODIS,70,96.96,1.84,1.07
2001,1,2.0286184733347468,29.163675526789277,VIIRS,91,113.52,1.82,0.51
2001,1,2.1022856803151404,28.800934551125998,MODIS,97,88.58,4.74,2.35
2001,1,2.2107945736260346,28.62189445391269,MODIS,98,111.99,2.21,0.76
2001,1,1.740276463458025,28.028234765546312,MODIS,75,59.88,3.24,2.41
2001,1,2.4698494100266757,29.167366761783427,MODIS,61,127.17,4.31,2.58
2001,1,1.7679293343127347,28.85506584535174,VIIRS,82,46.56,5.49,1.5
2001,1,2.1027554075563826,28.565883314217018,VIIRS,88,67.32,3.69,2.11
2001,1,1.0321912930095745,29.16178174236168,VIIRS,78,11.52,1.99,1.22
2001,1,1.1258650525264207,28.73737750821536,VIIRS,66,139.66,2.52,0.63
2001,1,1.9239652845666766,28.863323843246427,MODIS,94,37.11,5.04,3.05
2001,1,2.4103436179840236,28.564568480697957,VIIRS,97,21.19,2.52,1.5
2001,1,1.4388015346630252,29.105620243981047,MODIS,74,29.62,5.99,2.81
2001,1,1.3542307293579803,28.988441006268534,VIIRS,62,120.53,1.35,0.93
2001,1,2.200030706547583,28.570875307076392,MODIS,95,119.27,1.81,0.82
2001,1,1.879109278166741,29.12321926571052,MODIS,75,66.86,4.09,1.54
2001,1,2.426484499853364,28.72108407072946,MODIS,71,94.48,2.11,0.51
2001,1,1.1795220449543997,28.960020478659338,MODIS,76,137.28,5.01,0.51
2001,1,2.387572971112065,28.787407927475627,MODIS,96,13.04,5.38,2.79
2001,1,1.198511054618194,28.137705589554862,VIIRS,94,66.82,5.98,4.15
2001,1,1.9458283439011383,28.69463500668119,VIIRS,95,113.73,1.88,0.27
2001,1,1.393798669785924,29.04357189390772,VIIRS,76,147.77,6.24,2.56
2001,1,2.463040089762349,28.685749213992523,VIIRS,99,22.98,2.51,0.51
2001,1,1.460073033636346,28.709074966361968,MODIS,67,110.52,2.13,0.65
2001,1,1.4783260157839142,28.21778991774898,MODIS,100,125.16,5.2,2.67
2001,1,2.2128857798822335,28.265785150650967,VIIRS,78,43.35,2.25,1.33
2001,1,2.334061808319885,28.741187015821748,MODIS,98,44.5,2.27,1.04
2001,1,1.5436969772817022,28.34814257191629,MODIS,95,89.52,3.42,0.57
2001,1,1.421648866663643,28.511355152980503,MODIS,79,31.67,2.31,1.57
2001,1,1.8230708323823874,29.1846532686421,VIIRS,88,75.25,3.19,1.26
2001,1,2.250378571977659,29.061137415739328,MODIS,96,97.96,5.37,4.18
2001,1,2.376805683972212,29.161603011557727,MODIS,65,17.38,5.59,2.28
2001,2,1.6026991184442143,28.997957954022855,MODIS,84,36.68,5.62,4.04
2001,2,1.8320768389214692,28.504171422264992,VIIRS,67,13.43,5.11,2.38
2001,2,2.2510135376457234,28.31306908530558,VIIRS,79,25.38,2.61,1.0
2001,2,2.1264138081544472,28.208481962780503,MODIS,73,37.81,5.94,0.63
2001,2,1.2094167237199351,28.752523516172406,MODIS,75,50.49,1.96,0.26
2001,2,1.5145836866247375,28.775060865551502,MODIS,87,95.95,3.13,1.44
2001,2,2.353035055579209,28.71678044267137,MODIS,76,109.37,4.67,2.21
2001,2,1.741639041963193,28.648259230485593,VIIRS,96,53.54,5.09,2.83
2001,2,1.552364421937701,28.097529153376048,MODIS,74,100.12,2.13,1.17
2001,2,1.1685186308011244,28.65617228189702,MODIS,68,137.15,2.19,0.76
2001,2,1.607904661367524,28.157748875448082,MODIS,81,102.92,3.59,2.4
2001,2,1.8261860419900038,28.82503493751356,MODIS,79,108.18,5.2,2.05
2001,2,2.356478310685137,28.94862589665341,MODIS,78,46.81,5.5,0.75
2001,2,1.7947553595800287,28.459480238123277,MODIS,80,14.41,1.04,0.16
2001,2,1.4155414232910992,28.353608744268325,VIIRS,98,132.71,5.83,1.66
2001,2,1.208468271234499,28.066634782320957,MODIS,94,59.66,3.45,2.34
2001,2,1.522856483327284,28.25416567063599,MODIS,86,147.14,1.75,0.28
2001,2,1.7902606693726058,29.160725522801577,MODIS,83,62.62,2.89,0.57
2001,2,1.9416196207872316,28.144302247381557,VIIRS,81,77.52,2.1,1.27
2001,2,1.2135621272406993,28.25834476350573,VIIRS,92,28.14,4.47,3.53
2001,2,1.2518058096787312,28.590908242033333,MODIS,67,123.14,5.81,2.74
2001,2,1.547631403199508,28.772895978243508,MODIS,98,116.11,3.59,2.36
2001,2,1.2933844919639217,28.369276098139636,MODIS,81,76.6,1.83,0.71
2001,2,2.4070238489945175,28.905150290323462,MODIS,70,51.57,5.41,0.83
2001,2,1.3169139867912896,29.054746882268745,MODIS,66,110.93,2.0,1.31
2001,2,1.0780189397612054,28.743351708173083,VIIRS,76,147.83,2.28,1.01
2001,2,2.1332452631892975,28.54605472481879,MODIS,76,47.8,3.24,2.35
2001,2,1.8028570188091408,28.472286898933465,VIIRS,84,32.01,6.0,2.58
2001,2,1.0458685035193902,28.344579437334,VIIRS,75,63.35,1.77,0.25
2001,2,2.258586683344838,28.44328894581563,MODIS,65,47.77,1.11,0.82
2001,2,1.864845135631035,28.996750253130422,MODIS,91,108.23,3.56,0.87
2001,2,1.4669729767138826,28.783363081227606,MODIS,61,132.88,6.16,4.24
2001,2,2.1339906313455286,28.765553896787782,VIIRS,89,16.46,1.28,0.47
2001,2,1.1885761098125163,28.829141736788888,MODIS,74,117.84,1.84,0.56
2001,2,1.6378046652162679,28.162060425430234,VIIRS,71,15.79,1.44,0.58
2001,2,1.8959804296144334,28.231507750686724,MODIS,75,25.28,3.41,2.07
2001,2,2.395676091735932,28.527489285183112,MODIS,69,17.85,1.57,0.35
2001,2,2.0378095775585683,28.228010113812363,MODIS,80,132.45,4.79,1.11
2001,2,2.2663318815788296,29.19942637069947,VIIRS,85,107.54,5.66,1.53
2001,2,2.2872181944658125,28.787676185475032,MODIS,62,20.1,5.69,2.18
2001,2,2.0154223693222137,28.266985319958287,MODIS,68,18.25,1.12,0.88
2001,2,1.5564311317293604,28.10465323955602,VIIRS,69,20.27,1.57,0.53
2001,2,2.0074420437816194,29.04912058113151,VIIRS,77,59.63,2.32,1.2
2001,2,1.1065341055288416,28.77504030790951,VIIRS,70,44.75,4.43,1.13
2001,2,1.8692257249641728,28.764878163342612,MODIS,73,75.14,1.25,0.29
2001,2,2.3494831766954403,28.094247475094853,MODIS,91,60.19,4.11,0.8
2001,2,1.9410008662840599,28.600917125846046,MODIS,93,92.95,2.12,1.37
2001,2,1.1291855603105336,28.435225336945262,MODIS,70,34.68,5.29,1.25
2001,2,1.4361509310699638,28.80323514219018,VIIRS,85,74.98,5.1,0.64
2001,2,1.0967367807390291,28.886856817401526,VIIRS,64,59.05,5.36,1.05
2001,2,2.45976502089564,29.157450749015553,VIIRS,64,49.87,3.66,2.44
2001,2,1.6611450201897335,28.418890162763933,MODIS,86,56.87,1.02,0.38
2001,2,1.913409470044323,28.465976368399286,VIIRS,79,25.9,5.12,4.04
2001,2,1.880830146721002,28.603932589078916,VIIRS,60,36.91,4.75,3.44
2001,2,2.4667480363112233,28.641655978787256,VIIRS,65,121.81,1.57,0.31
2001,2,1.5294746639940384,28.12641866827064,VIIRS,66,67.89,3.31,1.41
2001,2,2.263677864422622,28.776326655378792,VIIRS,81,111.01,1.05,0.4
2001,2,1.4324785348270335,28.437691488733485,VIIRS,64,17.52,5.69,1.97
2001,2,1.1160017015435528,28.840980288671016,VIIRS,86,61.15,1.55,0.95
2001,2,2.203559634876789,28.666290222868625,VIIRS,92,85.73,4.62,2.09
2001,2,1.244600343204025,28.135385850907834,MODIS,79,40.17,5.94,3.15
2001,2,1.9598756854517165,29.157043329119603,MODIS,66,17.7,1.39,0.9
2001,2,1.588995699807727,28.016349482152325,VIIRS,61,107.15,3.29,0.71
2001,2,2.1944138049964512,28.791750442758488,MODIS,73,80.78,2.12,0.63
2001,2,1.3207450432570438,28.69436903877745,VIIRS,61,35.08,1.68,0.52
2001,3,1.1085906970579655,28.99085825917704,VIIRS,62,123.87,1.61,0.81
2001,3,2.122803211293067,29.174445275583256,VIIRS,73,37.8,2.27,0.8
2001,3,1.0310080111696311,28.03229363491312,VIIRS,76,58.62,4.87,1.1
2001,3,1.2162013932155746,28.253941799766476,VIIRS,74,79.68,2.81,0.44
2001,3,2.3664191858898285,28.293739130360922,VIIRS,78,9.66,3.09,1.74
2001,3,1.1681555017144485,28.95552951992728,VIIRS,85,42.66,3.87,0.87
2001,3,2.094967983820495,28.745452041928704,MODIS,70,125.96,4.34,2.33
2001,3,1.3898405802546954,28.132994041158568,MODIS,77,91.72,2.72,1.41
2001,3,2.4555131250675912,28.08683957273,MODIS,79,118.61,1.55,0.26
2001,4,2.073992282222825,28.397040552486246,MODIS,62,129.55,3.02,0.68
2001,4,1.0379507910352852,29.150717844069206,MODIS,62,30.61,1.47,0.3
2001,4,2.318412773931299,28.02029140446078,MODIS,74,88.31,2.24,1.62
2001,4,1.6790484928462845,28.735056229943407,MODIS,95,117.21,5.27,2.19
2001,4,2.0716338583739056,28.506064670043266,VIIRS,95,15.99,4.17,1.58
2001,4,2.370859735508329,28.59349856603423,MODIS,83,131.07,2.3,1.51
2001,4,1.1579113143155557,28.242667311759657,VIIRS,91,86.48,4.01,1.22
2001,4,1.8098501867807617,28.216060591368375,VIIRS,67,124.11,2.59,1.73
2001,4,1.754362747185558,28.75362430365713,VIIRS,96,44.47,5.15,1.84
2001,4,1.5142345207332033,28.14791601666979,VIIRS,88,34.44,5.31,2.83
2001,4,1.500808737923478,28.566644262651266,MODIS,70,80.98,2.78,1.75
2001,4,1.3245307480408943,29.182125447511684,VIIRS,77,62.52,6.12,3.74
2001,4,2.2873610145792416,28.108706882185313,VIIRS,63,122.65,1.28,0.24
2001,4,2.2264257000232854,29.005226726051024,VIIRS,100,54.05,4.25,2.4
2001,4,1.0997346887670014,29.031243014856443,VIIRS,60,63.76,5.02,1.7
2001,4,1.831719408343375,28.825072596103215,MODIS,92,58.86,2.56,0.4
2001,4,1.8813180854301428,29.03531529577611,VIIRS,88,92.54,2.18,1.06
2001,4,1.7030361678385706,28.210537685595355,MODIS,81,34.28,4.68,1.56
2001,4,1.3152769525574082,28.099120331484148,VIIRS,94,13.07,1.83,0.65
2001,5,1.0725424722920516,28.79004244606545,VIIRS,100,45.86,2.07,0.81
2001,5,2.4786141750120625,29.00363612474783,MODIS,84,80.77,3.04,1.17
2001,5,2.1402681926458746,28.157720332865463,VIIRS,70,15.46,2.69,1.17
2001,5,1.1287013612083843,28.852563590407065,VIIRS,91,76.86,3.77,1.92
2001,5,1.1169838118404347,28.139367129508255,VIIRS,75,53.85,2.1,0.4
2001,5,1.8347357168048817,28.44764099783296,MODIS,89,75.03,3.23,2.15
2001,5,1.2793915181367832,29.17522914602481,MODIS,67,109.07,6.17,2.05
2001,6,1.4685054722289075,28.07263733442821,MODIS,78,53.04,3.76,0.61
2001,6,2.038963654320453,28.023074289025924,MODIS,70,74.46,4.49,3.12
2001,6,2.2080776968892617,28.55692953537665,VIIRS,86,71.32,3.96,2.83
2001,6,1.0842107462988202,28.659104468807747,VIIRS,60,93.93,2.49,1.59
2001,6,1.406909166000179,28.573393134738957,VIIRS,74,69.87,2.31,0.92
2001,6,2.0186258687198335,28.11467048459138,MODIS,78,120.96,2.51,1.41
2001,6,1.6162861883082054,29.12516667253337,MODIS,74,146.21,2.32,0.61
2001,6,1.5963990341734324,28.102096717813737,VIIRS,60,120.92,1.46,0.54
2001,6,1.716462288111986,28.216138303706405,MODIS,73,7.2,3.09,2.39
2001,6,1.2014011703765437,28.17869719500478,MODIS,96,111.33,1.65,0.59
2001,6,1.3387028661091591,28.711502636780907,VIIRS,63,90.94,3.38,2.17
2001,6,1.3691277112427258,28.632816982762595,VIIRS,85,124.05,3.26,1.27
2001,6,1.7234427179585279,28.741826988776303,MODIS,66,19.95,5.21,3.09
2001,6,1.4950181193589795,28.188712424060785,MODIS,72,117.44,3.6,1.38
2001,6,2.3164536360765755,28.44258903134568,VIIRS,65,84.8,1.26,0.2
2001,6,2.364920036971094,28.12050944401361,MODIS,64,9.12,4.2,3.18
2001,6,1.6146469461818311,28.499234545823413,MODIS,69,146.94,3.49,0.61
2001,6,1.2030776827150964,29.180710385364094,MODIS,64,53.29,5.27,2.52
2001,6,1.1173956372668858,28.496191705528584,VIIRS,91,137.75,3.23,0.89
2001,7,1.4216899717693026,28.28436888292988,VIIRS,66,38.75,6.17,0.65
2001,7,1.900495103637253,28.284785637693954,VIIRS,75,81.79,3.25,0.33
2001,7,2.302597234656186,28.041738456199656,VIIRS,92,92.48,2.98,0.98
2001,7,2.2732583238055213,28.386817588016374,MODIS,75,62.77,2.6,0.7
2001,7,2.221031462304718,29.080426230450673,VIIRS,88,137.69,4.05,1.45
2001,7,2.4964576155087475,28.576225301990938,MODIS,86,49.21,1.52,0.7
2001,7,1.3526693122349478,29.17707515573633,MODIS,96,127.76,1.85,0.5
2001,7,1.8044599842833815,28.398278597091483,VIIRS,68,38.78,3.54,2.5
2001,7,1.3665893777903533,28.01099321542211,MODIS,74,94.7,3.62,1.26
2001,7,1.26279859690538,28.30605360869507,VIIRS,73,100.01,5.14,1.19
2001,7,2.2116166942496425,29.133748435988984,MODIS,92,53.35,3.83,1.68
2001,7,2.404131833849286,28.623482566051777,MODIS,62,45.28,6.18,0.8
2001,7,1.7772542016239856,28.265147784073868,VIIRS,98,122.58,4.53,2.47
2001,7,2.3393250434827983,28.937207071942108,VIIRS,86,110.3,4.56,1.56
2001,7,1.1650139095829635,28.18985758198025,MODIS,62,31.35,2.47,1.3
2001,8,2.0927762199237274,28.004680924558503,MODIS,91,20.22,1.51,0.65
2001,8,2.2125986865060145,28.343440408022857,MODIS,97,133.48,1.65,0.53
2001,8,2.1328833548709305,29.023544111059206,MODIS,71,8.64,2.43,1.61
2001,8,1.9946583866453196,29.024642713070545,VIIRS,67,22.82,2.82,1.46
2001,8,1.7979227719806943,28.692003084356898,VIIRS,77,16.63,4.99,3.11
2001,8,1.401216304397023,28.853092688546873,VIIRS,61,124.65,3.54,0.7
2001,8,2.1070862471731515,28.544906906086688,MODIS,76,68.49,1.77,1.08
2001,9,2.0810566016658485,28.65919509773137,MODIS,85,91.48,3.63,1.19
2001,9,2.2336275508847034,28.909378916878897,MODIS,94,133.84,5.59,0.82
2001,9,1.6823958173372564,28.46767925506567,MODIS,69,79.1,1.68,0.97
2001,9,1.322453697071376,28.945246621940484,VIIRS,72,130.01,1.01,0.8
2001,9,1.8630245445039546,28.682061920267355,MODIS,74,127.28,5.3,3.98
2001,9,2.2617097744326617,28.052845547642903,MODIS,84,132.93,1.95,1.33
2001,9,2.248436178259179,28.414522280016982,MODIS,64,39.39,3.7,0.93
2001,9,2.1396362769575754,28.290165389898274,MODIS,82,34.93,1.94,0.28
2001,9,2.218519217823795,28.438867763058685,VIIRS,90,85.99,1.14,0.74
2001,9,2.0521431294919235,28.442844379790795,VIIRS,96,90.56,4.53,3.31
2001,9,1.267824545556681,28.33872150456634,VIIRS,73,90.35,1.35,0.38
2001,9,2.202694814324067,28.96921433757122,MODIS,98,143.25,1.16,0.55
2001,9,1.3990453097404891,28.025553409868063,VIIRS,80,116.74,3.33,2.05
2001,9,1.1434570699016937,29.10135753168327,MODIS,87,140.5,3.71,1.95
2001,9,1.398205456378082,28.45847295857886,MODIS,72,85.38,2.47,1.15
2001,9,2.369462845468684,28.299218974443725,VIIRS,89,87.77,2.1,0.88
2001,9,2.1818695722194583,29.1856819603447,VIIRS,90,57.12,5.1,2.51
2001,9,1.8146494695044701,28.27713009109565,MODIS,81,28.69,2.56,0.35
2001,9,1.1986066836529403,28.58241060552826,MODIS,76,14.65,4.2,1.83
2001,10,2.00328694505718,29.19250457817907,VIIRS,88,75.09,5.3,0.83
2001,10,2.450996771208847,29.083511121526115,VIIRS,86,41.0,2.74,1.96
2001,10,1.7966154695467178,28.60059568783723,MODIS,99,92.99,2.05,0.59
2001,10,1.493536570475294,28.950918297671503,VIIRS,69,77.04,5.1,2.89
2001,10,2.2161369233046164,28.697008322808806,VIIRS,87,127.71,2.03,0.28
2001,10,2.268530622390703,28.982089926914558,MODIS,78,32.99,1.01,0.24
2001,10,1.7562303439145972,29.0582814200561,VIIRS,83,17.99,2.54,1.17
2001,10,1.0364577066907283,28.893526176661467,MODIS,95,123.68,5.75,3.08
2001,10,1.3072462637580973,28.603398181644682,VIIRS,73,103.59,5.78,2.15
2001,10,1.693063420031283,29.094694246061525,MODIS,66,6.08,1.8,0.52
2001,10,1.9252178710180157,28.46230039310309,MODIS,74,80.3,5.82,1.65
2001,10,1.852823924099904,29.179421927450846,MODIS,91,33.42,1.78,1.13
2001,10,1.1423065174982798,28.54457026616436,MODIS,82,127.02,3.57,0.96
2001,10,2.390298685724318,28.70998693680839,VIIRS,96,121.34,5.75,0.64
2001,10,2.1601064021866345,28.01726856290426,VIIRS,65,94.59,5.09,2.01
2001,11,1.1874374722702932,28.369552519917747,VIIRS,90,130.96,3.04,2.41
2001,11,1.4405100927313836,28.331450279049932,MODIS,73,14.28,2.63,0.7
2001,11,2.1266790273905087,29.14525702262508,MODIS,62,25.54,4.65,3.6
2001,11,2.138698432232323,28.358208052973566,VIIRS,66,128.43,1.99,0.64
2001,11,2.449757514571914,28.184075144723906,VIIRS,99,116.39,4.13,1.18
2001,11,1.5821018693871516,28.850348784782526,VIIRS,95,95.95,3.69,2.18
2001,11,1.760430498567667,28.608072354756207,VIIRS,66,28.67,5.93,1.46
2001,11,2.2772383675883465,28.473103992096014,VIIRS,97,109.86,3.72,2.12
2001,11,1.8332223365747748,28.637509218066853,VIIRS,60,52.05,2.8,0.92
2001,11,1.7489317228400285,29.044404212603776,MODIS,82,79.06,1.0,0.12
2001,11,1.1021362850613854,28.12218162910934,MODIS,98,19.46,2.07,0.39
2001,11,1.0677025123445536,28.12717071147902,MODIS,98,123.04,2.77,1.41
2001,11,2.3265484173872157,28.62640247971966,VIIRS,64,66.06,3.54,0.36
2001,11,1.7778880706112217,28.458603361799984,VIIRS,87,109.87,4.32,3.38
2001,11,1.8642444299352727,28.19428264822136,VIIRS,84,36.8,1.04,0.58
2001,11,2.3233257078610268,28.651545788154987,VIIRS,77,117.24,1.08,0.37
2001,11,1.3382990726911643,28.70360137041505,MODIS,72,20.14,2.54,0.94
2001,12,1.995161004054896,28.295785615578126,VIIRS,67,75.32,2.18,1.68
2001,12,1.0099631491616219,28.569869029282913,MODIS,75,55.23,5.19,2.37
2001,12,1.3331971385671726,28.381157576698566,VIIRS,66,142.76,5.3,2.15
2001,12,1.6447972982638221,28.762801508543284,MODIS,66,138.77,1.08,0.39
2001,12,1.018212235922732,28.631684617622213,MODIS,77,28.47,4.52,1.63
2001,12,1.0704676394141581,28.249196422384102,MODIS,93,66.69,5.84,2.23
2001,12,1.425298497553534,29.171620551005702,VIIRS,85,53.08,1.61,1.23
2001,12,1.1714302070977993,28.295557209099833,MODIS,90,109.94,1.23,0.52
2001,12,1.3112485911564227,29.057679529823044,MODIS,66,114.27,5.69,1.21
2001,12,1.673880833259629,28.111309359827874,MODIS,72,47.29,2.5,0.9
2001,12,2.3253404227092043,28.178383768736595,MODIS,99,118.09,4.29,1.44
2001,12,1.3755802418797451,28.532972775059132,VIIRS,94,66.61,1.87,1.4
2001,12,1.3714341519583704,29.04497615655707,VIIRS,80,25.28,5.41,3.22
2001,12,1.5539484468286089,28.382825366559608,MODIS,91,79.1,2.69,0.87
2001,12,1.6822700604056455,29.010909384024714,MODIS,72,66.33,2.51,1.32
2001,12,1.8713023848788426,28.171171349274882,MODIS,84,67.86,4.79,3.71
2001,12,1.0961108170652691,28.59452760055978,MODIS,71,23.67,4.74,3.42
2001,12,1.7094828557769923,29.146294543582933,MODIS,82,148.52,5.84,1.47
2001,12,1.2876261564315914,28.653849676845525,MODIS,91,24.0,1.75,0.59
2001,12,1.476961267512777,28.49396645950291,VIIRS,74,42.63,2.38,0.91
2001,12,1.1109923180892405,28.947803577109145,MODIS,63,53.76,2.55,0.81
2001,12,1.358941528486377,28.34997451605434,MODIS,64,20.43,2.05,1.05
2001,12,1.2569811447935526,29.174309408655095,VIIRS,81,8.05,3.14,1.27
2001,12,1.5361071466747924,28.116397758618696,MODIS,98,45.93,1.25,0.77
2001,12,1.7723142742005162,28.935717855532133,MODIS,99,32.66,1.87,1.05
2002,1,2.480751056691158,29.11227207208235,VIIRS,75,132.93,1.13,0.37
2002,1,1.6251984111024096,28.84927263492885,VIIRS,97,98.37,1.67,0.8
2002,1,2.4249394155010244,28.71206014804859,VIIRS,89,10.76,5.33,0.75
2002,1,1.3312313639361735,28.27582174392208,VIIRS,71,119.98,3.32,1.08
2002,1,2.037522553201825,28.086817907356973,VIIRS,90,20.48,2.08,0.94
2002,1,1.4481884864736323,28.984829743347717,VIIRS,83,63.11,3.11,2.18
2002,1,1.7642617676615355,29.03764513871307,VIIRS,71,54.62,5.9,4.09
2002,1,2.224088732327786,29.085161788384404,MODIS,64,21.1,6.11,2.39
2002,1,1.6911660884247322,28.054946380338603,MODIS,88,74.3,4.25,2.0
2002,1,1.1571733891285458,28.15073128637845,VIIRS,94,34.61,3.29,1.12
2002,1,1.035547230068162,29.152972098719175,VIIRS,74,52.23,1.87,0.61
2002,1,1.3057604493281838,28.62566739052692,VIIRS,92,49.1,4.06,2.91
2002,1,1.5506449801897733,28.167875344578313,MODIS,79,99.78,5.61,2.94
2002,1,1.4669979478741948,28.98090464821852,MODIS,86,37.28,4.19,1.99
2002,1,1.0154240713370906,28.367754364529738,VIIRS,77,40.01,1.82,1.04
2002,1,2.4563163649041844,28.36769044476163,MODIS,91,33.65,1.55,0.55
2002,1,1.4082921371492962,28.41804514486093,VIIRS,79,23.06,3.81,0.47
2002,1,2.252425118191514,28.112357230196814,MODIS,92,126.96,2.93,1.0
2002,1,1.6947097330919867,28.66560317379373,VIIRS,70,106.78,1.94,1.55
2002,1,1.6257655710993497,28.34251994955453,VIIRS,97,123.45,6.16,4.5
2002,1,2.219857877108442,29.070858946661613,VIIRS,100,59.54,2.61,1.92
2002,1,1.3872328719952383,28.30051969818585,VIIRS,81,48.94,3.13,1.07
2002,1,1.3345767505783146,29.074200154542456,VIIRS,63,55.44,4.3,3.43
2002,1,2.0746525685120494,29.139549955266087,VIIRS,80,96.88,3.04,0.83
2002,1,2.3122327233976625,29.132014379930954,MODIS,80,75.14,4.16,2.27
2002,1,2.147742561301594,29.0263527218265,VIIRS,96,91.06,4.61,0.68
2002,1,1.2450496083370592,28.479167620427443,VIIRS,92,19.94,3.57,2.51
2002,1,1.5956044306576302,28.29157777198035,MODIS,83,30.36,6.22,1.26
2002,1,1.105085587628106,28.8010488407407,VIIRS,68,89.02,4.68,1.78
2002,1,1.4182498746862278,28.053244363271236,MODIS,77,98.84,4.25,2.92
2002,1,2.2020069597497476,29.056961582177763,VIIRS,97,10.14,1.1,0.69
2002,1,1.7782948716740767,28.245564011091684,VIIRS,98,25.69,4.88,2.21
2002,1,1.4662572218626546,28.459984509328738,MODIS,80,35.22,4.17,1.89
2002,1,2.270677306424057,28.457774925679377,MODIS,92,145.23,3.89,1.89
2002,1,1.22778605601347,28.90450178807551,MODIS,94,118.87,5.28,2.87
2002,1,1.9141480908543231,28.314522367640418,MODIS,85,142.44,3.67,0.58
2002,1,2.161725088047883,28.78125895857138,MODIS,73,128.36,1.69,0.3
2002,1,1.2019366213163587,28.64991166385654,MODIS,75,45.93,4.13,1.28
2002,1,1.026158318440612,28.625073426751975,VIIRS,64,59.04,3.94,2.64
2002,1,1.183722116019418,28.20122016956952,MODIS,74,48.99,1.45,1.05
2002,1,1.3126473921236894,28.63436239576836,MODIS,85,116.83,3.44,0.44
2002,1,1.4484336365295902,28.811538247391567,MODIS,82,11.33,3.7,0.42
2002,1,1.799264341420745,28.47923608386781,MODIS,62,54.43,2.98,1.35
2002,1,1.8645932647366341,29.00312403865568,VIIRS,64,118.04,4.95,3.05
2002,1,1.9792797831394189,28.494961280150722,VIIRS,96,12.41,5.17,2.52
2002,1,1.5407821258774468,28.072596626972448,VIIRS,69,50.48,6.25,4.13
2002,1,1.6894863042517128,28.820263322931222,MODIS,60,128.28,2.43,0.75
2002,1,1.508110845317176,28.886315045185746,MODIS,89,105.95,5.64,2.35
2002,1,2.3192707245075126,28.296942181308072,MODIS,94,123.61,1.78,1.19
2002,1,1.9150465044586897,28.93274464087281,VIIRS,65,42.94,3.61,1.7
2002,1,1.9264004651174789,28.099627473248944,MODIS,66,35.45,4.2,0.6
2002,1,1.972263363056856,29.0090568641331,MODIS,72,90.52,2.58,0.65
2002,1,2.461900838329806,28.370822619774966,MODIS,97,30.7,6.19,3.89
2002,1,2.417930996651489,28.530776514281403,VIIRS,82,103.45,2.55,1.1
2002,1,1.1203073483099923,28.39303414247827,VIIRS,87,92.78,4.99,1.79
2002,1,2.3315662287895345,28.510174338224928,MODIS,94,94.48,4.41,1.92
2002,1,1.0367715352869158,28.181577018514542,VIIRS,100,142.07,1.17,0.65
2002,1,2.4109903369567274,28.030740494982897,MODIS,95,138.38,5.98,3.4
2002,1,2.2234146893257893,28.181194456088086,VIIRS,98,91.98,1.61,0.57
2002,1,1.142631792717376,28.984289717764028,VIIRS,76,49.42,3.12,1.58
2002,1,2.4830056900187145,28.898764556174893,VIIRS,91,11.46,2.29,0.94
2002,1,1.4004971941251296,29.02135013172163,MODIS,83,100.26,5.92,0.83
2002,1,2.3524621760503797,28.427405209164103,MODIS,71,94.5,4.98,1.93
2002,1,1.7235490980147343,28.822878411902924,VIIRS,67,39.49,1.05,0.64
2002,1,2.1886829774920473,28.60282768842492,MODIS,63,96.81,3.5,1.52
2002,1,1.4571439316583872,28.042572578144465,MODIS,99,10.71,4.23,0.55
2002,1,1.1112930695579788,28.414883583782157,MODIS,74,84.05,5.62,1.3
2002,1,2.437229744075382,28.255647064388565,MODIS,83,62.45,5.6,1.68
2002,1,2.287996939819803,28.793662288554287,MODIS,70,84.74,4.13,1.99
2002,1,2.26147236361854,29.142759564970042,VIIRS,76,64.7,3.59,0.5
2002,1,1.7933735762837877,28.916797086657546,VIIRS,75,40.62,2.36,1.13
2002,1,1.7228214597345268,28.999891883037527,VIIRS,66,109.64,1.14,0.63
2002,1,1.5984661883727944,28.258690467237486,VIIRS,84,102.65,5.7,4.47
2002,1,2.238385545647356,29.08122769754561,MODIS,83,90.66,4.84,0.58
2002,1,1.2492466816726968,28.555382978352025,MODIS,80,102.01,4.55,1.49
2002,1,1.8667449273377836,29.11289629072654,MODIS,61,21.17,2.82,2.04
2002,1,1.146720586478948,28.96353715104688,VIIRS,64,64.4,4.47,1.09
2002,1,2.0141566069485437,28.730290531874566,VIIRS,64,38.74,3.06,1.13
2002,1,1.1783035748188362,28.630677600791596,MODIS,94,50.38,1.29,0.5
2002,1,1.5291024441223797,28.481573913540988,VIIRS,77,67.08,6.15,2.92
2002,1,2.00695512048764,28.238289162633567,VIIRS,86,12.54,1.62,0.69
2002,1,1.4033699724343234,29.16915509829958,VIIRS,91,86.94,3.73,2.1
2002,1,1.9348553127857413,28.89181312243481,MODIS,67,25.62,2.75,1.55
2002,1,1.0362701478175356,28.70735114522482,MODIS,63,91.85,1.77,0.67
2002,1,1.0170748480442016,28.616671244130142,MODIS,72,142.13,2.17,1.33
2002,1,2.390993731786754,28.479496418286892,VIIRS,66,17.32,2.13,1.56
2002,1,1.7880306648686026,29.114930185947397,VIIRS,86,116.94,4.49,2.86
2002,1,2.0238661668326836,28.591106658565355,MODIS,94,106.5,5.57,0.87
2002,1,1.4381091517664633,28.029482091543418,MODIS,88,87.87,3.18,1.15
2002,1,1.7295893238529136,28.179862033911512,MODIS,63,54.37,3.44,2.19
2002,1,1.6483164602977949,28.277493571439493,VIIRS,88,31.8,4.82,1.08
2002,1,1.3495790570217518,28.40547582555169,VIIRS,97,34.36,2.03,1.41
2002,1,1.7645795807247753,28.398183887401444,VIIRS,66,139.08,2.66,1.62
2002,1,1.797859915626447,28.22025281929326,MODIS,83,97.81,5.8,3.36
2002,1,2.0080526189893946,28.52881354608878,VIIRS,83,48.39,1.67,0.86
2002,1,2.0764179889444816,28.17629670128191,VIIRS,80,88.42,3.24,1.18
2002,1,1.8863353820032085,28.719759276627677,VIIRS,83,92.4,2.47,1.81
2002,1,2.0217926664196426,28.237556980413455,VIIRS,77,88.87,5.56,2.92
2002,1,1.268190789988721,28.736703492143242,VIIRS,91,17.12,2.87,0.83
2002,1,1.5844508621354563,28.83098401328944,MODIS,84,41.35,3.08,1.21
2002,2,2.2089410825570392,29.11559231931908,MODIS,83,18.53,5.96,3.72
2002,2,1.0026062063830694,28.75300868474361,MODIS,62,84.04,5.25,1.47
2002,2,1.3082138229701605,28.985363559823664,MODIS,98,68.45,3.76,1.71
2002,2,1.9656694703691326,28.32726303632844,MODIS,89,86.55,4.67,2.86
2002,2,1.4630851904638322,29.14714964929695,MODIS,100,14.18,2.81,0.73
2002,2,1.5762674668882912,29.01374549559021,MODIS,65,53.14,2.44,0.96
2002,2,1.1188674394232727,28.354820974223326,VIIRS,85,103.53,1.52,1.13
2002,2,2.0720237387373928,28.933364630573593,MODIS,68,66.38,5.0,2.25
2002,2,1.9789246092973323,28.357308599612605,MODIS,90,116.5,2.3,1.79
2002,2,1.0183144759630005,29.11680319453867,VIIRS,88,37.15,4.77,1.19
2002,2,1.8071455180928888,28.613003537693242,MODIS,71,36.34,4.3,1.74
2002,2,1.0987815597827775,28.723515928199205,VIIRS,60,7.97,5.85,4.48
2002,2,1.7826253972716377,28.333731319788107,VIIRS,78,85.14,5.11,2.17
2002,2,1.2358282121709312,28.323385138727556,VIIRS,82,126.67,6.13,1.09
2002,2,1.0651546517076282,28.837824712723418,MODIS,71,116.43,2.88,1.16
2002,2,1.3974830316350055,28.72317940619848,MODIS,78,32.53,2.82,0.88
2002,2,2.039580504916726,29.168793871856277,VIIRS,93,11.56,5.57,2.18
2002,2,2.201711890629945,28.570688973726167,MODIS,97,36.35,3.58,1.39
2002,2,1.2362719557803756,28.614909918603775,VIIRS,80,114.77,2.81,1.8
2002,2,1.5401720875273623,28.22869023714891,MODIS,85,118.07,1.29,0.28
2002,2,1.1584268377858793,28.506212568922525,VIIRS,80,11.27,6.11,2.7
2002,2,1.7802265804874973,28.59908328547184,MODIS,84,49.95,3.91,1.98
2002,2,2.402291472197665,28.504084264621866,VIIRS,63,141.5,4.94,2.83
2002,2,1.1331183635894806,28.20567805239027,MODIS,98,99.83,5.4,2.0
2002,2,2.4141809224856354,28.644934206872716,VIIRS,100,18.5,3.67,0.85
2002,2,1.7401200963643986,29.16566428313972,MODIS,97,53.11,3.96,2.37
2002,2,1.3618088223798077,28.686698574536756,VIIRS,64,148.44,1.44,0.55
2002,2,2.45928299611129,28.590811267522227,MODIS,77,93.55,4.76,2.5
2002,2,1.5370654457215502,29.04906007129951,MODIS,85,142.09,3.73,1.24
2002,2,1.121248921862167,28.106595709044615,VIIRS,73,106.43,4.97,1.54
2002,2,1.4342296766247233,28.304944901733123,VIIRS,80,31.4,5.38,0.95
2002,2,1.6686875431553547,28.989623162006726,VIIRS,92,66.93,3.84,2.1
2002,2,2.0268604250165296,28.068590496932035,MODIS,65,135.38,6.08,3.0
2002,2,2.484939626516007,28.946334656855342,VIIRS,66,67.77,3.9,0.94
2002,2,1.190326388734449,28.28923510386125,VIIRS,74,84.08,1.12,0.11
2002,2,2.3034953999142393,28.88140492808642,VIIRS,91,21.28,1.11,0.67
2002,2,1.9719653799507202,28.094454320263427,VIIRS,99,43.83,1.36,0.6
2002,2,2.2009344471635757,28.227491688304628,MODIS,92,50.91,1.97,1.04
2002,2,2.1222315569906853,29.069071711611148,VIIRS,100,138.32,3.6,1.98
2002,2,1.571713876683772,28.729745289782567,VIIRS,67,58.72,4.43,0.75
2002,3,1.6244993664038578,28.49740860272073,MODIS,73,39.28,4.27,3.18
2002,3,1.9953805416364223,29.019826180319253,VIIRS,70,116.17,2.97,1.06
2002,3,2.098136045065306,28.320267293548163,VIIRS,63,112.84,1.97,0.94
2002,3,1.9317821607166485,28.96309124942089,VIIRS,84,142.85,4.95,2.61
2002,3,1.4058542491182044,28.709092716882566,MODIS,88,90.36,5.67,2.36
2002,3,2.0746889292216153,29.135178530582618,MODIS,70,64.87,3.61,0.68
2002,3,1.8654019633591938,28.077732264776643,MODIS,90,105.26,5.75,2.69
2002,3,1.8640380740320235,28.647105682014683,MODIS,91,85.84,1.14,0.77
2002,3,1.8611381728765042,28.426204136604934,VIIRS,63,5.23,4.09,3.04
2002,3,1.8209050905289805,28.171158612450373,MODIS,87,15.42,2.41,1.58
2002,4,1.7906929690335942,29.129738025188423,MODIS,88,32.51,1.09,0.35
2002,4,1.0171358116564428,28.29057497067303,VIIRS,79,128.19,3.75,1.83
2002,4,1.1648746599374862,28.613678912548178,VIIRS,93,82.79,5.06,3.89
2002,4,1.5663418524173727,28.812759322577215,VIIRS,97,37.0,5.14,3.18
2002,4,2.4558024272456502,28.617976480262215,VIIRS,80,21.64,1.62,0.98
2002,4,1.3842824101464337,29.190088676677426,MODIS,70,121.65,1.83,1.23
2002,4,1.754803535629677,29.04525610838405,VIIRS,92,96.91,2.87,0.76
2002,4,1.0226532134573416,28.521802827351824,MODIS,91,84.1,3.93,0.55
2002,5,2.4002792582382764,28.66897856484889,VIIRS,89,81.9,5.36,1.84
2002,5,2.372086979894978,28.80531041970192,VIIRS,91,127.25,3.08,0.68
2002,5,1.8742428873506731,28.185903985519413,MODIS,62,73.84,3.38,0.57
2002,5,1.318006962831733,28.34012847517807,MODIS,85,10.32,2.04,0.73
2002,5,1.3377013450506314,28.215223781372273,MODIS,91,12.18,1.75,0.5
2002,5,1.7340399487377272,28.51734945851067,MODIS,85,97.68,3.75,1.0
2002,5,1.5655841497164564,28.074591510316942,MODIS,74,148.32,4.13,2.32
2002,5,1.2738441547081654,28.686549381745117,MODIS,85,143.22,2.72,0.32
2002,5,1.3165899570953474,29.041536994072043,VIIRS,72,44.54,1.48,0.4
2002,5,2.313324261624164,28.658559660794364,VIIRS,60,39.06,2.03,0.63
2002,6,2.0829612241975366,28.136065067605976,VIIRS,98,80.13,5.58,1.49
2002,6,1.7066341568781123,28.8112842070121,VIIRS,74,5.07,1.1,0.13
2002,6,1.9522182272508077,28.51854384533833,VIIRS,87,131.3,2.55,1.12
2002,6,1.0968865815666917,28.244365542023044,VIIRS,93,75.24,5.15,0.89
2002,6,1.8275389911305526,28.007477426279877,VIIRS,72,35.82,3.53,2.13
2002,6,1.899577148198457,29.14086902320069,MODIS,63,119.87,5.78,4.45
2002,6,1.6495936677371554,28.346136285759847,VIIRS,66,32.99,3.87,0.44
2002,6,1.7765218500543078,28.400650022474956,VIIRS,62,70.18,5.48,4.04
2002,6,2.0539848090474684,28.401707149338186,VIIRS,71,86.62,4.54,3.37
2002,6,2.38727178533587,28.514741687182887,MODIS,78,96.51,5.73,1.89
2002,6,2.131730951199609,28.367246392566702,VIIRS,78,22.64,1.83,0.94
2002,7,2.483789773127075,28.312877951849476,VIIRS,86,46.22,3.72,1.64
2002,7,2.0917179326367203,28.231174461301947,VIIRS,91,33.6,5.58,1.06
2002,7,2.0796622831255704,28.78185707249824,VIIRS,82,63.42,3.47,2.69
2002,7,1.3333418392192993,28.856647633912015,MODIS,78,143.27,4.12,2.96
2002,7,2.4088326754524796,28.956802316558655,MODIS,67,14.49,6.15,1.73
2002,7,2.305143576185747,28.477689406338715,VIIRS,74,93.79,1.3,0.44
2002,7,2.2874149000602113,28.11072797220399,MODIS,66,99.1,5.12,3.18
2002,7,1.3198429334158484,28.83759628600212,MODIS,100,15.45,5.46,3.94
2002,7,1.5548742732267806,28.95994034287198,VIIRS,74,125.01,2.34,0.25
2002,7,1.8050525270082391,29.004640723902533,VIIRS,96,122.63,2.95,2.14
2002,7,2.140308137291391,29.113241974054073,MODIS,65,86.37,3.6,1.45
2002,7,2.4216028889603542,28.732870887575196,VIIRS,74,80.73,2.02,1.51
2002,7,1.3320622364917885,28.57054593562483,VIIRS,85,29.49,5.69,3.93
2002,7,1.2605198461200566,28.26403444159689,VIIRS,93,69.33,3.28,0.45
2002,7,2.096520641879551,28.36668210885152,VIIRS,97,78.3,2.05,0.31
2002,7,2.2561978591107286,28.69382697273887,VIIRS,66,25.77,3.28,2.51
2002,7,1.2408731581204786,28.21802213133082,VIIRS,67,101.0,3.4,1.69
2002,7,2.0399515658285736,29.096882984840914,MODIS,63,10.01,6.16,1.57
2002,8,2.1315928650052514,28.443885166411594,VIIRS,85,103.68,5.18,2.43
2002,8,2.365016718719812,28.178095652466567,MODIS,60,17.37,3.7,2.09
2002,8,2.0595042634649485,28.96473851350588,MODIS,100,71.54,1.67,0.89
2002,8,2.035835216045152,28.711846903601714,MODIS,78,25.54,6.1,2.02
2002,8,1.9320658517152705,28.207575450219323,VIIRS,93,144.72,3.93,1.63
2002,8,2.220908579770943,29.007647421050713,MODIS,60,91.29,4.39,0.65
2002,8,1.6100780122109768,28.08705725065952,VIIRS,78,45.17,2.03,1.36
2002,9,1.6466029437720302,28.894176269585348,MODIS,95,76.44,1.07,0.24
2002,9,1.519458225451352,29.013830872130793,MODIS,71,126.07,4.84,2.19
2002,9,1.720985165128043,28.98611626560167,MODIS,75,138.16,3.75,1.84
2002,9,1.7217306865161333,28.552738058629178,VIIRS,85,49.07,3.9,2.7
2002,9,1.0712403258048793,28.42007560349014,MODIS,76,144.88,5.77,1.17
2002,9,2.20129290425441,28.856907346571365,VIIRS,74,111.74,1.05,0.58
2002,9,2.012388803966995,28.355916801549718,VIIRS,83,67.01,1.4,0.27
2002,9,1.072731013168542,28.722209700318846,MODIS,60,14.05,4.06,0.46
2002,9,1.7993145364415088,28.45032335639247,MODIS,100,135.69,5.16,2.12
2002,10,1.1047615384858658,28.98757245673411,VIIRS,67,89.67,2.89,0.93
2002,10,1.1995505319579973,28.37027059224017,VIIRS,88,21.76,3.85,0.64
2002,10,2.0622666802366583,29.138201228569525,MODIS,69,133.09,4.53,1.41
2002,10,1.8494900870643334,28.957339692843185,MODIS,93,93.13,5.91,2.53
2002,10,1.399072035928206,28.497260115736474,MODIS,80,136.3,5.97,1.83
2002,10,1.9742221399902082,28.43469233316913,VIIRS,78,81.63,5.99,4.77
2002,10,1.3035197765902673,28.115676553290523,MODIS,82,70.98,2.21,1.14
2002,10,1.6709059625427396,29.04931368655065,VIIRS,75,38.51,3.73,0.99
2002,10,1.590994333040424,28.179684093196084,MODIS,89,23.02,3.32,2.28
2002,11,1.6108764089615135,28.643379123405403,MODIS,99,115.87,5.1,1.56
2002,11,1.2753816646134595,28.35647133000344,MODIS,94,129.2,5.85,3.06
2002,11,1.4910723525191252,29.16316389504396,MODIS,87,140.82,4.95,1.97
2002,11,2.1385819438231994,28.583515755665655,MODIS,66,25.07,5.09,3.18
2002,11,2.065206195147386,28.3904870636066,VIIRS,64,70.75,3.65,2.21
2002,11,1.6600604855955452,28.73121183126128,VIIRS,81,12.32,3.78,0.68
2002,11,1.0140975203519138,28.127760223072627,MODIS,68,121.49,5.99,4.48
2002,11,2.3946728164497433,28.64731507881213,VIIRS,86,14.2,3.69,2.13
2002,12,2.0089975960161723,28.69636284762997,MODIS,99,91.87,1.44,0.74
2002,12,1.1501853658169727,28.392916937698374,VIIRS,84,15.36,1.85,1.43
2002,12,1.2381291651839255,28.139265420001244,VIIRS,69,22.6,3.72,1.12
2002,12,1.8057245713964278,28.395425059192185,VIIRS,77,71.43,3.8,1.01
2002,12,2.454912912170532,29.137502178532625,MODIS,63,130.21,1.89,0.43
2002,12,1.0286175514228082,28.334493244228256,MODIS,61,6.45,1.41,0.29
2002,12,2.176792355334488,28.987758646529684,MODIS,65,132.98,5.14,2.72
2002,12,1.5331527534251448,28.378189363230113,VIIRS,86,104.49,1.14,0.78
2002,12,1.454187153222665,28.91532902308706,MODIS,72,62.58,2.91,1.82
2002,12,1.9698091750772833,28.112995686154978,VIIRS,83,7.39,2.15,1.3
2002,12,2.4231367192151785,28.7865440989964,MODIS,98,119.37,4.76,1.39
2002,12,2.3782560990366948,28.453207323961145,VIIRS,67,107.68,5.96,2.93
2002,12,1.438062176638537,28.683059107662245,MODIS,66,109.76,3.36,1.31
2002,12,1.3578988070533662,28.851025192257413,MODIS,99,128.04,5.85,4.58
2002,12,2.402022543938756,28.5601122688998,MODIS,99,76.42,5.24,2.84
2002,12,1.9231800931501957,28.352237352756653,VIIRS,91,91.75,1.84,0.24
2002,12,2.199635325021447,28.943710703101985,MODIS,88,147.26,3.57,0.61
2002,12,1.423188742648688,28.512765884391165,VIIRS,94,5.54,1.58,0.37
2002,12,1.407807174361221,28.674972510896957,MODIS,93,117.84,4.86,1.68
2002,12,1.187846748604415,28.711021366234522,MODIS,90,146.96,2.79,0.45
2002,12,1.005131349636498,28.210996039440843,VIIRS,85,16.33,1.57,1.1
2002,12,1.744722719103592,28.035586935567377,VIIRS,71,85.47,2.43,0.8
2002,12,1.145564276431559,28.621669031560895,MODIS,96,42.19,2.68,0.75
2002,12,2.159955859825068,28.725061468023267,VIIRS,87,102.37,3.76,2.78
2002,12,1.1258160938610278,28.412409441065723,MODIS,92,11.81,3.42,2.65
2002,12,1.2936931255120672,29.015059630193658,MODIS,85,71.48,3.24,0.98
2002,12,1.9539155604449971,29.033006952253764,VIIRS,100,136.41,4.56,1.42
2002,12,1.9411955049635283,28.776441044158187,MODIS,67,61.38,3.53,0.91
2002,12,2.4835812316222503,28.17495410108242,VIIRS,86,106.43,1.42,0.9
2002,12,1.5401895988787817,28.502507046007878,VIIRS,89,138.31,2.76,0.93
2002,12,1.4781121612971582,28.712323221316417,VIIRS,75,146.17,4.06,0.55
2002,12,1.295459324097098,28.95613151673456,VIIRS,61,84.49,4.58,1.54
2002,12,1.1307574167759318,28.65346266249305,VIIRS,75,38.37,1.63,1.13
2002,12,2.1433537123996347,29.01287203387728,VIIRS,62,130.38,3.22,2.0
2002,12,2.082811163816013,28.07468039705542,VIIRS,91,48.77,1.27,0.34
2002,12,1.2531788398692696,28.98058564515765,MODIS,99,42.59,2.84,2.16
2002,12,1.0958459042098116,28.97969727338813,MODIS,80,71.23,2.75,2.19
2002,12,1.9282154923069794,28.90056862153766,VIIRS,100,52.92,5.96,1.24
2002,12,1.396748057010875,28.723840678217833,VIIRS,100,113.87,4.8,3.01
2002,12,2.0889535235336174,28.093247855714566,VIIRS,62,35.96,4.59,1.5
2002,12,1.4582790468371207,29.148030291431485,MODIS,62,23.67,1.89,0.24
2002,12,1.368554878699591,28.014284484171558,MODIS,63,138.05,2.99,1.76
2002,12,1.346298494214815,29.122447091909294,VIIRS,94,149.7,4.92,3.0
2002,12,1.0463020585319787,28.88337863983136,MODIS,83,28.98,1.38,0.3
2002,12,1.4141857142004544,28.977499608352343,VIIRS,86,137.3,4.15,1.32
2002,12,1.6863960361426482,28.32886761238946,MODIS,97,72.49,3.54,2.04
2002,12,1.1272966566136977,28.070569710324452,MODIS,61,117.54,1.16,0.75
2002,12,1.1246837796142612,28.874075705371897,MODIS,73,54.01,1.11,0.45
2002,12,1.041004758830447,28.675346301801326,MODIS,68,81.31,5.3,2.54
2002,12,1.007701029808562,28.115476958896544,VIIRS,75,38.96,1.61,0.66
2002,12,1.3328178582902588,28.834766844591947,VIIRS,82,93.99,3.01,0.55
2002,12,1.9351734013980058,28.577585582047156,MODIS,81,92.84,4.36,1.08
2002,12,1.0691325842059174,28.36999140925806,VIIRS,62,83.49,2.22,1.36
2002,12,1.5815055359665837,29.08063990778635,MODIS,76,126.17,2.96,2.13
2002,12,1.1857918607805007,29.097070056629754,VIIRS,93,102.99,5.96,4.44
2002,12,1.3617008667282202,29.10446313127569,VIIRS,63,25.51,3.07,0.84
2002,12,1.2047595895183674,28.39810384789501,VIIRS,76,16.94,5.5,3.24
2002,12,2.2169413576371553,28.931074392930512,MODIS,90,45.02,3.34,2.46
2002,12,1.3204358086745767,28.708701177661254,VIIRS,97,100.27,3.54,1.74
2002,12,1.3090680360156928,28.832580119962238,VIIRS,83,86.13,3.7,2.79
2002,12,1.034720024188477,28.893750643426255,MODIS,100,95.65,1.05,0.62
2002,12,1.934861443271899,28.09304580867713,VIIRS,66,77.61,5.73,2.16
2002,12,2.258036692698534,28.758459430693843,VIIRS,92,146.42,3.8,0.87
2002,12,1.2254923158823186,28.937294257164798,MODIS,83,117.04,3.84,1.73
2002,12,1.421108261618927,28.664322102608672,VIIRS,69,37.04,3.29,2.4
2002,12,1.2682004324255136,29.080305818357512,VIIRS,99,131.88,3.54,1.94
2002,12,2.190554743310188,28.333055328953414,VIIRS,62,107.43,1.54,1.0
2002,12,1.3558617617548054,28.970649778954225,MODIS,66,74.97,5.38,0.76
2002,12,1.5916274558049661,28.15116507918605,MODIS,86,148.33,3.02,0.85
2002,12,1.7838116956457977,28.313350781104578,VIIRS,83,94.77,2.76,1.61
2002,12,1.0122227501914252,28.051811665410302,VIIRS,74,26.9,1.18,0.3
2002,12,1.1522826943932045,28.46824751011055,VIIRS,85,72.79,2.85,2.13
2002,12,1.1616755967452927,28.61268845911705,VIIRS,66,55.23,1.73,1.24
2002,12,1.567385325494186,28.92747966853508,MODIS,77,107.45,3.62,2.81
2002,12,1.8641049856420637,28.558903436770663,MODIS,72,149.56,2.6,1.1
2002,12,1.5168685445175027,28.514512217821824,VIIRS,90,29.69,2.49,1.88
2002,12,2.0535476446632135,28.798301078922655,VIIRS,72,102.37,3.84,1.2
2002,12,2.1116957825752376,28.979272820390822,VIIRS,79,9.15,1.05,0.44
2002,12,2.20210019859768,28.228455298076963,MODIS,83,68.98,4.69,3.21
2002,12,1.8632443359855986,28.282743576417623,MODIS,96,128.08,4.82,0.65
2002,12,2.1500320905525614,29.084748662837214,VIIRS,83,7.78,1.84,0.35
2002,12,1.9335913301899148,28.13332899026729,MODIS,100,31.04,1.84,1.1
2002,12,1.4861945272811594,28.82834074145905,MODIS,92,47.23,5.82,1.98
2002,12,2.2865971149529454,28.564230814820256,MODIS,68,54.56,5.2,0.56
2002,12,1.2169177942891956,28.526833444542294,VIIRS,66,110.94,2.51,0.52
2002,12,1.5388171835868638,28.41793898484127,VIIRS,68,118.91,5.19,3.65
2002,12,1.3337994249307064,28.135130659163124,MODIS,99,96.78,1.73,0.4
2002,12,1.7367143729424757,28.744260658256238,MODIS,73,83.29,1.19,0.49
2002,12,2.136251340260938,28.604216702600738,MODIS,86,92.81,2.81,1.34
2002,12,2.3856682833254306,28.641001482250648,MODIS,91,149.52,2.24,1.34
2002,12,2.4579364481149337,28.531898612850014,VIIRS,98,80.84,1.32,0.83
2002,12,2.111182651279388,28.85506099401317,MODIS,73,70.24,5.21,3.99
2002,12,1.521899613448348,28.563420730480264,MODIS,78,40.24,2.12,0.3
2002,12,1.574374265481309,28.84105062115173,MODIS,94,57.23,5.93,1.71
2002,12,1.991844951222268,28.907838110385914,MODIS,75,14.46,4.0,1.52
2003,1,1.2741569025231043,28.526569040462622,VIIRS,62,145.45,4.56,3.01
2003,1,2.1134316590664,28.93333403534251,VIIRS,65,130.09,1.66,1.23
2003,1,1.3147093960970946,28.445588363205975,VIIRS,99,117.72,4.71,2.84
2003,1,1.386929217695959,29.122694147708874,VIIRS,100,136.21,4.31,0.89
2003,1,2.2499292795338115,28.252148464344057,VIIRS,87,11.29,4.79,2.91
2003,1,1.8965712220862287,28.63950513388604,VIIRS,77,11.83,4.35,3.47
2003,1,2.3656690304903765,28.93853939777577,MODIS,81,66.69,3.66,1.96
2003,1,1.8576174907343788,28.473828849241073,VIIRS,73,22.14,4.04,2.31
2003,1,1.8673338207933046,28.681367012588332,MODIS,85,37.15,2.73,1.5
2003,1,1.6410574380707361,28.208729519322997,MODIS,93,141.08,3.29,1.05
2003,1,1.058432395987308,28.345948217233374,MODIS,65,72.72,1.33,0.59
2003,1,1.9488922861042548,28.80647674275861,MODIS,97,44.95,1.65,0.52
2003,1,2.005845441172074,29.158980113026445,MODIS,85,127.88,1.62,0.98
2003,1,1.7851718641904055,28.074529734787596,VIIRS,95,68.75,6.19,4.71
2003,1,1.2618033942062308,28.037258367020744,VIIRS,60,26.22,2.82,1.15
2003,1,1.1857029785292192,28.768810759102546,VIIRS,96,89.72,6.11,2.0
2003,1,1.83846376979635,28.445422700637387,MODIS,98,116.62,3.0,1.42
2003,1,1.816028629797113,28.3464465098201,VIIRS,62,92.95,5.04,1.46
2003,1,2.202083325437118,28.564792162260993,VIIRS,99,115.1,2.64,1.4
2003,1,2.0936351653226977,28.336206750736007,VIIRS,77,102.48,4.79,3.17
2003,1,2.110901901152365,28.724267796590684,MODIS,73,68.39,5.63,0.75
2003,1,1.4421037072562464,28.4205241198721,MODIS,88,70.81,2.54,1.7
2003,1,2.3806691435254947,28.494781570144912,MODIS,81,70.5,4.67,2.0
2003,1,2.074612283142395,29.1034242882844,MODIS,71,126.88,1.62,0.68
2003,1,1.051800169881379,28.872687070704096,VIIRS,74,114.55,3.4,1.98
2003,1,1.4443790066870705,28.316578651415856,MODIS,65,105.92,1.91,0.6
2003,1,1.4318769213437696,28.33636362530323,VIIRS,84,26.55,4.65,3.34
2003,1,2.4322467889263732,28.250684580838744,VIIRS,85,80.74,4.93,1.9
2003,1,2.290653351010312,28.20491198789319,VIIRS,98,139.78,5.67,2.44
2003,1,1.3217480823453274,28.227763249545397,MODIS,75,21.84,6.16,3.6
2003,1,2.4434786288697135,28.458894958789948,VIIRS,62,43.74,3.85,1.0
2003,1,1.1375167604123142,28.697828785291975,VIIRS,99,37.81,3.0,0.98
2003,1,2.373674502865501,28.51162479123138,VIIRS,65,124.64,4.24,2.58
2003,1,1.5342232949252514,28.822788097925027,MODIS,98,85.77,4.23,2.65
2003,1,2.312592945465509,28.61365369493073,VIIRS,91,62.6,2.83,1.62
2003,1,1.981754815585151,28.48062708319932,MODIS,65,64.72,3.1,2.16
2003,1,1.4831004371925458,28.243933797541235,VIIRS,97,101.6,6.14,1.91
2003,1,1.6022775435014578,28.907893965318888,MODIS,90,103.82,3.95,2.28
2003,1,1.8992356345302324,28.408156582589786,MODIS,82,5.51,2.09,1.05
2003,1,2.4505334519261988,29.10765718559908,VIIRS,89,29.27,3.15,1.29
2003,1,2.1463820601799286,28.07469521074393,VIIRS,83,16.24,4.11,1.52
2003,1,1.223074676472057,28.415602055679855,VIIRS,69,65.59,5.75,4.4
2003,1,1.852379722324317,28.633682530198598,MODIS,90,94.6,2.55,0.92
2003,1,1.7289661382972743,28.56522129545707,VIIRS,71,79.83,2.58,0.64
2003,1,1.5923012422975333,28.661651031671752,VIIRS,72,100.03,3.36,1.8
2003,1,1.2067522077466712,28.534133500445687,MODIS,68,68.21,4.37,2.51
2003,1,2.462382773979637,28.144537829936212,VIIRS,88,99.98,2.15,0.92
2003,1,1.6624761391152634,28.54307664647531,MODIS,72,142.59,6.17,0.65
2003,1,1.8445764709436325,28.00787999801102,MODIS,80,134.1,3.3,1.8
2003,1,1.3924252890504027,28.394853401735677,MODIS,67,71.42,4.16,1.27
2003,2,2.4026702745798776,28.74625974208039,MODIS,88,140.89,4.55,3.45
2003,2,1.8751428971264037,28.471050920531454,MODIS,97,6.62,5.4,1.93
2003,2,2.2660741087161624,28.765056782981716,VIIRS,62,93.51,5.17,1.73
2003,2,1.203593960731592,28.341308246538993,MODIS,91,15.86,2.12,1.18
2003,2,2.125599479439243,28.349585548847426,MODIS,85,52.31,5.65,2.45
2003,2,2.4087349348062608,29.090921060339525,VIIRS,92,111.86,1.8,1.42
2003,2,1.362703310793795,28.41934792560943,MODIS,82,73.2,5.18,1.27
2003,2,1.5629357361178509,28.426624175391424,VIIRS,66,32.39,5.8,3.91
2003,2,1.9043258898642828,28.168657958165436,MODIS,86,55.75,3.45,0.85
2003,2,1.4434868653263857,28.440049415263438,MODIS,92,53.62,2.04,0.82
2003,2,2.043403573603104,28.531392416775237,MODIS,84,70.8,5.46,3.56
2003,2,2.449381918985983,28.644527394588454,MODIS,62,87.69,1.35,0.23
2003,2,2.2841734086609184,28.627481615691828,MODIS,66,115.67,3.24,2.03
2003,2,2.0330977656932654,29.178147134684504,VIIRS,98,66.56,2.87,2.12
2003,2,1.7903309802225174,29.124143274037607,VIIRS,84,141.74,6.0,3.63
2003,2,2.369105966868988,28.435944154596047,VIIRS,67,103.23,3.6,1.06
2003,2,2.3049691037017315,28.874626049123226,VIIRS,77,87.54,3.63,0.45
2003,2,2.182294519527911,28.475558063901502,MODIS,88,22.02,5.4,2.03
2003,2,1.2757347494115296,28.462060952380565,MODIS,86,87.05,2.65,0.58
2003,2,1.7777630869378096,28.997771551031878,MODIS,86,127.77,3.02,0.55
2003,2,1.4195712195481227,28.27822650485565,MODIS,82,18.65,6.17,3.64
2003,2,2.2871408964833475,28.947706326055023,VIIRS,62,144.17,3.41,2.71
2003,2,2.269906682339246,29.15379313115138,VIIRS,75,79.91,4.84,2.8
2003,2,1.2846201230775205,28.428150945015382,VIIRS,61,94.15,1.93,0.33
2003,2,1.6709488588605972,28.320467717740563,VIIRS,69,139.37,6.19,2.42
2003,2,1.3685827395001287,28.868944383028154,VIIRS,84,89.18,2.63,1.69
2003,2,2.463834066556016,28.748455475525553,MODIS,99,64.32,4.26,0.76
2003,2,1.934461884411379,29.13927603494349,VIIRS,99,78.01,1.72,0.33
2003,2,1.7303146473934268,28.358957408961878,VIIRS,91,143.31,1.06,0.24
2003,2,1.868410967774708,28.405856120297212,MODIS,73,102.23,4.85,1.13
2003,2,1.6283083065393464,28.240693288251073,MODIS,96,27.58,1.63,1.22
2003,2,2.099071959211747,28.127593268246873,VIIRS,79,124.65,5.8,3.61
2003,2,2.228682713337277,29.046919695044586,VIIRS,91,139.52,2.61,0.42
2003,2,2.2089871562007133,28.85563975384667,VIIRS,74,148.08,2.7,0.66
2003,2,1.081823606260305,28.2969551072969,VIIRS,75,98.93,4.0,1.73
2003,2,2.059361030902224,28.708997351168343,MODIS,86,55.04,2.54,0.8
2003,2,1.117542638873647,28.07167783050008,VIIRS,95,52.5,4.4,1.69
2003,2,2.2823135623681785,28.645741136302867,VIIRS,64,120.55,3.55,0.94
2003,2,2.0120233049150666,28.86033710034543,MODIS,95,30.23,2.86,0.67
2003,2,1.55070615682774,28.465150412394994,VIIRS,62,125.36,5.94,1.88
2003,2,1.8460685189904726,28.911826838485684,MODIS,89,66.81,6.04,1.81
2003,2,2.302688365103457,29.136597235593054,MODIS,84,19.02,1.07,0.28
2003,2,1.0493201804649679,28.892826390862663,VIIRS,92,124.05,1.34,0.5
2003,2,1.9633603397705024,28.164769203629653,VIIRS,65,141.84,4.74,0.6
2003,2,1.7095342047952076,28.446528359446283,VIIRS,94,10.97,4.08,1.83
2003,2,2.2161109399410885,28.03053655817054,VIIRS,99,41.46,5.5,0.76
2003,2,1.2412537228874654,28.219736778254703,VIIRS,86,109.88,1.68,0.68
2003,2,2.05005132718006,28.97031824535662,MODIS,99,13.2,1.95,0.45
2003,2,1.0853219111722323,28.578166647490868,MODIS,65,6.03,3.57,2.49
2003,2,2.0579007622987713,28.361496855499205,MODIS,70,13.69,4.39,3.38
2003,2,1.5098927310141073,28.532245389244657,VIIRS,78,129.7,2.25,0.85
2003,2,1.801802006602932,28.968567445656944,VIIRS,62,38.14,1.91,0.81
2003,2,1.4264110918425061,29.133855256571074,VIIRS,90,84.32,4.32,1.87
2003,2,2.226967102549728,28.603900752301584,VIIRS,67,103.91,5.23,1.9
2003,2,1.7476320834334778,28.30387135065914,MODIS,95,86.45,1.85,1.45
2003,2,2.4590678540819506,28.643062567029773,VIIRS,80,98.51,1.39,0.4
2003,2,1.9973960932134975,29.127628898424412,VIIRS,79,147.29,4.56,3.19
2003,2,2.345251262860126,28.138885376570872,MODIS,86,128.35,5.21,2.05
2003,2,1.6500979281195858,28.53904073713702,VIIRS,99,101.31,6.01,3.39
2003,2,1.671869497333222,28.800197886072915,MODIS,96,98.07,2.89,1.66
2003,2,1.2672488112737255,28.274632073056363,VIIRS,73,110.2,5.14,2.71
2003,2,2.185809565910627,28.31861894916517,VIIRS,94,146.47,3.03,1.81
2003,2,2.1769158653164364,28.36666540287263,MODIS,90,64.1,5.39,3.15
2003,2,1.0782128441123828,28.178801337709515,VIIRS,95,141.1,4.25,2.28
2003,2,1.5848580203549283,29.142480410332233,MODIS,71,139.22,1.13,0.73
2003,2,1.6020404615865487,28.111896521964876,VIIRS,75,149.06,6.11,4.14
2003,2,1.7933438618524071,28.03460735102793,MODIS,74,46.29,1.78,0.56
2003,2,1.6731971043838667,28.92308656263474,VIIRS,74,120.83,4.77,2.97
2003,2,1.1091750380267604,29.039751050670436,VIIRS,92,29.19,4.31,2.95
2003,2,1.9790820473993154,29.02518697773595,VIIRS,69,136.7,2.72,0.51
2003,2,2.0903180113972675,28.515994736936808,VIIRS,100,93.52,5.75,3.01
2003,2,1.4281910214044902,28.68779201656446,MODIS,80,10.62,5.22,4.16
2003,2,1.5927634870622296,28.373325397102484,VIIRS,93,62.63,1.51,0.6
2003,2,1.518974070000969,29.02150058384766,VIIRS,95,53.83,4.52,0.45
2003,2,1.3876058224905043,28.791385217042194,MODIS,67,129.06,3.4,2.58
2003,2,1.5534529444600544,28.57771191284493,VIIRS,90,131.91,5.25,3.7
2003,2,1.9511356164607172,28.33470269490446,VIIRS,77,69.69,2.06,0.49
2003,2,2.02765648980744,28.2625323342211,VIIRS,81,132.21,1.8,1.12
2003,2,2.4073804225187905,28.561497233742962,VIIRS,94,127.52,2.95,1.64
2003,2,2.184200657452726,28.904717744474155,MODIS,76,59.2,2.62,1.82
2003,2,1.1846813897576713,28.441106740017233,VIIRS,62,103.18,2.42,0.37
2003,2,1.3086129192034237,28.707848605943926,VIIRS,82,52.76,1.62,1.25
2003,2,2.1361444751657515,29.027100131377566,VIIRS,93,45.06,2.05,0.3
2003,2,1.4221967649710425,28.77696044432162,MODIS,62,102.5,1.01,0.24
2003,2,1.648371916420508,29.092445531537646,MODIS,64,117.82,1.41,1.02
2003,3,2.3452642343409407,28.36634151145915,MODIS,74,96.02,1.37,1.02
2003,3,1.2090964083748341,28.632976837517027,MODIS,76,56.48,4.27,3.22
2003,3,1.5531430313355103,28.82472436174002,VIIRS,89,46.14,4.48,0.65
2003,3,1.2623283245722536,28.082152103475917,VIIRS,83,86.88,4.09,2.89
2003,3,1.8907409624111924,28.22770277298275,VIIRS,67,103.07,5.66,0.7
2003,3,2.058460456786516,28.933564816858045,VIIRS,99,65.93,3.81,2.97
2003,3,1.8247947140905478,28.0060758734602,MODIS,71,96.17,6.0,4.47
2003,3,2.4524973438116886,28.051189136523856,MODIS,77,51.71,4.36,2.99
2003,3,1.5365187934435984,28.290818141213474,VIIRS,71,11.86,2.41,1.12
2003,3,2.3704049183713236,28.567583110561042,MODIS,88,114.17,4.86,1.52
2003,4,1.4296971261590057,28.51068109152923,VIIRS,84,145.99,3.8,2.52
2003,4,2.0921045623852503,28.35178669805781,VIIRS,88,131.73,5.18,1.24
2003,4,1.582113381213472,28.760359569555046,VIIRS,70,96.57,3.61,1.01
2003,4,2.247069297689513,28.494438501367625,VIIRS,81,149.73,4.14,2.28
2003,4,1.0168236080208184,28.87044950961353,VIIRS,64,82.04,1.11,0.17
2003,4,1.9757752843383407,28.110302592609195,MODIS,78,30.68,4.06,3.22
2003,4,1.2801127819684996,28.051914267082335,VIIRS,96,117.05,1.15,0.43
2003,4,1.106627429633923,28.099142496440578,MODIS,64,35.96,4.62,1.12
2003,4,1.1492173823193164,28.815233591163242,VIIRS,78,19.37,4.76,1.18
2003,4,1.3322022294205922,28.065181825979543,VIIRS,78,128.74,5.94,3.88
2003,4,1.4154886629656054,29.103909785003548,VIIRS,94,14.62,2.16,1.54
2003,4,2.1455090680649076,28.042745425838408,VIIRS,73,147.88,3.28,0.87
2003,4,1.949392291740739,28.136869352183,VIIRS,100,11.54,6.14,4.47
2003,4,1.3091916685399614,28.145173574461644,VIIRS,71,146.17,1.84,0.21
2003,4,1.1461996996216401,28.648846007103522,VIIRS,78,142.52,3.33,1.23
2003,4,2.4161005177744257,28.39405171513295,MODIS,76,96.28,3.5,1.37
2003,4,1.5990573483920842,29.091977922341115,MODIS,100,93.91,2.21,1.0
2003,5,2.1118267476074912,28.917789406868778,MODIS,94,84.43,5.62,3.76
2003,5,2.270540793168401,28.490974621155004,MODIS,84,101.04,5.04,0.77
2003,5,2.0853543355361777,29.110392479705077,MODIS,88,97.0,3.4,1.62
2003,5,2.1886354325798383,28.92396955397799,MODIS,79,88.98,1.67,0.49
2003,5,1.691338478038938,28.82102712579236,VIIRS,74,22.61,5.59,2.91
2003,5,1.8552015752264062,28.625673012225633,MODIS,62,82.78,1.19,0.8
2003,5,1.7418619525106243,28.513942886060768,VIIRS,85,69.04,2.99,0.64
2003,5,2.1602386949857806,28.00616840830426,VIIRS,88,47.1,2.96,0.62
2003,5,2.3966495622353907,28.414803102063928,VIIRS,66,99.89,3.18,0.33
2003,5,2.137768019079599,28.73843470172061,VIIRS,94,83.16,2.92,1.63
2003,5,1.1596323759135223,28.553216759323607,MODIS,91,146.74,5.83,0.82
2003,5,2.428357094078393,28.298819349192414,MODIS,88,10.63,1.75,1.19
2003,6,1.3702059534030797,28.018569842383307,MODIS,75,40.41,5.29,3.95
2003,6,1.4911841356945317,28.663461964038408,VIIRS,72,148.72,4.14,3.2
2003,6,1.7578912874687096,28.00380095454612,MODIS,85,68.87,1.77,0.96
2003,6,2.1443442650098703,28.1694883835502,VIIRS,61,113.52,4.15,2.65
2003,6,2.220358991961198,28.37540238456652,VIIRS,90,60.23,2.06,0.84
2003,6,2.284103981590561,28.044253724742816,MODIS,93,20.2,2.66,2.1
2003,6,2.1015945219517715,28.0160702188525,VIIRS,90,125.76,4.74,2.53
2003,6,1.8715051438390664,28.150067021185166,MODIS,70,149.5,5.02,2.39
2003,6,2.0104314216678127,28.19331108653841,VIIRS,84,77.99,6.08,1.91
2003,6,1.6453536432293923,28.660808174457806,VIIRS,90,18.04,1.31,0.75
2003,6,2.2458615805385667,28.88804346548904,MODIS,86,70.73,5.0,2.99
2003,6,1.0344909058400003,28.130508832870593,VIIRS,63,117.81,2.53,0.85
2003,6,1.7218700090032288,28.978465866308998,MODIS,88,41.69,5.38,3.12
2003,6,1.1593485599810112,28.43329965693315,MODIS,73,31.11,4.84,3.38
2003,6,2.059755796052989,28.905566868980713,VIIRS,73,18.96,1.18,0.59
2003,6,1.7002639130272854,28.298019831630647,VIIRS,96,19.78,4.7,1.22
2003,6,1.1281069473877472,28.615547755102323,MODIS,66,86.11,1.06,0.22
2003,6,1.2822198927456951,28.943072984868227,MODIS,68,13.72,2.71,1.61
2003,6,1.404544106096683,28.977224613521265,MODIS,89,16.61,5.69,2.7
2003,7,1.0469745971244349,28.745980539474694,VIIRS,96,127.92,2.78,0.37
2003,7,1.3715522123168198,28.737823154530787,VIIRS,61,126.38,1.87,1.14
2003,7,1.2184198772325783,28.187813351581397,MODIS,88,6.21,1.77,0.44
2003,7,2.482611505025731,28.67282102990654,VIIRS,94,37.76,4.78,2.4
2003,7,1.4472016566904673,28.926949439369686,MODIS,61,132.17,4.95,1.79
2003,7,1.8602745703833106,28.566248865896927,VIIRS,92,52.84,4.5,2.86
2003,7,2.118180447738238,29.086333620499815,VIIRS,96,26.43,2.17,0.82
2003,7,1.929931408905169,28.117206381791927,MODIS,76,110.8,6.15,0.74
2003,7,1.9627224233564018,28.82151304508934,MODIS,75,32.64,5.52,4.34
2003,7,1.0123581891468982,28.990120109124785,MODIS,89,136.26,2.08,1.41
2003,7,2.04649966822762,28.39200911620215,MODIS,100,80.27,2.89,0.86
2003,7,1.5809678652282302,28.22635898226367,VIIRS,74,58.07,2.71,1.66
2003,7,1.0446019225653596,28.15602954625582,VIIRS,81,47.22,4.14,2.72
2003,7,2.266966908913571,28.248117126387452,MODIS,66,71.34,2.77,0.35
2003,7,1.133404224492117,28.358460220149336,VIIRS,85,6.77,1.63,0.89
2003,8,1.526856947249931,28.433134969015295,VIIRS,91,113.76,1.29,0.77
2003,8,1.7567666109871372,28.95912490899743,MODIS,62,17.26,6.09,3.71
2003,8,1.0621751682611358,28.632249454492726,VIIRS,93,75.69,3.99,0.79
2003,8,1.591972082089868,28.198005037326674,VIIRS,69,94.03,4.67,3.44
2003,8,1.8356318293832201,29.11135122593859,MODIS,92,99.74,3.56,2.39
2003,8,1.069743200831876,28.199260686544722,VIIRS,66,122.36,2.48,0.95
2003,8,2.0048576893656147,28.665165879044597,MODIS,93,26.85,3.79,2.4
2003,8,2.3750406234705554,28.638421796469242,VIIRS,87,126.0,3.54,1.24
2003,9,2.487492842957388,28.810164236870033,MODIS,64,54.07,3.57,2.31
2003,9,2.364565425170435,28.580915586538477,MODIS,89,122.03,5.54,1.05
2003,9,1.8734198423964719,29.170351022767704,MODIS,75,78.92,2.74,1.17
2003,9,2.3026733038702876,29.13706987235392,VIIRS,92,149.28,5.34,1.36
2003,9,1.6960766355381456,28.277310852875118,VIIRS,85,135.31,2.91,1.22
2003,9,2.325924726581211,28.936309953882997,MODIS,81,89.84,2.67,0.92
2003,9,2.04857017065794,28.867609391935186,VIIRS,75,92.26,4.41,0.49
2003,9,1.218156450039894,28.4574436714387,VIIRS,67,101.49,3.62,2.67
2003,9,2.469941923883066,28.214361751027607,VIIRS,79,35.7,1.47,0.62
2003,9,2.1056237493705288,29.18697511333616,MODIS,100,112.06,5.42,2.08
2003,9,1.4279165001879317,28.744473295057787,VIIRS,90,9.96,3.33,0.75
2003,10,1.1871388648172931,28.987285331429014,VIIRS,86,6.17,3.02,0.52
2003,10,2.0246282732953036,28.316332067201305,MODIS,66,117.25,3.45,1.73
2003,10,2.0527983021710408,28.23536338640077,MODIS,89,116.58,6.24,2.22
2003,10,1.5949963481163598,28.686231342370018,VIIRS,79,21.47,6.2,4.12
2003,10,1.4325912595531707,29.149048852687812,VIIRS,98,125.32,4.01,1.3
2003,10,2.1964005832576685,28.509697264499014,MODIS,92,87.94,1.81,0.26
2003,10,1.3339499899894534,28.06490455555167,VIIRS,90,9.42,3.24,2.4
2003,10,1.8700575642682415,28.881041172175877,VIIRS,96,80.01,2.94,0.3
2003,10,1.4354866916208373,28.462091953314292,VIIRS,67,120.34,2.76,0.58
2003,10,1.4221864406082203,28.323279983182402,MODIS,99,5.54,1.58,0.3
2003,10,1.6143221013914004,28.61680946451333,MODIS,78,137.79,2.72,1.55
2003,11,1.0515126356424371,29.126491300566297,MODIS,69,80.15,5.0,2.25
2003,11,1.0252886741959117,28.013191566771656,MODIS,67,95.53,2.05,1.24
2003,11,1.9368325003381361,28.736922326507596,MODIS,94,65.39,5.4,0.66
2003,11,2.1087614225641556,28.963728132566185,VIIRS,80,56.01,3.6,0.49
2003,11,1.644935221977536,28.19187809378024,MODIS,95,59.74,5.03,2.93
2003,11,1.4492978605750082,28.932912067200448,MODIS,84,91.01,1.27,0.28
2003,12,1.1058366282890564,28.632290470579555,VIIRS,94,20.85,1.99,1.01
2003,12,1.3471064747405692,28.613614137718063,MODIS,63,31.96,3.25,1.46
2003,12,2.2781884019949032,28.64184541474248,VIIRS,74,95.91,3.44,1.14
2003,12,1.9780202405984784,29.179902412489266,VIIRS,73,28.33,3.83,3.03
2003,12,1.0851133331841922,28.269074187908085,VIIRS,95,55.61,1.68,0.93
2003,12,1.2569344860374239,28.473617175799514,VIIRS,93,14.92,2.32,0.84
2003,12,1.4806687246590584,28.043460847316645,VIIRS,100,145.76,4.12,0.43
2003,12,1.0520592772071726,28.573008407733962,VIIRS,91,91.02,3.13,1.6
2003,12,1.5648519015220965,28.303298698818136,VIIRS,75,76.88,2.51,0.8
2003,12,1.9696870668324533,28.893615464066283,VIIRS,79,124.04,2.35,1.16
2003,12,1.8042206012157183,28.926507359467767,MODIS,63,15.99,5.31,0.7
2003,12,2.0556879866569266,28.176680415852626,MODIS,76,97.76,5.65,2.7
2003,12,2.149935174001647,29.16385455138052,MODIS,72,109.99,2.51,0.36
2003,12,1.049850820830614,28.720526645526956,MODIS,70,22.37,5.75,1.96
2003,12,1.95820830152064,28.645754310162893,VIIRS,78,58.64,1.14,0.21
2003,12,2.2363678304767567,28.14202518941306,VIIRS,76,110.37,2.84,2.07
2003,12,2.201892624408782,28.702203909041824,VIIRS,95,21.78,3.54,1.95
2003,12,1.8062504588870887,29.157208795784143,MODIS,97,33.33,4.73,1.82
2003,12,1.3278887036037526,28.790139441778198,VIIRS,86,76.82,3.81,2.16
2003,12,2.174047541600523,28.356267280661395,VIIRS,68,31.79,3.48,1.73
2003,12,1.241710630529093,28.576843397161884,VIIRS,88,149.06,1.74,1.17
2003,12,1.4393791275453383,28.885471874347502,VIIRS,68,140.92,1.29,0.83
2003,12,2.2655258814520027,29.01796652225839,MODIS,63,81.8,5.2,1.59
2003,12,1.8123375205765475,28.892645701054622,MODIS,98,111.42,2.21,1.0
2003,12,1.2394635119849973,29.173726185936275,MODIS,97,145.15,2.91,1.28
2003,12,1.2234388525775273,28.234915492365978,VIIRS,99,148.6,4.77,2.4
2003,12,2.356092031279271,28.32920991796928,VIIRS,91,40.94,4.5,1.71
2003,12,1.5269231470521025,28.110448141650615,MODIS,93,66.77,1.47,0.45
2003,12,1.8569023358002679,28.51673198267828,MODIS,97,86.23,1.43,1.04
2003,12,2.3486011068518247,28.177314199715337,VIIRS,94,118.63,5.4,2.7
2003,12,2.3008772032926483,28.63229679827298,VIIRS,81,130.71,2.64,1.77
2003,12,1.1750518460771486,28.96548480863311,VIIRS,71,120.26,4.35,2.03
2003,12,2.4467864561367016,29.130351002526933,VIIRS,68,121.94,4.81,2.97
2003,12,2.417991907546993,28.66260960831553,VIIRS,81,74.24,3.98,2.02
2003,12,1.76848568922733,28.06351192508153,MODIS,85,126.57,4.01,2.37
2003,12,1.4446962883910068,29.14637117890485,VIIRS,76,21.71,3.31,2.5
2003,12,1.093748759026883,28.69238879402545,MODIS,66,114.23,4.58,1.92
2003,12,1.9324449089977918,28.756252793800215,MODIS,83,100.17,1.77,1.26
2003,12,1.3487208455940192,28.77005485293934,VIIRS,96,49.11,5.16,2.23
2003,12,1.862577599982898,28.55090899596795,VIIRS,96,131.42,1.39,0.39
2003,12,1.0164912184414487,28.97558133042931,MODIS,77,39.09,5.87,2.21
2003,12,1.322706986465918,28.6167051300879,MODIS,71,106.55,5.16,3.22
2003,12,2.1928430997755637,28.277507839162197,MODIS,100,28.4,5.74,1.42
2003,12,2.314501502529588,28.054187828980503,MODIS,78,145.44,4.25,0.47
2003,12,2.1758073801582722,28.65467083358955,VIIRS,73,121.74,4.17,3.0
2003,12,1.8262932322113947,28.24064050657361,MODIS,75,139.41,5.99,3.69
2003,12,2.236416835493644,29.114158324771605,VIIRS,66,37.78,1.83,1.12
2003,12,1.744079552231554,28.81486530026747,MODIS,86,92.69,3.21,1.21
2003,12,1.515735788848445,28.148754065217116,MODIS,78,64.94,3.78,1.52
2003,12,2.1288198965666263,28.727161313677836,VIIRS,62,16.83,4.12,3.0
2003,12,1.9066473311030294,28.508265775893513,MODIS,96,22.52,2.25,0.47
2003,12,2.2730302773657263,28.004403345730207,MODIS,85,26.34,5.52,4.3
2003,12,2.4785284439699,28.618378888296906,MODIS,81,113.77,5.92,2.78
2003,12,1.9301872950219008,28.386196524752304,MODIS,64,105.68,3.54,1.62
2003,12,1.932222343181595,28.426848800613328,VIIRS,76,59.58,4.71,3.69
2003,12,2.4226323412651602,28.06488703099537,VIIRS,76,128.58,4.63,2.29
2003,12,1.9773757921328246,28.32197311682523,MODIS,100,72.84,1.88,0.99
2003,12,2.2496995886676983,28.45935621973737,VIIRS,61,74.91,1.05,0.29
2003,12,1.8155209881265977,28.409122381190695,VIIRS,96,12.42,4.06,3.05
2003,12,1.799052392542527,28.42217324006073,VIIRS,92,109.19,2.17,0.78
2003,12,1.500756189693069,28.178690098062724,MODIS,69,147.26,3.63,1.51
2003,12,1.7497851710976222,28.453806352291952,MODIS,70,114.6,4.21,1.18
2003,12,1.1075379746420433,28.461774935446652,VIIRS,61,78.77,2.95,2.04
2003,12,2.3772224120953167,28.348735980068057,VIIRS,70,72.91,4.67,2.2
2003,12,1.5263808952464746,29.0222799010244,MODIS,82,142.68,5.61,2.25
2003,12,1.6010994277598691,28.730105399945554,MODIS,93,118.0,1.05,0.4
2003,12,1.845274741557132,28.664377331380045,VIIRS,76,25.22,1.73,1.2
2003,12,1.5851185731724118,28.404209438788815,VIIRS,91,41.44,4.96,3.33
2003,12,1.3338717552832802,28.323819895879467,VIIRS,97,50.77,3.53,1.08
2003,12,1.4784461711913321,28.304226739439795,MODIS,100,135.65,3.22,1.7
2003,12,1.9174933765326887,28.011504338358495,MODIS,91,27.14,3.14,1.46
2003,12,2.1333304019057744,28.315941025835784,MODIS,95,88.43,3.51,2.39
2003,12,1.3247421091936458,28.42289328957609,VIIRS,87,86.09,6.19,2.34
2003,12,2.315898442752415,28.131291727946643,MODIS,77,103.04,5.51,0.99
2003,12,1.4454337888541309,28.438621200728527,VIIRS,71,30.95,1.05,0.37
2003,12,1.0097735689975984,28.80455585852282,MODIS,98,32.44,5.64,3.25
2003,12,1.9342423432259637,28.0455434364007,VIIRS,83,146.61,5.43,0.55
2003,12,1.2654315838331156,28.263164443051096,VIIRS,95,74.5,6.05,2.33
2003,12,2.260578679871256,28.299901052001466,MODIS,86,89.52,4.12,1.67
2003,12,2.1272009646668604,28.636813924213655,VIIRS,86,46.36,4.47,1.74
2003,12,1.277237432605055,28.59639057840999,VIIRS,70,92.42,4.78,3.52
2003,12,1.8673309500824569,28.084749109628607,VIIRS,60,19.03,3.62,1.15
2003,12,1.8565805002232976,28.497370862366562,VIIRS,87,65.23,1.09,0.75
2003,12,2.0339951127692677,28.452731075089865,VIIRS,97,50.26,5.49,0.99
2003,12,2.443250775398411,28.926663248963823,MODIS,83,98.4,5.48,2.51
2004,1,1.076426589133329,28.323258670090716,VIIRS,76,65.95,2.89,2.2
2004,1,1.620914078286228,28.0231520940677,MODIS,82,80.21,4.93,0.96
2004,1,2.2831922821877892,28.708663816492233,VIIRS,72,94.63,2.74,0.84
2004,1,2.088793393323109,28.90218781551238,MODIS,92,70.36,4.86,2.7
2004,1,1.4962572045391858,28.06452717131963,MODIS,73,138.51,3.46,1.73
2004,1,2.4373241619839385,29.147302830778433,VIIRS,62,10.44,3.32,0.75
2004,1,1.849048636437351,28.347990345656704,MODIS,76,80.16,5.64,4.44
2004,1,1.7619185307043777,28.162565667216487,VIIRS,85,115.73,6.19,2.5
2004,1,2.0679527070439,28.611836565467602,VIIRS,65,82.27,3.59,1.08
2004,1,1.7375773362663933,28.451435584343034,VIIRS,100,127.34,2.09,1.63
2004,1,2.075647470339697,29.027780463657493,VIIRS,86,39.54,2.46,1.65
2004,1,1.938859215998931,28.3048654373495,VIIRS,68,81.8,1.23,0.75
2004,1,1.713062469517543,28.88645570300099,VIIRS,92,121.73,1.31,0.73
2004,1,1.3433347629202668,29.019034659744246,VIIRS,87,47.0,3.28,2.0
2004,1,1.335538849601281,28.48210543644547,VIIRS,97,80.21,4.43,3.12
2004,1,2.146319801998048,28.728963853027956,VIIRS,100,137.08,4.5,1.08
2004,1,1.67176094672765,29.160257208430085,MODIS,70,7.6,5.63,2.84
2004,1,1.3419695395128513,29.143504989401496,MODIS,76,16.73,2.96,1.24
2004,1,1.9445210132299584,28.014363896725683,VIIRS,98,58.79,3.69,0.37
2004,1,1.2849963497832622,29.134889492546318,VIIRS,63,14.71,1.9,0.31
2004,1,1.7188959040101794,28.44472073649259,VIIRS,70,149.53,1.84,0.32
2004,1,2.3884201767571223,28.674054614955537,MODIS,100,122.38,4.84,3.58
2004,1,2.1027090323853517,28.429651953473098,VIIRS,69,130.55,3.88,0.56
2004,1,1.725430786533474,28.408440947459358,VIIRS,81,41.92,3.88,2.11
2004,1,1.3469174324541704,28.377106826354378,MODIS,89,137.08,5.1,3.18
2004,1,1.0137007229992288,28.345075564708445,VIIRS,83,30.74,5.69,3.87
2004,1,2.0428272477362377,28.539033348593147,VIIRS,61,26.56,5.24,3.47
2004,1,2.24792378598193,28.52136540613759,VIIRS,84,33.97,2.71,0.75
2004,1,1.6788391191866023,28.237713016172393,MODIS,76,55.92,5.13,1.48
2004,1,1.405236762515128,28.86169676859117,MODIS,92,116.86,2.25,1.7
2004,1,1.9126445960590348,28.889710014448838,VIIRS,61,74.58,3.15,1.51
2004,1,1.0344115398283913,28.467570831326974,MODIS,81,113.17,3.76,0.98
2004,1,1.2859525924335458,28.82752026806198,MODIS,80,54.39,1.53,0.37
2004,1,1.376667537803432,28.90888090336454,VIIRS,77,138.89,6.01,3.0
2004,1,2.064208932449545,28.01599698818615,MODIS,77,137.7,3.0,1.45
2004,1,1.9939972081308714,28.02950650300789,MODIS,61,102.85,1.61,0.34
2004,1,2.427484737455172,29.09069369651622,VIIRS,64,77.76,1.98,0.41
2004,1,1.2496428494004819,28.178924440013226,VIIRS,92,13.09,2.41,0.83
2004,1,1.2793662538317934,28.00906871440838,MODIS,78,99.26,5.48,2.96
2004,1,1.7526531334408402,28.097843474346977,VIIRS,96,86.28,6.2,3.46
2004,1,1.307036287401579,28.445503224536335,VIIRS,62,14.91,1.2,0.31
2004,1,2.3739988901828957,28.679510462069512,VIIRS,83,58.51,3.84,2.01
2004,1,2.281994896428249,28.467351556711005,MODIS,80,51.95,2.69,0.86
2004,1,1.0243663513415335,28.455796642585923,VIIRS,64,89.05,3.02,0.91
2004,1,2.196927102607656,28.16538239399003,MODIS,78,130.04,1.86,1.1
2004,1,2.294784569469397,29.1508159722399,VIIRS,95,67.4,4.36,2.18
2004,1,1.4223090086872707,28.628165239583495,MODIS,85,31.57,3.92,1.0
2004,1,2.1134620109660545,28.84421437692183,MODIS,66,136.79,4.82,1.42
2004,1,1.1980000266339954,28.390666121662264,VIIRS,65,64.5,3.23,1.2
2004,1,1.0653551839101307,29.108657007982945,MODIS,66,82.4,1.45,0.54
2004,1,1.86754388834106,28.403395730498385,MODIS,92,76.39,3.97,1.11
2004,1,1.500305751112219,28.091624288860555,VIIRS,64,115.45,6.16,4.18
2004,1,2.3404572552027822,28.396025877918163,VIIRS,80,51.0,3.98,2.21
2004,1,2.266181289142735,28.014474599436255,MODIS,99,82.03,3.84,1.22
2004,1,1.222733644114343,28.361327096447422,VIIRS,89,5.84,5.89,3.46
2004,1,2.2434501340392936,28.680281922782296,VIIRS,75,5.84,5.24,2.96
2004,1,2.1911828779748364,29.031796257982457,VIIRS,62,39.63,2.78,1.19
2004,1,1.0581087006839736,28.62387598758753,MODIS,91,33.73,5.94,4.16
2004,1,1.109044929168502,28.700325259534893,VIIRS,89,33.77,1.38,0.52
2004,1,2.317056150765173,28.137841476657073,VIIRS,93,30.86,2.69,1.24
2004,1,1.4110619476857509,29.141803454868686,VIIRS,76,26.92,1.12,0.58
2004,1,2.4879705911517775,28.3027424409674,MODIS,67,9.14,1.66,0.34
2004,1,1.9396608750819873,28.46808212129975,MODIS,93,33.38,2.22,0.75
2004,1,1.2408366612722812,28.874137628716234,MODIS,92,135.85,5.44,4.23
2004,1,1.9951568921493703,28.258079805188657,MODIS,81,140.75,4.98,3.79
2004,1,2.122271537593754,28.89986156398025,MODIS,82,82.05,2.49,1.63
2004,1,2.1371344666595355,28.367621513112756,MODIS,77,126.01,1.23,0.95
2004,1,1.5318030771600244,28.399356242381806,VIIRS,99,51.08,3.81,2.02
2004,1,1.2842240160189837,29.012519275803847,VIIRS,79,53.16,3.57,2.85
2004,1,1.3000557122422332,28.871148434787276,VIIRS,80,149.53,4.3,3.01
2004,1,1.214631431667528,29.106136558996173,VIIRS,66,130.25,6.15,4.85
2004,1,2.460933822771741,28.881822759714176,MODIS,78,43.69,1.72,0.21
2004,1,2.4565250211208296,28.88725199862988,MODIS,61,127.31,4.89,3.72
2004,1,1.9443033195807597,28.789243266119943,VIIRS,83,100.42,2.14,1.51
2004,1,1.7228148039692277,28.07390652729409,MODIS,60,78.17,4.68,1.33
2004,1,2.3006006429985426,28.728404294764065,VIIRS,77,30.96,3.83,1.35
2004,1,2.1398814149208514,28.591978453274656,MODIS,63,7.27,2.72,1.64
2004,1,2.168981980008193,28.389506013236012,MODIS,65,102.78,4.18,2.99
2004,1,2.276774981032663,29.180935303493037,MODIS,65,106.44,3.93,2.73
2004,1,2.109863621817918,28.210965968362302,VIIRS,73,145.37,5.27,1.68
2004,2,2.2784780002940153,28.143564215444346,MODIS,60,74.81,4.11,2.99
2004,2,2.1031975455885465,28.499719721699066,MODIS,74,90.42,1.48,0.75
2004,2,1.8982777207162167,28.55537170960592,VIIRS,98,36.09,1.79,1.04
2004,2,1.0805612702097598,29.155189328010444,VIIRS,89,147.52,6.09,3.09
2004,2,1.7893986432574276,28.106884599795073,MODIS,70,138.1,5.87,2.64
2004,2,1.626451452116019,28.76037723277086,VIIRS,85,74.62,3.06,1.8
2004,2,1.251929679904236,28.230126709851724,MODIS,85,56.51,3.65,1.46
2004,2,1.4578555303474303,28.099681245112997,MODIS,83,74.66,1.04,0.32
2004,2,2.3020508098114947,28.34256878520169,VIIRS,69,142.69,5.69,2.18
2004,2,2.119691353222917,28.30494388514913,VIIRS,86,29.79,4.15,2.9
2004,2,1.4455953427977932,29.052706290726082,MODIS,75,8.27,2.3,1.25
2004,2,1.0870740490867656,28.957559011380887,VIIRS,73,65.77,4.24,2.24
2004,2,1.6441503565197064,28.418219386138585,VIIRS,71,68.5,2.77,0.93
2004,2,1.045254293411027,28.88597073476564,VIIRS,69,73.96,5.71,1.2
2004,2,1.8679294587940525,28.27584003461908,MODIS,75,17.77,1.74,0.89
2004,2,1.6260603895327639,28.90987272640554,MODIS,89,52.83,2.53,1.91
2004,2,1.2675424801770094,28.925705697542124,VIIRS,80,74.3,4.58,2.18
2004,2,2.2364359174529467,28.201857041415256,VIIRS,91,59.31,6.16,1.33
2004,2,1.891706867112796,28.928957991098358,MODIS,98,63.08,3.07,0.64
2004,2,1.1120129080573204,28.017182139250693,VIIRS,62,92.05,2.34,1.31
2004,2,1.2825317160838297,28.698435355342493,MODIS,86,43.06,3.15,1.03
2004,2,2.424051771179492,28.939455066932155,VIIRS,87,43.84,5.73,1.8
2004,2,1.3677282664197814,28.06868238049801,MODIS,77,106.4,3.83,1.38
2004,2,1.97644118061285,28.208891417563198,VIIRS,68,11.12,5.73,3.6
2004,2,1.1491836138169582,28.16037487209163,VIIRS,97,50.51,5.54,0.79
2004,2,2.3234079878689835,28.99904419387155,MODIS,75,114.33,5.81,1.96
2004,2,1.2191071424034723,29.019561284915874,MODIS,64,132.59,2.52,1.61
2004,2,1.5384345274531548,28.393105986665997,MODIS,74,34.77,5.32,4.18
2004,2,1.464758049362099,28.113091126026617,VIIRS,94,148.89,4.14,1.38
2004,2,1.79487470180813,28.882864582235307,MODIS,98,54.71,5.17,3.16
2004,2,2.102579679195809,28.408526625103985,VIIRS,79,44.94,5.89,1.53
2004,2,1.7472246215939502,29.088563639672152,VIIRS,78,31.91,1.14,0.81
2004,2,2.3896528207873127,28.020059303202014,MODIS,82,98.16,3.45,0.35
2004,2,1.6067036683525737,28.145698013418183,VIIRS,71,41.92,4.6,2.77
2004,2,1.6473862351252582,28.419863899289435,MODIS,75,77.87,3.77,1.71
2004,2,2.0699136102022706,28.40211312770599,VIIRS,85,98.49,4.19,1.1
2004,2,1.1050567265783573,28.292010963450753,MODIS,82,135.39,1.25,0.43
2004,2,2.253837606830661,28.016701612865038,MODIS,92,36.42,2.93,2.17
2004,2,2.49845003038372,29.03352110668714,VIIRS,99,76.9,3.17,2.38
2004,2,1.693570644197599,28.903024434425475,VIIRS,82,19.94,4.86,1.96
2004,2,2.3341736865769898,28.2524261027167,VIIRS,92,105.74,3.51,0.89
2004,2,1.3855637562724108,28.122378667844643,MODIS,71,141.47,1.61,0.47
2004,2,1.9021987143840238,28.186840118861447,VIIRS,91,97.01,4.55,3.03
2004,2,2.4351789517363525,28.556723222427646,VIIRS,73,24.69,3.31,1.15
2004,2,2.4068752555124426,28.463551561441808,MODIS,93,17.49,1.07,0.39
2004,2,1.3224324888335082,28.92565280198123,MODIS,71,87.79,4.94,3.63
2004,2,1.0215546028913323,28.826056825203203,MODIS,95,133.61,4.46,3.03
2004,2,1.1327341128472563,29.06365705813412,MODIS,76,128.94,5.77,3.06
2004,2,2.123884689734192,28.51215286832672,MODIS,60,91.4,4.19,3.02
2004,2,2.4311024245748287,29.08387107062922,VIIRS,73,98.83,3.25,2.5
2004,2,2.0693889765804006,28.889881382438823,VIIRS,80,132.76,5.13,3.68
2004,2,1.5464098445979853,28.246711422862376,VIIRS,86,107.8,6.07,2.03
2004,2,1.4953644557998758,28.354012763122885,VIIRS,88,11.56,1.87,0.73
2004,2,2.2256257715458565,29.08399848903311,MODIS,71,131.75,3.72,1.47
2004,2,1.3718358554990564,28.632446352739034,VIIRS,85,90.48,5.98,1.7
2004,2,1.5429635038216407,28.91494596983759,MODIS,77,134.85,2.42,1.46
2004,2,1.0820597238792,28.38812695427533,VIIRS,78,65.81,2.61,1.18
2004,2,1.7454598233494303,28.980438121914762,MODIS,65,137.24,1.45,0.27
2004,2,2.2271184113110367,29.1996713793597,MODIS,64,105.33,1.21,0.37
2004,2,1.6521584810576617,28.488878825989552,MODIS,84,82.41,3.03,1.28
2004,2,1.1951390103380022,28.700513897957176,MODIS,90,145.24,5.68,1.49
2004,2,1.7097099490850873,28.953725942935275,MODIS,95,67.67,3.43,1.87
2004,2,1.4856075861592068,28.243279015892373,VIIRS,78,148.9,3.38,1.66
2004,2,1.862158622169097,28.21891384183965,VIIRS,87,68.92,2.81,0.52
2004,2,2.411952515354771,28.138690557279233,MODIS,71,145.43,4.99,3.4
2004,2,1.9655371927472174,28.113292021210384,VIIRS,98,38.04,2.49,1.74
2004,2,1.2207281704953903,28.534244055669948,MODIS,64,122.12,1.72,0.83
2004,2,1.7712090525459416,28.97040204924963,MODIS,76,102.23,3.48,1.12
2004,2,2.4230625759214854,28.563882294057297,VIIRS,69,84.69,3.11,1.66
2004,2,2.106084042704976,28.840543142870068,MODIS,69,57.22,2.82,1.79
2004,2,1.487527277494773,29.026598964039387,VIIRS,67,18.06,4.08,3.08
2004,2,2.1243218773033883,28.409190343402877,VIIRS,70,87.67,1.23,0.21
2004,2,1.3206087112923262,28.880503282983867,VIIRS,98,138.78,4.95,2.02
2004,2,1.4869720609548076,28.187157722704537,MODIS,83,78.44,3.41,2.63
2004,2,2.4814112466385905,28.485510709221927,VIIRS,78,136.89,2.67,0.33
2004,2,2.062433927198792,28.410154611814153,VIIRS,92,17.14,5.91,3.4
2004,2,2.4102745392574487,28.296038854149632,MODIS,68,109.27,3.29,0.8
2004,2,1.4339367673615129,28.992830575597527,VIIRS,94,54.87,5.89,1.16
2004,2,1.4739776940968263,29.142614576872308,VIIRS,63,59.49,2.29,1.17
2004,2,2.4897684708314616,29.184646361999494,MODIS,64,55.88,5.64,1.4
2004,3,2.14387152103886,29.1040555492996,VIIRS,61,54.02,5.16,3.15
2004,3,1.9346719006056723,28.247184213593076,MODIS,87,140.72,2.33,1.46
2004,3,1.3221415750067425,28.36499526069877,VIIRS,95,115.72,5.73,3.18
2004,3,2.4292861499439415,28.138670162135988,VIIRS,87,9.22,4.32,1.09
2004,3,1.5098999744941037,28.110480017218308,MODIS,73,34.17,4.97,2.43
2004,3,1.5217283186562736,28.69442530902765,MODIS,88,138.29,2.7,0.42
2004,3,1.9405641249445842,28.4439560343606,MODIS,90,133.68,2.64,1.42
2004,3,1.435909574584613,29.12444228933981,MODIS,69,92.07,2.8,0.32
2004,3,1.513888774241047,28.390489589182845,VIIRS,88,92.9,2.87,0.51
2004,3,1.3908021307325762,28.428142871986573,VIIRS,79,71.34,4.94,2.27
2004,3,2.019153253975488,29.19083520558757,MODIS,94,84.17,1.32,0.42
2004,3,2.3865199352108757,28.94836375554773,MODIS,80,136.02,2.47,1.34
2004,3,1.0784121441107921,29.189763626787858,VIIRS,74,38.64,5.8,2.81
2004,3,1.4860112554920057,29.08291629307915,MODIS,72,85.51,2.84,1.25
2004,4,2.2319675161226247,28.30456371013665,VIIRS,63,40.55,5.43,3.02
2004,4,2.3636680639174523,29.148031262943487,VIIRS,91,5.1,5.21,3.9
2004,4,1.0924336493318259,28.321839454254725,VIIRS,78,109.64,4.55,3.42
2004,4,1.4630008147801972,28.9121511373679,MODIS,65,100.39,3.93,1.89
2004,4,1.094890803360499,29.09589191355355,MODIS,80,84.16,1.89,1.2
2004,4,2.259522508746902,29.15817026442116,VIIRS,93,94.17,2.96,0.76
2004,4,2.1975501951311083,28.2283418658926,MODIS,70,26.59,1.87,0.97
2004,4,2.2980023333543143,28.166670242201906,VIIRS,93,116.04,5.17,2.15
2004,4,1.6694491376305396,28.829690540903655,VIIRS,72,81.28,3.71,1.68
2004,4,2.4538398363768543,28.864358902931325,MODIS,62,8.48,4.43,2.88
2004,4,2.1783896924966193,29.034740398264596,MODIS,78,30.35,2.48,0.44
2004,4,1.558134616082841,28.27837632076956,MODIS,94,35.4,5.72,2.4
2004,5,1.5628107228852322,29.04235584873194,MODIS,76,59.41,1.76,1.28
2004,5,1.6816662800271804,28.57102935858626,VIIRS,85,53.82,3.82,0.49
2004,5,2.035144845635965,28.80096381197901,MODIS,81,23.76,4.78,1.15
2004,5,2.4115085572840558,28.39698016672492,VIIRS,62,98.72,4.46,0.68
2004,5,1.4000095989841337,28.84387305732199,MODIS,87,84.2,4.3,2.64
2004,5,2.289566652591649,29.119650207041396,MODIS,80,63.76,4.99,1.03
2004,5,1.4746025246993222,28.61885330684552,VIIRS,100,70.27,1.47,0.61
2004,5,1.4005177609821078,29.045701854021377,MODIS,100,141.37,1.66,0.53
2004,5,1.471218611101641,28.185583602353194,VIIRS,90,71.58,4.24,0.75
2004,5,1.1066617259498324,28.810619897766667,MODIS,74,146.13,5.59,3.4
2004,5,1.8806020685205842,28.10007882340331,MODIS,67,7.3,2.38,0.67
2004,5,1.1838216074683379,28.334376186855735,VIIRS,96,32.03,1.13,0.5
2004,5,1.8123541639729055,28.960867573704974,MODIS,85,135.33,2.26,0.85
2004,5,1.0602411940292122,28.99675437927277,VIIRS,85,109.51,5.73,2.65
2004,5,1.2793503225691987,28.765413805409516,VIIRS,93,149.23,5.7,2.94
2004,5,1.2717062068278036,28.64407395255172,VIIRS,81,46.51,3.77,2.46
2004,5,2.1857481861533223,29.06670432751576,MODIS,99,9.61,3.57,0.57
2004,5,2.0061602302737334,29.134805890420534,VIIRS,73,70.34,2.42,1.33
2004,5,1.969414373752375,28.746873564188512,VIIRS,62,13.03,1.4,0.31
2004,5,2.297714616225218,28.571797439966158,VIIRS,70,79.66,4.74,0.72
2004,6,2.0396156884843135,28.28572102847146,MODIS,67,12.39,1.09,0.12
2004,6,1.256131186303712,29.109090267091517,VIIRS,60,90.14,4.86,1.21
2004,6,2.3474703070434075,28.716317504386552,MODIS,87,136.61,4.81,2.13
2004,6,2.073132726199107,29.109953586812956,VIIRS,71,107.4,3.71,0.58
2004,6,1.5399843644961027,29.037773936190362,MODIS,69,57.07,1.09,0.65
2004,6,2.196047674086376,28.379252442541446,MODIS,61,53.65,5.18,1.24
2004,6,1.993322881958071,29.135225118806332,VIIRS,72,72.51,4.49,2.79
2004,7,1.5411710980901745,28.42938949171069,MODIS,71,12.78,4.53,0.6
2004,7,1.5711813816871136,28.76289141353392,MODIS,70,27.86,1.64,0.76
2004,7,1.802018393783165,28.242912812614087,VIIRS,98,83.15,1.31,0.51
2004,7,1.5607886404277198,28.11002282006716,MODIS,64,68.94,6.17,4.44
2004,7,1.5026089340217152,28.082411135803824,VIIRS,99,58.87,5.92,4.01
2004,7,2.4616916979121894,29.09996371916695,VIIRS,61,76.25,1.85,0.29
2004,7,2.0661294959850727,28.28392169754662,MODIS,71,81.33,1.09,0.34
2004,7,1.6934026606884376,29.05639471125094,VIIRS,73,101.74,2.08,1.23
2004,8,1.9438908794219856,28.824550027660674,VIIRS,98,53.15,2.61,1.81
2004,8,2.4519222762786166,29.093199794901267,VIIRS,85,19.29,1.54,0.97
2004,8,1.1454059179999443,29.10209757844591,VIIRS,83,26.62,3.78,2.11
2004,8,1.187035324966741,28.769849691289682,MODIS,61,32.3,5.91,1.45
2004,8,1.9912660819248142,28.522517901921443,MODIS,81,86.96,3.49,2.67
2004,8,1.1485792671130954,28.512700954020808,MODIS,60,53.06,1.88,1.06
2004,8,1.1893221574743627,28.92110277887183,MODIS,61,139.76,4.02,1.66
2004,8,1.0808589113224238,28.31924737345266,MODIS,80,42.74,1.08,0.29
2004,8,1.1983504017448663,28.339735513668906,MODIS,78,74.86,4.67,3.65
2004,8,1.6112061646554385,29.013592210227902,MODIS,81,117.1,4.8,1.66
2004,8,2.1572433762924135,29.15850738382434,MODIS,84,15.57,4.23,1.92
2004,8,1.4823110690699892,29.039322640827947,MODIS,95,53.03,5.07,1.09
2004,8,1.2527401890148364,28.499034849796136,MODIS,92,118.62,1.62,1.21
2004,8,1.9853930654498835,28.328871651275495,MODIS,99,23.06,1.61,0.89
2004,8,1.4106606683230005,29.068541432056858,VIIRS,89,147.26,1.98,1.26
2004,8,2.242054139267943,28.295618182923818,VIIRS,63,36.63,3.27,1.61
2004,8,1.6531499548635569,28.275405867825434,MODIS,89,101.44,5.25,3.2
2004,9,1.5808291126387888,28.184762151480086,VIIRS,78,61.87,1.07,0.61
2004,9,1.1610330505917046,28.39603887625243,VIIRS,92,121.67,1.54,0.53
2004,9,1.9196797484620471,28.904957598121705,MODIS,62,99.63,2.65,1.82
2004,9,2.3463214304619546,28.173299131696762,VIIRS,89,128.32,2.59,0.55
2004,9,1.9649479062508863,28.30078554466582,MODIS,98,76.75,2.68,1.59
2004,9,2.138187507904763,28.58964605735845,VIIRS,68,42.77,4.24,2.44
2004,9,1.4282803972521088,29.096718055588028,MODIS,100,11.91,5.98,1.54
2004,9,1.5709050109135823,28.795526838244808,MODIS,60,58.0,3.65,1.53
2004,9,2.1107805262771757,28.918928681751733,VIIRS,60,97.43,3.84,2.57
2004,9,1.8246213828140416,29.083938328743205,VIIRS,82,108.61,5.79,3.48
2004,9,1.3474347416217263,28.928428810627608,VIIRS,85,96.96,3.48,2.27
2004,10,1.1540996606859568,29.1742527150769,MODIS,87,12.33,1.82,0.27
2004,10,2.386911929231421,28.877932701787874,MODIS,91,104.61,2.91,2.02
2004,10,2.2743500877359133,28.444626790174404,MODIS,69,41.52,2.6,1.75
2004,10,1.2307032109760625,28.489342249810967,MODIS,99,67.26,4.58,1.1
2004,10,1.6210354256890631,29.03072456946351,MODIS,68,60.86,6.08,3.46
2004,10,1.3541353145370514,28.677574396560647,VIIRS,62,96.75,2.44,0.68
2004,10,1.0481909765956239,29.096164207261147,VIIRS,62,109.17,5.69,3.93
2004,10,1.7842231029895528,28.79545880362281,MODIS,69,32.33,5.51,4.01
2004,10,1.7575444274369871,28.634793249610848,VIIRS,89,129.01,3.9,2.18
2004,10,1.0412959033638627,28.507929774561067,MODIS,82,92.86,3.01,1.87
2004,11,2.2330325494516083,28.64699618128911,VIIRS,93,147.67,4.52,3.35
2004,11,1.0041720434141668,29.05628235716975,VIIRS,67,61.6,6.18,0.75
2004,11,1.491154269696028,28.904828823467138,MODIS,64,148.04,3.3,0.84
2004,11,1.2680684318036848,28.1969778670406,MODIS,64,135.34,3.49,0.55
2004,11,1.4174636112091745,28.65801958574742,VIIRS,96,6.23,4.91,3.64
2004,11,2.457542853265301,28.09660595866014,VIIRS,77,65.43,3.18,0.66
2004,11,1.4449628758735096,28.79110326980179,MODIS,71,11.87,3.17,1.27
2004,11,2.3507510079476983,28.449934035511703,VIIRS,90,30.64,5.95,3.96
2004,11,2.112683689354432,28.528770885015206,VIIRS,61,135.25,2.87,2.29
2004,11,1.6521630272712393,28.412517659418302,MODIS,81,23.59,5.54,1.08
2004,11,2.2031867769493028,28.997334689879104,MODIS,81,54.72,5.23,3.7
2004,11,1.1471483395534499,28.44890022863208,MODIS,99,6.0,6.19,2.99
2004,11,1.2462294705556232,28.836612912074624,MODIS,96,127.22,2.16,1.34
2004,12,2.107368250904444,29.002925246834614,VIIRS,72,16.11,3.74,2.04
2004,12,1.1180485526043156,29.173568111788782,VIIRS,99,111.17,1.77,0.74
2004,12,2.316666878052778,28.507136948818953,MODIS,76,94.95,3.48,1.03
2004,12,1.985280104005501,28.602101819628906,MODIS,92,115.94,2.41,0.89
2004,12,1.380743849531539,28.978462704744235,VIIRS,72,59.46,4.85,2.14
2004,12,2.269685652218893,28.180293111632402,VIIRS,96,54.96,4.05,2.22
2004,12,2.263065381748483,29.104274798510858,VIIRS,77,125.17,3.75,2.07
2004,12,1.477598470382537,28.4974371553255,MODIS,94,86.72,4.06,1.36
2004,12,2.4540138379852126,28.417098278213373,VIIRS,64,147.89,5.06,3.97
2004,12,1.9486357476288538,28.57485697154255,VIIRS,64,121.23,3.63,2.63
2004,12,1.217679571740407,28.30612699784271,MODIS,96,66.91,3.92,0.55
2004,12,2.0588208714484724,28.268066247449575,MODIS,63,120.99,3.06,0.54
2004,12,2.166388862133783,28.666723077589005,MODIS,81,89.06,1.47,1.17
2004,12,1.5292465410636251,28.443318377490105,VIIRS,79,127.89,2.16,0.24
2004,12,1.7973689998570186,28.58111935755695,VIIRS,89,86.58,4.7,1.0
2004,12,1.5319038293071658,28.732350569959227,MODIS,65,144.25,2.0,0.99
2004,12,1.4250707944789918,28.934999826162514,VIIRS,88,121.54,2.37,0.3
2004,12,2.4608849224196776,28.808824371673825,VIIRS,68,31.32,6.0,4.03
2004,12,1.090685972998107,28.07499111103336,MODIS,76,139.83,2.35,1.46
2004,12,2.1131116930008744,29.09488872992841,MODIS,83,63.92,1.36,0.25
2004,12,2.380571061055494,29.044304014820227,MODIS,97,126.37,3.54,0.44
2004,12,1.0667258766507286,28.856192647074412,VIIRS,62,92.98,3.44,2.54
2004,12,1.0552809239761745,28.484744312889074,MODIS,92,34.97,4.99,1.53
2004,12,1.7867206313019481,28.10641394819785,MODIS,65,6.9,3.73,2.11
2004,12,1.8722472878720868,28.50232663435847,VIIRS,65,108.52,3.9,3.05
2004,12,2.2974879353831303,28.91887177291749,MODIS,89,149.31,6.17,3.53
2004,12,1.7455196345909707,28.44142714658112,VIIRS,100,112.09,2.26,0.24
2004,12,1.5799978806720891,28.365811149870076,VIIRS,81,128.3,1.25,0.4
2004,12,1.0732154635463595,28.601239353528754,MODIS,72,57.75,5.94,2.53
2004,12,1.990483693075402,28.913917240363375,MODIS,72,92.77,3.01,0.61
2004,12,2.052698916607396,29.165245927269247,MODIS,83,107.17,1.71,0.27
2004,12,2.0027842953456947,28.626744948668712,MODIS,65,120.3,5.05,3.4
2004,12,1.3116963879259491,28.55388814957855,MODIS,93,38.07,5.48,2.84
2004,12,2.468834063116984,28.789799002386555,VIIRS,68,103.01,6.05,3.61
2004,12,2.01125906821356,29.066871383675785,MODIS,65,56.36,3.1,1.27
2004,12,1.627963146597579,28.99183950302714,VIIRS,74,128.04,1.66,0.98
2004,12,1.0065787335818794,28.1132803339076,VIIRS,93,45.43,3.25,1.27
2004,12,1.0855701285228423,28.49477070958329,VIIRS,90,135.5,4.98,2.47
2004,12,1.4239603405476096,28.986167307401992,MODIS,84,15.93,5.98,2.6
2004,12,1.206385884717926,28.137480713099965,MODIS,75,77.68,2.02,1.33
2004,12,1.6281483527838814,28.601589649679088,VIIRS,85,132.85,2.41,1.44
2004,12,2.4454076909190263,28.483613289565604,VIIRS,68,115.07,2.11,1.61
2004,12,2.29755146779761,28.791541792307836,MODIS,75,126.58,4.95,2.48
2004,12,1.8213901439508482,28.728211752032895,MODIS,96,124.03,5.94,1.19
2004,12,1.1158851582171805,28.51753796815723,MODIS,68,79.5,4.26,0.57
2005,1,1.2440193292822759,28.696952265909204,MODIS,62,114.71,3.27,1.48
2005,1,1.2043775805401293,29.073430962454246,MODIS,96,52.67,3.79,1.99
2005,1,2.2181032245410015,28.154791238444016,VIIRS,91,75.79,2.75,0.72
2005,1,1.778415953160811,28.52569271463977,VIIRS,94,149.92,1.26,0.21
2005,1,1.7408921913961244,28.713774643210062,MODIS,70,70.25,5.27,0.85
2005,1,1.2817220936062588,28.76035766563078,VIIRS,63,135.5,2.5,0.45
2005,1,2.479830332899267,28.003512827269535,VIIRS,78,28.4,5.81,4.18
2005,1,2.323278811851801,28.55684113229072,MODIS,74,82.14,4.76,1.6
2005,1,2.011181377926956,28.48029902985371,MODIS,98,27.34,3.54,2.39
2005,1,1.2271493231555717,28.009776541010925,MODIS,90,134.35,5.91,1.41
2005,1,2.219828225253878,28.025042194203003,VIIRS,93,19.01,3.25,0.43
2005,1,1.3350518085390553,29.021359861999507,VIIRS,74,69.28,5.22,2.74
2005,1,2.426946671233977,28.03711515945827,MODIS,69,70.42,3.95,1.67
2005,1,2.4959070400106613,28.707145149103436,MODIS,90,70.81,3.0,0.86
2005,1,1.5049241921028376,28.458330219335892,VIIRS,96,78.79,1.43,0.3
2005,1,2.3632771605941336,28.19886416404326,MODIS,91,107.11,3.57,0.51
2005,1,1.8535246150545603,28.936623116680142,MODIS,82,46.05,2.53,1.91
2005,1,1.9633072134372096,29.060851507749145,MODIS,77,119.93,5.72,0.83
2005,1,1.0340413903739627,28.368865627954733,MODIS,66,101.29,2.96,0.59
2005,1,2.402280723466352,29.167976834666387,MODIS,96,123.45,5.65,4.26
2005,1,2.2360564920899355,28.095175173156086,MODIS,95,123.4,5.66,2.99
2005,1,1.0629925317576,28.579861969493507,VIIRS,69,79.24,3.99,2.49
2005,1,1.760220258986999,28.635339185845062,VIIRS,100,64.48,3.83,0.53
2005,1,1.3166241901745863,28.312589524816794,MODIS,96,102.8,4.41,2.27
2005,1,1.4497580076164949,28.720026755541095,VIIRS,83,145.66,1.69,0.22
2005,1,1.052197064257716,28.74498635680969,MODIS,74,14.11,1.5,0.83
2005,1,1.5319200223419929,28.287041554655396,MODIS,99,125.12,2.25,0.8
2005,1,1.3214988374322323,28.641496227056578,VIIRS,69,132.07,5.45,0.66
2005,1,1.314360878591669,28.55876946282732,MODIS,75,79.09,6.2,4.96
2005,1,1.3814261268637154,28.180297133601336,VIIRS,75,39.53,1.39,0.59
2005,1,1.6036217980644836,28.844617997609557,MODIS,62,11.12,4.18,1.21
2005,1,1.8372375381568127,28.20802350701563,MODIS,86,138.46,4.2,2.24
2005,1,1.6953064720366922,28.399257200631663,MODIS,93,83.63,3.62,0.97
2005,1,1.2185260750256064,28.158153340851296,MODIS,100,100.71,4.37,0.56
2005,1,1.4496992686814116,28.269444249523083,MODIS,91,147.52,5.59,2.09
2005,1,2.3500149163606974,28.942153017099983,VIIRS,80,5.84,5.41,1.99
2005,1,1.3808381470518416,29.03741364246237,VIIRS,82,25.38,5.21,2.68
2005,1,1.8597509184429566,28.565168960318566,MODIS,73,17.04,3.64,1.91
2005,1,2.432306376701777,28.62764907435678,VIIRS,98,62.72,4.14,1.04
2005,1,1.1165692605069744,28.327778201071283,VIIRS,60,23.54,5.83,1.98
2005,1,1.7831628255943723,28.988729825860624,MODIS,79,53.46,2.63,1.55
2005,1,1.2148589722545262,28.10383313584992,VIIRS,65,67.06,3.41,1.7
2005,1,2.024887846316032,28.01284276746307,MODIS,96,25.93,3.81,2.91
2005,1,1.8554123290070141,29.11731597790664,VIIRS,80,100.03,2.13,0.5
2005,1,1.2314049917113863,29.10716177489383,MODIS,97,73.81,6.17,0.84
2005,1,1.5419172528996108,28.394997449597852,MODIS,67,56.17,3.49,2.43
2005,1,1.8741977674610906,28.440770414012082,MODIS,66,85.92,2.7,0.4
2005,1,1.0063493195540536,28.23221487324501,MODIS,99,88.03,3.45,1.46
2005,1,1.9195096038275268,28.796205664671525,MODIS,84,65.5,5.56,2.44
2005,1,1.2667763844502273,28.765536632844746,VIIRS,73,124.11,5.55,0.87
2005,1,1.0538614994740767,28.337969213785836,MODIS,68,49.82,5.17,3.85
2005,1,2.4168951544067663,29.02611756393579,MODIS,71,129.7,4.73,2.69
2005,1,2.039346782965485,28.87586121610564,VIIRS,67,17.73,5.67,0.78
2005,1,1.3273820011224653,28.01754971682669,MODIS,74,60.17,1.93,1.29
2005,1,1.9681517602138996,28.206160979726945,VIIRS,94,44.57,2.99,0.76
2005,2,1.1036813992482735,29.01910309797411,VIIRS,79,25.95,5.8,2.11
2005,2,1.2691961575758253,28.45150516621806,VIIRS,93,46.52,6.09,4.41
2005,2,1.5176752991030107,28.63360148688048,VIIRS,87,75.4,5.55,1.44
2005,2,2.330959745466093,28.1851710464248,VIIRS,75,76.49,3.98,2.96
2005,2,2.2340457780167204,28.887351631650542,MODIS,62,103.72,6.24,4.67
2005,2,2.3885618871641885,28.65212995399587,VIIRS,73,120.52,1.16,0.66
2005,2,1.398550148980108,28.35637628750846,VIIRS,83,142.01,3.32,0.59
2005,2,2.1834104855485594,29.03367571383309,VIIRS,76,51.01,4.62,1.47
2005,2,1.9467470374194906,28.10439093081716,VIIRS,73,93.7,5.67,1.89
2005,2,2.4073339390648334,28.897787613150737,VIIRS,63,45.79,1.87,0.26
2005,2,1.1210311692916093,28.065421547195964,MODIS,72,33.1,5.79,4.32
2005,2,2.3083594054092553,28.992798655946665,VIIRS,70,39.32,5.68,1.47
2005,2,1.0403069193835481,29.150807749426736,MODIS,82,62.92,4.53,3.4
2005,2,1.4173987449685985,28.25027569435305,VIIRS,69,132.16,1.05,0.27
2005,2,1.3501511427197617,29.029289505286798,MODIS,99,64.01,4.43,2.8
2005,2,1.547369213532184,28.792414168130247,MODIS,83,58.67,4.22,1.69
2005,2,2.237874759835603,28.47435744770232,MODIS,92,126.11,4.44,1.94
2005,2,2.4324404689301526,28.677621511636463,VIIRS,71,87.31,4.52,0.67
2005,2,1.205619908883738,28.446971353869824,VIIRS,60,99.56,5.19,0.83
2005,2,2.476990172657361,28.507773156786833,MODIS,89,141.42,5.58,3.66
2005,2,1.4957848986570084,28.08934337213632,VIIRS,77,147.82,1.62,1.18
2005,2,2.4570382840094185,28.67400503759659,VIIRS,93,77.27,1.33,0.57
2005,2,2.397684371494202,28.262730761977743,VIIRS,89,144.65,5.26,3.24
2005,2,1.3274081416767853,28.40754342517859,VIIRS,92,88.91,1.29,0.79
2005,2,1.231405642945392,29.000104266202555,MODIS,92,144.28,1.02,0.59
2005,2,1.2997588758796743,28.36477022435187,MODIS,72,97.71,5.27,3.09
2005,2,1.4307072870659696,28.206884952907757,VIIRS,85,76.88,2.52,1.71
2005,2,2.0270402277475323,28.196494904822014,MODIS,81,134.19,2.57,1.57
2005,2,1.1937426476970514,28.539074336071504,VIIRS,72,100.96,4.52,2.5
2005,2,2.0295084373517502,28.413076789629375,VIIRS,69,24.12,1.47,0.77
2005,2,1.0452383796178406,28.866247870359004,MODIS,100,115.51,2.47,1.78
2005,2,1.80272880998776,28.803464460887934,MODIS,64,20.44,6.19,3.95
2005,2,2.140064713935672,28.149109046050814,VIIRS,90,140.24,1.93,1.52
2005,2,1.0535995315280546,28.941191011786533,VIIRS,88,71.91,3.04,1.84
2005,2,1.5225799391128334,28.396994333249378,MODIS,96,42.75,3.34,0.96
2005,2,1.2970549233119628,28.902692933367284,VIIRS,85,70.52,5.71,4.0
2005,2,1.8727224423191327,28.144781712443738,VIIRS,61,11.69,4.75,3.29
2005,2,1.4278615917414428,28.583904528448823,MODIS,75,134.59,3.65,0.79
2005,2,1.911104135985726,28.453802276513535,VIIRS,84,27.7,5.56,1.89
2005,2,1.813102437350085,28.80622823609378,VIIRS,83,27.48,3.45,0.45
2005,2,1.5314724578345014,28.63643927287869,VIIRS,80,124.5,4.37,1.16
2005,2,1.0840988199932944,28.84818272583985,MODIS,91,145.14,4.02,1.2
2005,2,2.4945428502065172,28.00912852385622,MODIS,90,52.2,5.42,2.35
2005,2,2.1945639142439277,28.50675263593256,VIIRS,97,129.87,4.77,2.02
2005,2,1.5187644093063204,28.88609072703999,MODIS,79,82.69,5.09,2.16
2005,2,1.807587042587216,28.36218994325183,MODIS,79,98.64,1.74,0.47
2005,2,1.1665950181103157,28.798575286229603,VIIRS,75,118.04,3.82,1.74
2005,2,1.347522684258042,28.444098007652713,MODIS,69,108.49,1.19,0.15
2005,2,1.9785941287325017,28.84693365463015,VIIRS,68,79.45,2.87,1.76
2005,2,1.7501359341614267,28.71777222342613,VIIRS,71,95.16,4.35,1.24
2005,2,2.1054067524163784,29.01733005632368,MODIS,84,137.81,5.38,2.14
2005,2,2.2591187157751187,28.611220352370406,VIIRS,94,63.22,5.12,3.4
2005,2,1.6144973773347613,29.02467138590038,VIIRS,93,88.61,4.66,2.42
2005,2,1.3555872841731404,29.037680333466955,VIIRS,91,116.56,1.07,0.69
2005,2,2.0978860127876957,28.2989985910754,VIIRS,70,11.75,1.92,0.8
2005,2,2.192554169626737,28.311340856132887,MODIS,86,79.54,3.2,1.47
2005,2,1.4438693741234925,28.98285747864938,MODIS,83,125.56,1.49,0.72
2005,2,1.0995083387171034,28.292299859419575,VIIRS,67,113.59,3.88,2.43
2005,2,2.1984869255144908,29.122060503453408,VIIRS,83,43.99,2.58,1.42
2005,2,2.488967174792882,28.156853602970788,MODIS,65,139.01,6.2,4.94
2005,2,1.3536957158655656,28.327538675215237,VIIRS,94,121.67,2.34,0.39
2005,2,2.4480987431031007,28.24673369790739,MODIS,73,117.43,2.59,1.88
2005,2,1.3850112560480308,28.1291103479568,MODIS,71,86.47,4.08,1.81
2005,2,2.019207078493211,29.00601493025291,MODIS,70,106.3,1.58,1.04
2005,2,2.4088988998982916,29.069648881351206,VIIRS,85,16.02,2.93,0.82
2005,2,1.8903572611602253,28.60114004925695,VIIRS,87,54.3,3.07,0.62
2005,2,1.257790451578271,28.26750787715906,MODIS,85,95.9,4.26,1.08
2005,2,2.0850381899669372,29.11723257799251,VIIRS,83,78.93,1.3,0.35
2005,2,1.0608024693974232,29.025022492737726,MODIS,60,35.28,4.67,2.51
2005,2,1.7486305689804051,28.254616307118102,MODIS,63,142.95,3.65,1.86
2005,2,2.2047513885878756,28.71572638413777,MODIS,90,5.98,1.64,0.19
2005,2,2.032073572540569,29.104304216098225,VIIRS,62,124.69,4.39,1.51
2005,2,2.2414438898811895,28.83253684255546,MODIS,93,75.56,5.21,2.13
2005,2,2.1271425312370655,28.20578430019674,VIIRS,67,96.08,5.76,2.28
2005,2,2.327043147531551,28.64644021032201,MODIS,87,37.91,1.98,1.46
2005,3,2.054339785773662,28.815496994080004,MODIS,65,139.68,2.52,1.59
2005,3,2.4769122583928054,28.203603124946046,MODIS,88,65.31,2.99,1.42
2005,3,1.493822659010062,28.028831312886037,MODIS,69,94.15,5.95,2.29
2005,3,1.273573405350874,28.083768826991854,MODIS,98,76.99,3.99,0.71
2005,3,1.308672011403475,28.201631212964504,MODIS,73,46.65,1.51,0.7
2005,3,1.5273157136778526,28.73596346025236,MODIS,83,106.93,3.22,0.78
2005,3,1.6170699630693381,28.937102742132765,MODIS,70,59.1,5.4,2.06
2005,3,2.32932751506666,28.8737335605129,MODIS,99,115.34,2.75,0.67
2005,3,2.300473269768726,28.729894609474073,VIIRS,70,45.16,5.71,3.87
2005,3,2.033701963894888,28.61892895134061,VIIRS,62,147.98,3.18,0.74
2005,3,1.7213887159998682,28.03329864285777,VIIRS,76,56.9,4.94,2.95
2005,4,2.3457737238415595,29.06740305413192,VIIRS,61,126.39,4.76,2.42
2005,4,2.3960115934812505,29.093553361366308,VIIRS,69,139.08,3.39,0.59
2005,4,1.5098843341448591,28.470196518913934,VIIRS,80,72.38,3.76,2.06
2005,4,1.0780872160213082,28.268030251806554,MODIS,91,125.32,1.55,0.3
2005,4,2.059980529438192,28.295014224073658,MODIS,88,81.88,4.26,1.23
2005,4,1.3903397256340768,28.7364534845153,VIIRS,73,97.57,4.67,0.83
2005,4,1.4235883129381166,28.69708472908513,VIIRS,70,68.63,5.82,1.5
2005,4,1.6189828016386392,28.729280305558937,MODIS,61,46.83,4.25,2.69
2005,4,1.6017940323769744,28.924699439186995,VIIRS,63,34.74,1.14,0.83
2005,4,1.3022087895798367,28.204873383566547,MODIS,98,136.05,3.07,0.92
2005,4,1.637070632039621,28.59066599079436,VIIRS,99,72.13,4.43,2.16
2005,4,2.0616538456061715,28.98095635925749,MODIS,79,97.61,5.82,4.47
2005,5,1.1702674305297172,28.272694472811462,MODIS,67,31.29,2.22,1.13
2005,5,1.8994623309623218,29.11118213296837,VIIRS,65,78.94,2.3,0.3
2005,5,1.8839601861849884,28.780682874453376,VIIRS,72,48.28,5.7,3.23
2005,5,1.6408044586195414,28.249659761530317,VIIRS,88,44.9,5.19,1.71
2005,5,1.081400827047446,28.856387350215794,VIIRS,75,145.64,4.26,2.62
2005,5,1.4803169252394999,28.881760838101126,VIIRS,98,84.37,3.02,2.09
2005,5,2.36041346345538,28.464106696618884,MODIS,69,143.1,2.69,2.03
2005,5,1.5534437294598313,28.725934811273618,VIIRS,78,114.32,5.35,4.26
2005,5,1.496043653888142,28.033739810959,VIIRS,66,50.66,3.18,0.51
2005,5,1.7825764187828022,28.68285199354201,VIIRS,67,118.18,1.61,0.95
2005,5,1.1357221578553265,28.458884102887257,MODIS,90,42.26,2.28,1.39
2005,5,1.3824488310959506,28.630339790183626,MODIS,81,27.93,5.47,4.19
2005,5,1.233919215253612,28.595028107297992,MODIS,87,144.98,3.19,1.07
2005,5,2.142864840420911,28.625361795763396,MODIS,91,120.66,2.02,0.81
2005,5,1.7370459075310833,28.926051244937984,VIIRS,60,45.0,2.66,0.37
2005,5,2.079368489453147,28.456200618755048,MODIS,86,73.84,3.91,0.78
2005,6,1.8162968823204562,28.124050735124264,VIIRS,94,52.54,5.22,3.85
2005,6,1.2890955973234128,28.83905001711799,VIIRS,70,101.73,2.85,0.61
2005,6,2.046479636563047,28.52417565931988,VIIRS,80,103.19,2.27,0.73
2005,6,2.169282692455482,28.584977898817115,VIIRS,100,97.64,1.31,0.45
2005,6,1.5832468121170467,28.143574625410814,MODIS,62,138.22,5.46,2.92
2005,6,1.5622811294199184,28.893934768304305,VIIRS,94,82.89,5.31,3.18
2005,6,2.299828756836655,29.031852571045285,MODIS,99,107.16,5.13,2.95
2005,6,1.25462342194511,28.914947618768892,MODIS,81,109.77,6.09,1.57
2005,6,1.8185167495529022,28.186742476702833,VIIRS,98,20.83,1.52,0.47
2005,6,1.4012139920955828,28.45433412490195,MODIS,86,8.89,4.49,1.21
2005,6,1.233830697920876,28.389576535687436,VIIRS,99,11.39,4.71,3.01
2005,6,1.7796234521611296,28.153643942292117,MODIS,63,66.67,2.41,0.65
2005,6,1.3275907518756798,28.435729151349328,MODIS,88,80.52,3.04,1.25
2005,6,1.391775205592471,28.584648785138622,VIIRS,97,17.69,5.4,2.46
2005,6,2.4383580972246843,28.278723601109874,VIIRS,93,53.04,4.57,0.53
2005,6,1.6272294117871144,28.312513689220793,VIIRS,71,8.94,1.1,0.45
2005,7,1.7389031783589106,28.11035510261195,VIIRS,82,89.47,2.72,0.46
2005,7,2.3183894925200854,28.25325852128347,MODIS,75,143.77,4.18,0.59
2005,7,1.85029488761637,29.07061195217044,VIIRS,66,62.68,1.06,0.69
2005,7,2.3992744934867147,28.76141411310118,VIIRS,62,41.11,4.13,2.93
2005,7,1.02157698552043,28.571506583942192,MODIS,94,97.12,3.55,2.8
2005,7,2.4759120882135224,28.861842380825056,MODIS,83,137.39,1.81,1.13
2005,7,1.8619601953893687,28.040652559163,VIIRS,81,31.22,5.36,3.95
2005,8,1.8988915199744283,28.166640648249547,VIIRS,68,94.9,1.41,0.18
2005,8,1.6147376028131155,29.10434626762058,MODIS,90,38.11,3.35,1.82
2005,8,2.0121063725688932,28.388422275353374,MODIS,60,83.95,2.83,1.09
2005,8,1.3627870959280879,28.194508855014227,VIIRS,88,82.88,3.62,0.7
2005,8,1.7500960530035545,28.345370622686865,VIIRS,92,134.43,4.57,1.85
2005,8,1.6918287093339854,28.65582081145982,VIIRS,89,8.5,3.74,1.3
2005,8,2.182170627711202,28.861829729002665,VIIRS,80,110.53,2.24,0.35
2005,8,1.7384051904875808,28.691141255127704,MODIS,62,22.12,1.18,0.59
2005,8,1.7706747285683822,29.075680650640344,VIIRS,73,132.49,1.98,0.49
2005,9,1.2106872361196328,29.093686125584618,VIIRS,85,67.44,2.44,0.8
2005,9,1.5412094162863714,28.52953626372424,MODIS,86,43.26,1.57,0.42
2005,9,1.430614750974536,28.642949468502444,VIIRS,60,124.98,5.69,3.49
2005,9,1.217229778785521,28.95236730479221,VIIRS,68,141.2,4.0,0.9
2005,9,1.8102368471066828,28.253451272780076,VIIRS,71,119.52,4.12,0.52
2005,9,2.378741587790106,29.04249820443129,VIIRS,78,97.9,2.48,1.83
2005,9,1.1336649536754106,28.222005502697233,VIIRS,74,93.95,2.15,0.53
2005,9,2.3129371472246265,28.73731541061907,MODIS,74,83.17,5.21,0.85
2005,9,2.471540138285561,28.10209760310717,MODIS,80,101.03,1.93,0.73
2005,9,1.296323353741193,29.000133331025935,MODIS,92,96.07,2.97,2.14
2005,9,2.4429526806864654,28.82315840674027,VIIRS,80,51.18,3.97,2.95
2005,9,1.1999055513661658,28.205621502678582,MODIS,78,128.45,4.7,1.38
2005,9,1.184880961211734,29.120832050926253,VIIRS,76,8.02,5.54,3.18
2005,9,1.8997778692132807,29.001146729410635,VIIRS,79,32.54,2.49,1.22
2005,10,1.9520927853944907,28.69696415055938,VIIRS,70,52.35,4.63,0.7
2005,10,2.3264448544753895,28.0202994129784,VIIRS,76,148.12,2.15,1.49
2005,10,2.225841041184923,28.931804518394006,MODIS,91,21.36,4.21,3.34
2005,10,1.9904856148050947,28.298888154253568,MODIS,93,79.14,3.45,1.12
2005,10,1.3385633264093382,28.913789575522188,VIIRS,66,26.28,1.56,0.8
2005,10,1.98611090241545,28.922670110776476,VIIRS,99,29.94,5.81,3.56
2005,10,1.7831951752422173,28.4560859982818,MODIS,82,10.32,5.91,2.87
2005,10,2.3378539120078865,28.26629122678068,MODIS,98,138.45,3.31,2.43
2005,10,1.1890975753125945,28.61748554770302,VIIRS,93,32.27,5.56,1.9
2005,10,2.4534571819673894,28.123422346499343,MODIS,69,48.55,1.57,0.57
2005,10,2.1670438995643604,28.929138883140187,VIIRS,66,8.7,1.94,1.52
2005,10,1.775157498950665,28.444763000386335,MODIS,66,146.3,1.57,0.79
2005,10,2.3057188962971393,28.17063910683834,VIIRS,93,128.7,1.82,1.0
2005,10,2.177842770101627,28.72659983228089,VIIRS,68,25.03,3.87,0.64
2005,10,1.6854873361868965,29.061708751871464,VIIRS,96,17.07,2.48,0.98
2005,10,1.5620989539465229,28.56616477472645,MODIS,94,61.78,3.7,0.48
2005,10,1.8649852867249632,28.70049283075626,VIIRS,81,67.69,3.89,1.97
2005,11,1.9957926139249846,28.92124635316202,VIIRS,64,116.3,5.37,1.72
2005,11,1.428458637604908,28.11799408270069,MODIS,79,136.35,2.12,0.68
2005,11,1.8221666702591413,29.013821708046443,MODIS,76,115.61,3.35,1.75
2005,11,1.5567904112527502,28.0633721730468,MODIS,74,92.7,3.54,2.74
2005,11,1.7494552075803722,28.585194814252574,MODIS,65,30.34,4.0,3.18
2005,11,1.6649297620460606,28.264415359746142,VIIRS,96,43.8,2.07,0.26
2005,11,2.2298520736538414,28.01267158411595,MODIS,63,99.56,2.26,1.57
2005,11,1.7041117287457426,28.164571637072882,VIIRS,79,65.83,3.16,2.15
2005,11,1.028027131535159,28.047242995442296,VIIRS,75,108.49,2.5,0.71
2005,11,1.0450870976586732,28.08264259488665,MODIS,90,43.61,4.35,0.71
2005,11,1.86280886636612,28.34714297700977,MODIS,74,91.63,3.44,2.03
2005,11,2.240578560952895,28.489762909910073,MODIS,92,74.56,3.97,3.17
2005,11,2.01323632652792,29.157142980469384,MODIS,94,33.0,4.53,1.72
2005,11,2.372392943581172,28.88545503950071,VIIRS,69,62.68,5.81,2.4
2005,11,1.7690609027660185,28.73136032528118,MODIS,81,83.91,5.39,3.89
2005,11,2.0748089116421924,28.955405973120165,MODIS,81,34.66,5.58,2.9
2005,11,1.5218322622712699,28.03956745192907,VIIRS,63,13.92,1.29,0.38
2005,11,2.1352520874823675,28.78943483628502,VIIRS,96,90.51,5.57,3.06
2005,11,1.1895191852895592,28.614762973571555,VIIRS,84,105.32,3.23,2.01
2005,12,1.575952316602431,28.225185049788575,VIIRS,91,25.31,4.86,1.15
2005,12,1.3779418235793799,28.23349720420727,VIIRS,90,34.62,5.77,0.61
2005,12,2.1093359856063842,28.05061901393075,MODIS,82,134.61,4.76,1.39
2005,12,2.0592500786745522,29.031995810831884,MODIS,69,13.89,2.72,2.0
2005,12,1.5384891181512614,28.139047313730863,VIIRS,95,83.23,1.84,0.48
2005,12,1.7068121928925823,28.195296925812062,VIIRS,69,74.11,5.23,0.54
2005,12,2.4454461280094564,28.719868849734215,VIIRS,89,148.17,3.33,1.07
2005,12,2.440101763903507,29.0931480688974,MODIS,85,28.41,1.82,0.59
2005,12,1.6438862015156457,28.27150107294408,VIIRS,77,87.46,3.41,1.01
2005,12,1.1250359387749524,28.367948895401604,MODIS,94,112.96,2.51,0.65
2005,12,1.4462701365690465,28.194070085618964,MODIS,72,59.68,4.86,0.56
2005,12,1.735909720121255,29.162954482180922,VIIRS,98,106.18,3.99,2.37
2005,12,1.5001070638503617,28.033780113027714,VIIRS,98,35.2,2.3,0.87
2005,12,2.1467782654751417,28.92973797222407,VIIRS,69,125.37,5.17,3.99
2005,12,1.5814194239459876,28.330486266275635,MODIS,99,140.59,5.85,2.27
2005,12,2.034408556876686,28.45918200084842,VIIRS,99,31.97,3.14,2.12
2005,12,2.390876662212222,29.047113742101573,VIIRS,91,26.02,2.46,1.08
2005,12,1.4283245116476504,28.620174099763855,VIIRS,87,113.27,3.93,0.79
2005,12,2.370801262711007,28.679629705114923,MODIS,88,25.7,4.41,2.3
2005,12,1.3822134593631317,28.73027941756107,VIIRS,91,41.15,5.34,1.65
2005,12,1.559699220725107,28.419868144954144,VIIRS,67,9.59,1.66,0.17
2005,12,1.9773570516457262,28.16373881805159,MODIS,75,130.88,1.94,1.16
2005,12,1.4153010811920028,28.703350855628784,MODIS,80,47.27,4.35,3.06
2005,12,1.1350925307432318,28.227276882105237,VIIRS,80,54.17,5.91,1.59
2005,12,1.5722267872159692,28.829134799290305,MODIS,80,41.92,4.76,0.75
2005,12,1.212644829610774,28.027290787591877,MODIS,85,41.87,3.93,2.74
2005,12,2.1180476353229025,29.155551005537504,VIIRS,94,132.87,1.55,1.2
2005,12,1.775311181563743,28.82561490109837,MODIS,85,71.7,6.15,2.95
2005,12,1.2870326496223008,28.11227690272132,MODIS,69,55.92,3.44,2.72
2005,12,1.2042522163944682,28.878793514433436,MODIS,83,129.28,5.54,3.66
2006,1,1.8395063164032788,29.044022630834725,VIIRS,99,80.06,2.42,1.77
2006,1,2.2004290975341876,28.324795545569277,MODIS,91,32.67,4.27,2.77
2006,1,1.703166191994721,28.585560966401356,MODIS,78,147.73,4.05,2.08
2006,1,1.1201753246630617,28.42400011798798,VIIRS,100,35.56,6.2,2.94
2006,1,2.0715667145428402,29.057590093116204,VIIRS,76,90.81,1.49,0.83
2006,1,1.2539259723541611,28.335065305497007,MODIS,99,103.12,4.93,3.6
2006,1,1.9194032257066802,28.604604171070662,MODIS,82,92.73,3.27,1.25
2006,1,2.2834274127675087,28.838565593322418,VIIRS,92,146.11,3.73,1.18
2006,1,1.8467339482052032,28.75335962362821,VIIRS,68,117.57,3.38,1.05
2006,1,2.4788749200081126,28.760550008031917,VIIRS,67,74.23,1.87,0.51
2006,1,2.137523593558836,28.796584218097742,VIIRS,98,31.42,3.48,1.14
2006,1,2.3698230818321933,28.992540109179732,MODIS,92,119.16,2.09,0.39
2006,1,1.4333317174825684,28.77561839542225,VIIRS,70,81.93,4.53,1.26
2006,1,1.5995664649760537,29.084498228458003,VIIRS,81,58.61,2.52,1.56
2006,1,2.0015422237762808,28.25071923272292,MODIS,61,133.43,5.11,0.91
2006,1,1.4278391705521842,28.58509306527057,VIIRS,70,12.29,5.16,0.72
2006,1,1.4543786112988428,28.498731248254753,MODIS,83,7.71,4.8,3.24
2006,1,1.9211868338074227,28.529262891006333,VIIRS,82,75.24,4.99,2.01
2006,1,2.274370057772197,28.916378022628287,VIIRS,75,69.43,1.49,0.68
2006,1,2.3900954291629954,28.182925182411473,MODIS,67,42.9,1.37,0.96
2006,1,2.375977465421707,28.332954944155517,VIIRS,91,119.2,1.64,1.09
2006,1,1.4574080726449337,28.45200425013273,MODIS,65,118.68,2.13,0.93
2006,1,1.0171717728840672,29.023948182412322,MODIS,75,62.24,5.09,2.49
2006,1,2.358065760778053,28.610868650777128,VIIRS,69,8.43,3.24,1.81
2006,1,1.3830267883910836,28.320997926592504,VIIRS,96,146.28,3.12,1.73
2006,2,2.4233228053450544,29.072446002889116,VIIRS,61,65.29,5.04,2.68
2006,2,1.069883187269993,29.12104670999975,VIIRS,90,39.96,5.92,1.71
2006,2,1.559741446110661,28.74192038039794,MODIS,87,140.07,1.84,1.3
2006,2,1.6913322853564978,28.810096893261413,VIIRS,66,75.91,1.76,0.28
2006,2,1.1905201626268338,28.07815070965434,VIIRS,72,31.43,2.02,1.2
2006,2,1.8623471787849548,29.183668417268333,VIIRS,92,8.44,2.72,1.18
2006,2,1.4889076469066724,29.1030239207779,MODIS,64,49.67,1.24,0.66
2006,2,2.256506738300671,28.01430789756567,VIIRS,93,24.31,6.02,3.33
2006,2,2.2219336094915114,28.664693026878332,VIIRS,67,64.33,1.23,0.28
2006,2,1.6402366872155647,28.55013878862205,VIIRS,86,23.03,4.14,1.75
2006,2,2.250712715642103,28.298342286765166,VIIRS,93,120.08,2.68,0.38
2006,2,1.6799160192295808,28.782080644360626,MODIS,66,97.38,6.13,3.13
2006,2,2.4213391211892166,28.231392143585392,MODIS,90,119.81,4.37,3.47
2006,2,2.364935739322959,28.398812365497406,MODIS,71,56.28,1.55,0.5
2006,2,1.1749469261806595,28.526486532892022,VIIRS,71,98.32,5.49,1.63
2006,2,1.7179211086234178,28.905239863358947,MODIS,81,56.22,2.26,0.5
2006,2,2.110020021806342,28.801269275250707,VIIRS,89,12.75,1.88,0.56
2006,2,1.432686467994135,29.049781503903215,MODIS,83,61.18,6.2,1.58
2006,2,2.320866517167125,28.629880808687712,MODIS,88,79.2,5.54,2.82
2006,2,1.570904795251108,29.12383297363983,VIIRS,77,37.61,2.93,1.68
2006,2,1.604283408022201,28.446012464468712,MODIS,80,111.76,3.22,1.5
2006,2,1.3646408809923543,28.684220166035097,MODIS,91,27.96,3.83,1.59
2006,2,1.918466702595428,29.178263550635076,VIIRS,96,106.23,3.98,0.44
2006,2,2.485188751164843,28.637578915565086,VIIRS,60,24.48,3.89,0.58
2006,2,2.398890413227262,28.77957375010279,VIIRS,65,32.13,3.97,0.96
2006,2,2.242000374093327,28.180498362071546,VIIRS,99,99.06,3.92,2.01
2006,2,1.1688899691123567,28.780432031179675,MODIS,68,10.6,3.77,2.14
2006,2,1.9354455702502371,29.136882626177524,MODIS,67,53.7,4.89,2.62
2006,2,2.038231261202228,29.04149761998939,VIIRS,65,29.25,2.37,1.26
2006,2,1.6720726454715678,28.71570945703463,VIIRS,74,118.62,4.46,1.85
2006,2,2.1903470576554493,28.237106934384702,VIIRS,81,125.15,1.29,0.49
2006,2,2.444684135121588,28.94703073181328,MODIS,88,64.53,5.99,4.12
2006,2,2.3861189006237264,28.319592697577487,MODIS,87,101.45,3.81,1.08
2006,2,2.3801935313820763,28.61596824129251,VIIRS,91,126.98,4.11,2.39
2006,2,1.0647320965233382,28.463364507932965,MODIS,96,140.61,5.94,3.29
2006,2,1.7886600341959327,29.124851258171354,MODIS,86,80.03,3.08,0.73
2006,2,1.005824184086876,28.379922927252302,MODIS,93,143.54,1.01,0.52
2006,2,1.2748539054761807,28.870162829516637,MODIS,94,102.91,5.57,2.84
2006,2,1.8032320639084154,29.1867188399677,VIIRS,74,113.15,1.6,0.8
2006,2,1.5601119644990833,28.204125707404774,MODIS,79,117.2,5.75,1.98
2006,2,1.9377289531003843,28.18452131114523,MODIS,82,40.68,4.35,1.79
2006,2,2.182816026642783,29.123621441561834,MODIS,81,119.98,1.25,0.92
2006,2,1.8542947142292179,28.725609820383188,MODIS,89,145.37,5.41,1.45
2006,2,2.477810556451699,28.09786087626499,MODIS,90,138.36,6.23,2.15
2006,2,1.372499815889323,28.86556172926132,VIIRS,96,6.53,4.64,1.3
2006,2,1.9324624843251605,28.878054380810585,MODIS,87,94.65,2.25,1.51
2006,2,1.438649166633606,28.087483667668483,VIIRS,99,74.76,4.05,1.18
2006,2,2.261759353396359,28.711703184214464,MODIS,65,121.33,4.47,3.22
2006,2,2.011814455773887,29.057456190163855,MODIS,77,132.63,4.6,3.48
2006,2,1.0124156481112898,28.194942519647793,MODIS,81,100.76,6.05,4.65
2006,2,2.2404351402626776,28.279100677687303,MODIS,67,14.06,2.66,1.3
2006,2,1.5688080082940794,28.32745152763888,MODIS,84,113.4,4.7,3.12
2006,2,1.4395783007110707,28.443140879432214,VIIRS,84,123.12,4.51,1.2
2006,2,1.8666311871047188,29.191293002035106,VIIRS,82,128.67,2.79,0.37
2006,2,1.8390644248223442,28.296034123972493,MODIS,90,57.43,4.46,1.97
2006,2,2.4247446987747927,29.03926295282711,VIIRS,86,134.99,5.34,1.04
2006,2,1.34400883247897,28.549109586220503,VIIRS,80,36.4,1.65,0.85
2006,2,1.941790612665633,28.348417780821173,MODIS,77,115.84,3.58,0.59
2006,2,2.3974939134482525,28.605111171551602,VIIRS,88,105.87,6.24,4.77
2006,2,1.1255367696012293,28.6954790065599,MODIS,99,18.54,4.84,2.39
2006,2,1.4225017767758699,28.794714579874427,VIIRS,89,17.5,4.03,1.63
2006,2,1.0489025812875128,29.12657255847637,VIIRS,68,137.41,5.71,0.73
2006,2,2.3336403386945146,28.654055924299993,VIIRS,71,138.86,5.54,3.35
2006,2,1.0470156741387218,28.94040692403092,MODIS,83,28.57,5.12,1.24
2006,2,1.0985659585066687,28.24615676576641,VIIRS,93,34.48,4.31,2.78
2006,2,2.358744929800076,28.914285364612088,VIIRS,81,22.01,4.65,2.19
2006,2,1.0121456074856356,28.411117131575402,MODIS,70,123.46,4.64,0.93
2006,2,2.005154389135824,28.69762418725165,MODIS,68,91.65,5.56,2.1
2006,2,1.3572534302918149,28.87778829113937,MODIS,71,142.73,5.03,0.5
2006,2,1.3479045564906587,28.50646384539759,VIIRS,63,70.04,2.27,0.75
2006,2,1.0020059408592563,28.537329928922716,VIIRS,86,100.31,2.74,0.66
2006,2,1.2438882647345633,29.031312173282352,MODIS,74,59.48,2.91,1.15
2006,2,2.2571576443514756,28.90893348312625,VIIRS,83,129.73,3.23,0.98
2006,2,2.2313319739900113,28.129163421346075,MODIS,83,103.06,6.21,2.77
2006,2,1.40504801822831,28.968525168543078,MODIS,80,141.77,2.0,1.0
2006,2,1.3100686969920623,28.878655525354244,VIIRS,64,111.85,4.67,2.65
2006,2,1.436029725257763,28.728740251869784,MODIS,71,48.96,1.4,1.02
2006,2,1.5300425329803518,28.488808865606856,VIIRS,76,78.73,3.81,2.74
2006,2,2.3839722284230715,28.636095242519676,MODIS,67,64.41,6.08,2.29
2006,2,1.6183894794665967,28.550651653871256,VIIRS,77,68.04,5.86,3.45
2006,2,1.3415225906767778,28.67495828344301,MODIS,86,128.9,5.64,1.71
2006,2,1.184375336577562,28.990262079539974,VIIRS,89,80.94,3.9,1.83
2006,2,2.4171966599523502,28.367680541246227,VIIRS,82,59.24,1.28,0.77
2006,2,1.8229737232157395,28.735233328974022,VIIRS,60,68.79,5.77,3.97
2006,2,2.4097883204962764,28.967714713548677,VIIRS,75,99.37,5.86,1.93
2006,2,1.0725256881903293,28.622469579053387,VIIRS,68,13.99,5.68,4.2
2006,2,2.062315072092824,28.337851493194314,MODIS,85,113.31,4.14,1.21
2006,2,1.559908095608833,28.797137314518547,VIIRS,90,93.01,2.65,1.43
2006,2,2.430077052232308,28.82172800467653,MODIS,61,72.53,3.96,1.86
2006,2,1.765111385441249,29.143754600554757,VIIRS,76,7.28,3.18,1.69
2006,3,1.4398329254361508,28.01589945841664,VIIRS,100,30.16,3.32,2.07
2006,3,1.4716265515309706,28.633335886824405,MODIS,100,12.5,3.26,0.86
2006,3,1.909996240179967,29.106176020288437,MODIS,96,23.94,6.01,2.21
2006,3,2.254130901699952,28.29587818428036,VIIRS,93,125.4,1.55,0.99
2006,3,2.323082634013324,28.75373364949766,VIIRS,73,39.98,3.03,0.75
2006,3,1.5174731832754313,28.94773292648973,MODIS,62,30.98,4.63,2.8
2006,3,1.38756753705495,28.208235637976692,MODIS,87,54.47,4.73,1.24
2006,3,1.170838473538873,28.25158321653545,VIIRS,72,13.95,4.43,2.02
2006,3,1.8810968464395759,28.69792041182606,MODIS,70,140.3,2.7,1.96
2006,3,1.2874250776348868,28.98136314056999,MODIS,75,7.97,5.76,3.14
2006,3,1.1163329281973862,28.608430931662138,MODIS,99,145.2,5.26,1.63
2006,3,1.5858981948014765,28.026051283873986,MODIS,98,41.65,3.08,1.91
2006,3,1.2244867057530082,28.079018043512637,MODIS,62,113.36,3.94,2.9
2006,3,1.5140209789443793,28.749455910681935,MODIS,86,67.57,3.73,1.94
2006,3,2.001434558572874,28.968004365876343,VIIRS,65,69.88,2.63,0.98
2006,4,2.2123270792632326,28.999324887739647,MODIS,62,98.28,4.07,2.25
2006,4,1.0103541954120832,28.982113320034237,VIIRS,67,10.23,5.2,3.22
2006,4,1.24921389545502,28.61625671684943,VIIRS,66,93.23,6.0,2.76
2006,4,2.357811668937639,28.56453320918255,MODIS,71,145.63,3.81,1.84
2006,4,2.0906598100709375,29.038635911192554,VIIRS,83,111.1,2.35,0.93
2006,4,1.062780612228583,28.135686543114513,VIIRS,97,106.62,1.97,0.93
2006,4,1.7465944866308636,29.081826884903176,VIIRS,87,89.3,3.38,2.55
2006,4,1.980580294538,28.126548121841182,VIIRS,64,147.18,1.63,0.88
2006,4,1.12637600268994,28.181564772394477,VIIRS,61,55.49,4.99,1.73
2006,4,1.126942660158387,28.981194950367684,VIIRS,72,19.32,3.2,1.1
2006,4,1.0682496929558682,29.053482593350154,VIIRS,87,86.06,1.45,0.54
2006,4,1.510333968808156,28.59663367467873,MODIS,99,65.81,1.99,0.76
2006,4,1.7688604415194384,28.358648303924866,MODIS,88,64.96,6.24,1.82
2006,4,1.4542252214059064,28.577423797987784,MODIS,73,41.52,3.31,1.04
2006,4,1.0306150263419662,28.72854540179672,VIIRS,65,71.33,4.28,2.59
2006,4,2.0460487721303497,28.721159660025638,MODIS,67,98.21,1.94,1.53
2006,5,1.8360301166803428,29.138350804730255,MODIS,80,92.94,1.79,1.36
2006,5,2.0484482976875906,28.030300265726268,VIIRS,73,79.99,4.49,1.81
2006,5,1.1579757425755453,28.3570382349024,VIIRS,87,20.37,5.39,1.16
2006,5,2.388054803852537,28.852624309634315,MODIS,90,99.75,4.27,0.53
2006,5,1.503010994158355,28.338536351390474,VIIRS,72,132.61,4.51,1.89
2006,5,1.062930164740001,28.000844942828287,VIIRS,76,78.18,5.28,1.49
2006,5,2.3176047120439742,28.31318149315903,VIIRS,66,40.33,1.04,0.15
2006,5,2.1341330520305846,28.7425883353161,VIIRS,88,97.05,4.26,0.86
2006,5,1.10013188424086,28.242096206716127,VIIRS,95,118.31,2.21,0.93
2006,5,1.2558375361849932,28.823519618688454,MODIS,70,17.07,2.6,0.29
2006,6,1.2792120117386312,28.377207422734525,VIIRS,79,84.21,5.69,3.26
2006,6,1.8028756599658715,29.196093514723074,VIIRS,97,11.03,3.53,0.86
2006,6,1.5178443551965282,28.552603013106033,MODIS,89,29.86,4.53,3.26
2006,6,1.5156507320285395,28.32440348157211,MODIS,80,96.19,2.51,0.32
2006,6,2.3240436307960133,28.71812645205619,MODIS,66,78.62,5.41,3.69
2006,6,1.7957670714484997,28.926222796023108,MODIS,78,135.43,3.63,0.39
2006,6,2.054351127487713,28.857447795484365,VIIRS,76,143.37,2.61,1.93
2006,6,1.7416747745871086,28.50187745238086,VIIRS,98,107.3,5.33,1.78
2006,6,2.35655084154783,28.46231456504437,MODIS,65,104.61,1.99,1.01
2006,6,1.1567779684711983,28.730707041546943,VIIRS,85,107.95,3.52,2.28
2006,6,2.3321888345851027,28.8872582244969,VIIRS,75,62.16,4.04,1.99
2006,6,2.1309647862558414,29.067726519529373,VIIRS,72,13.12,3.76,1.28
2006,6,1.2790568933255115,28.691528359505075,VIIRS,98,122.92,4.39,2.52
2006,6,1.3303691046247272,28.86667845605415,MODIS,74,29.39,3.65,1.08
2006,6,1.9811671844797873,28.93133019781943,MODIS,77,136.56,6.02,1.02
2006,6,1.3642325486826035,28.17799530902012,MODIS,69,124.36,4.98,3.95
2006,6,1.2979312361188815,29.012195109230188,MODIS,81,11.75,1.67,0.94
2006,7,1.302418005573268,28.984732268412746,VIIRS,62,85.7,4.05,1.03
2006,7,2.4058637097732385,28.01904409841211,VIIRS,71,110.36,5.91,2.39
2006,7,1.372739406000368,28.187873802492646,MODIS,99,23.55,1.69,0.97
2006,7,1.5086789792006132,28.108785694778586,VIIRS,69,105.43,4.79,0.82
2006,7,2.151200571705636,29.158793215292185,VIIRS,94,96.09,1.71,0.98
2006,7,2.064953150402984,28.943220146100852,VIIRS,68,85.27,1.68,0.68
2006,7,1.0765138672260406,29.126454192040146,VIIRS,86,146.36,1.54,0.81
2006,7,1.493739778135203,28.482876994457385,MODIS,81,128.66,1.42,1.0
2006,7,1.3961674168201368,28.71554762442078,MODIS,87,97.5,1.81,0.44
2006,7,2.3694763192640638,28.938646447089575,MODIS,66,148.89,5.22,1.07
2006,7,1.6384125204695004,28.31413057190445,VIIRS,87,34.26,3.74,2.55
2006,7,1.7374562908717364,28.8793610762372,VIIRS,84,79.59,5.83,2.91
2006,7,2.087244663380771,29.139590208004325,VIIRS,67,115.88,4.31,1.05
2006,7,1.6366254803321694,28.845139744797674,VIIRS,72,45.14,2.89,0.76
2006,7,2.277421877691099,28.289562406117795,MODIS,90,42.09,4.6,2.3
2006,7,2.3243364826054216,29.101922330055473,VIIRS,94,96.55,3.95,1.45
2006,8,1.89705969881652,28.50493106446588,VIIRS,91,88.97,5.27,2.77
2006,8,1.0781359129932397,28.502733643110226,MODIS,90,118.37,6.02,3.37
2006,8,1.8496172349018114,28.20921083503987,MODIS,81,131.5,1.3,0.72
2006,8,1.1762959392573105,28.440292464268946,MODIS,64,13.87,4.03,0.82
2006,8,2.2078566910113295,28.497207401267886,VIIRS,91,143.49,2.3,0.66
2006,8,1.7685444032410298,29.166690381144758,MODIS,67,137.66,6.13,1.59
2006,8,1.7850950874737532,28.69104386994397,VIIRS,72,54.07,4.92,0.97
2006,8,2.1058118300151114,29.07982994225554,MODIS,95,34.93,1.77,1.35
2006,8,2.3971917402243212,28.82797932137177,MODIS,83,103.78,2.35,1.59
2006,8,2.0031203769656885,28.028807378922593,VIIRS,78,135.42,4.71,0.72
2006,8,1.6308427427339414,28.976183635582565,MODIS,61,135.05,5.08,1.15
2006,8,1.1045584311685606,28.575741600984177,VIIRS,77,5.96,2.1,1.58
2006,8,1.147813771790648,28.077678746152653,VIIRS,67,115.06,3.37,1.69
2006,8,1.231134887593739,28.471588088393684,MODIS,92,74.86,2.15,0.42
2006,8,2.220618446297146,28.84877406015966,VIIRS,91,92.99,4.83,1.98
2006,8,1.4534659741767035,29.02883521579745,VIIRS,64,131.27,1.27,0.22
2006,8,1.4830767540925567,28.5838469771126,MODIS,99,78.24,2.18,1.24
2006,8,1.7879785063152094,28.80234403381987,VIIRS,90,74.79,4.72,2.76
2006,8,2.0551109801113467,28.74020680832334,MODIS,95,101.91,2.31,0.36
2006,9,1.4658916814548502,28.987981390044762,MODIS,90,109.53,1.57,0.56
2006,9,1.8621774083447131,29.07284603718264,VIIRS,91,109.43,4.83,0.87
2006,9,1.8995183437152856,28.958806287567363,VIIRS,65,29.14,5.6,2.32
2006,9,1.1794891024745795,28.78273400788164,MODIS,72,88.17,3.11,1.96
2006,9,1.0804103606134272,28.532077511999425,MODIS,65,84.03,4.09,1.3
2006,9,1.5928150973943325,28.22545179235138,VIIRS,78,70.56,4.17,1.83
2006,9,2.104239867167893,28.26113110662516,VIIRS,67,48.15,5.08,2.57
2006,9,2.103071600860523,28.61239881372161,VIIRS,95,145.37,2.28,0.53
2006,9,2.3617937472670016,28.784590064422858,MODIS,83,6.24,3.17,2.22
2006,10,2.499946581905232,28.311533554299288,MODIS,77,15.72,1.03,0.15
2006,10,2.4238890488212665,29.00624138089293,MODIS,69,88.61,3.65,2.72
2006,10,1.2665654456090283,28.587836528665587,VIIRS,93,142.47,2.31,1.29
2006,10,1.2909342594692526,28.24577037194477,VIIRS,78,114.67,1.69,0.31
2006,10,1.359846401259427,29.10016805799962,VIIRS,87,125.39,4.15,2.1
2006,10,1.326725659263731,28.563897491690927,MODIS,60,104.43,6.23,1.41
2006,10,2.4194399201902446,28.194939741104168,VIIRS,69,128.87,3.88,2.01
2006,10,2.059139367927244,28.291923167132154,MODIS,94,104.09,4.94,2.85
2006,10,1.8210100493402457,29.04062697275547,MODIS,85,41.95,1.11,0.6
2006,10,2.4542671764289463,28.229914024581685,VIIRS,74,70.77,4.85,3.51
2006,10,1.4043293998796724,28.9167110161067,MODIS,89,53.77,4.65,2.62
2006,10,1.8467670128959974,28.995157613910337,VIIRS,100,51.42,3.06,0.69
2006,10,2.0995475732019226,28.952068758573667,VIIRS,86,110.38,1.4,0.97
2006,10,1.6425003610957418,28.182688596083363,VIIRS,97,64.47,1.39,0.16
2006,10,1.0384219869636704,28.886781547438915,MODIS,72,62.42,3.51,2.6
2006,10,2.0798726528645908,28.063263306370732,MODIS,88,77.29,5.13,2.34
2006,10,2.0570017524972806,28.0980180248519,VIIRS,79,89.2,2.95,1.5
2006,10,2.0169687095060778,28.768116444792057,MODIS,60,69.91,1.78,0.44
2006,10,2.0400695419454977,28.69833333711017,VIIRS,70,104.11,1.96,0.49
2006,10,1.6603674708439748,28.58683043779683,VIIRS,74,33.87,6.0,1.97
2006,11,1.5454995680505486,29.187011485189952,MODIS,79,37.2,4.19,1.67
2006,11,2.000119504480557,28.352661938153783,VIIRS,97,26.93,5.44,0.94
2006,11,2.2437426276029413,29.092195783340657,MODIS,96,116.83,2.28,1.43
2006,11,1.170854314552861,28.326652797311482,VIIRS,88,20.32,3.96,1.17
2006,11,1.2652906622940718,28.76307089686135,MODIS,71,58.62,4.14,1.03
2006,11,2.059920665102339,29.13363249630558,MODIS,81,136.08,3.24,1.54
2006,11,1.2262129283009329,28.45503494263633,MODIS,81,25.9,5.7,2.07
2006,11,1.0802584244669953,28.621046667808567,MODIS,63,114.39,1.32,0.46
2006,11,2.484100390161048,29.05006756123143,MODIS,81,46.28,3.14,1.19
2006,11,1.726317442891149,28.721373482658,MODIS,60,7.95,5.36,1.42
2006,11,2.237103328046836,28.088221173005927,MODIS,95,97.21,2.42,0.32
2006,11,1.5177892577924827,28.599220505044123,VIIRS,67,9.52,3.52,2.34
2006,11,2.0332700351197643,28.294409517787145,MODIS,94,42.87,1.76,0.69
2006,11,2.033084797661848,28.137839320027204,VIIRS,74,41.29,5.74,3.01
2006,11,1.0336290390994511,28.579125367908343,VIIRS,67,102.17,4.59,1.18
2006,12,1.1053384156469623,28.18475658066762,MODIS,87,82.7,4.99,0.99
2006,12,1.2513957786486842,29.168862385063388,VIIRS,62,81.9,1.39,0.15
2006,12,2.1592521739306405,28.613893454223163,MODIS,79,45.49,6.09,4.5
2006,12,1.2223005118061794,28.82619022140803,MODIS,73,130.27,5.67,4.36
2006,12,1.5932829717628973,28.126925914247018,MODIS,60,16.96,2.8,2.13
2006,12,1.9528050136272823,28.905174223981618,VIIRS,61,77.86,3.54,2.09
2006,12,2.1568626791816996,28.288836537914744,MODIS,97,140.88,5.05,3.11
2006,12,1.062412822288258,28.182353064991275,VIIRS,96,48.75,4.92,1.05
2006,12,1.3992453810465295,28.113301709363057,MODIS,82,51.5,3.31,1.13
2006,12,1.9708939564456347,28.582643555207977,VIIRS,75,30.9,5.57,3.23
2006,12,2.1478889383130646,29.12466935309491,MODIS,96,128.12,2.72,2.11
2006,12,1.177558783603184,28.624815220620196,MODIS,80,103.96,2.97,1.29
2006,12,1.3693072746435955,29.12106407418453,MODIS,93,112.7,6.0,2.39
2006,12,1.6067516325668865,29.12534986754458,MODIS,67,57.45,3.24,0.36
2006,12,2.3761803557416545,29.14666604154879,VIIRS,94,77.97,2.86,1.94
2006,12,2.1539306566580554,28.88069888031791,MODIS,95,93.34,4.02,1.54
2006,12,2.1904342813508393,29.185393736315152,MODIS,92,71.27,2.68,1.82
2006,12,1.571649945898581,28.081091664552297,VIIRS,97,124.12,2.14,1.23
2006,12,1.6778916381831954,28.283536291209256,MODIS,84,124.51,3.96,2.63
2006,12,1.9936251845137254,28.840625145249923,MODIS,85,81.0,2.34,1.24
2006,12,1.5000413237114385,28.556634696880746,VIIRS,69,147.91,2.03,0.56
2006,12,1.3865193197967223,29.175140256322486,MODIS,81,104.28,3.48,2.74
2006,12,1.553229057236735,29.001635938090644,MODIS,77,135.7,2.41,1.3
2006,12,1.2641736327594408,28.145745887135185,VIIRS,67,56.73,2.69,1.82
2006,12,2.221556392521523,28.30543709162767,MODIS,76,114.1,1.27,0.97
2006,12,2.2454324093607383,28.9621869833149,VIIRS,88,104.95,1.84,0.6
2006,12,1.885417769459634,28.124526678317967,MODIS,78,6.86,5.08,0.79
2006,12,1.4631921335478384,28.650012896952905,MODIS,96,87.39,4.21,0.5
2006,12,1.2308191909290724,28.913396055922192,VIIRS,97,58.07,1.9,1.21
2006,12,1.981326120523387,28.552615349751658,VIIRS,80,60.4,5.02,2.55
2006,12,1.8628536481513338,28.101112283138004,MODIS,70,127.16,1.16,0.64
2006,12,1.6974103248215628,29.008941832983997,MODIS,65,59.36,2.18,0.53
2006,12,1.0578768872909046,28.57484853581094,MODIS,91,104.38,6.22,3.58
2006,12,1.4114406407465003,28.204798482207963,VIIRS,81,65.58,4.51,2.99
2006,12,2.412200950078422,28.973295263477933,MODIS,70,81.03,2.51,1.97
2006,12,1.0866962215246432,28.292350874207713,MODIS,95,62.17,5.66,4.4
2006,12,1.200052832544908,28.50927184758678,VIIRS,65,126.86,5.67,3.85
2006,12,1.1172928672836886,28.17120390377436,MODIS,95,48.79,5.07,1.18
2006,12,1.6919613407498806,28.3960332113433,VIIRS,94,47.2,2.08,0.6
2006,12,1.3514626680557777,28.072305924546804,MODIS,93,144.95,3.83,0.83
2006,12,1.7503041320491652,28.23576289767649,MODIS,92,140.51,1.7,0.31
2006,12,1.5252487348344186,28.125898357069023,VIIRS,76,60.23,1.55,0.83
2006,12,1.485652043741624,28.073829045377234,MODIS,81,28.12,3.42,0.66
2006,12,1.8145428711446088,28.30533966171601,VIIRS,73,23.54,4.77,2.85
2006,12,1.3570241830454726,28.081310927547143,MODIS,70,86.4,1.15,0.9
2006,12,1.6677192190874042,28.99864367832034,MODIS,93,21.17,2.72,0.73
2006,12,1.1702031336525633,28.298402572209767,MODIS,80,91.97,3.46,1.1
2006,12,1.3864258531738103,28.741864623212386,MODIS,96,99.22,4.51,0.81
2006,12,1.4452168383737125,28.644793480452513,MODIS,84,131.34,2.78,2.17
2006,12,1.7996152617753824,28.75262770512422,VIIRS,60,24.49,4.72,1.7
2006,12,1.8538822028078878,28.51597898706727,VIIRS,69,118.88,2.54,1.95
2006,12,1.6835381163590855,28.49343842645667,MODIS,83,20.91,2.22,0.24
2006,12,2.027248406551159,28.219773932964863,VIIRS,74,14.05,4.76,3.1
2006,12,2.1537490145501392,28.702670438576565,MODIS,93,89.2,4.36,0.94
2006,12,1.036086799094154,28.29618721522061,VIIRS,78,125.99,1.43,0.73
2006,12,2.2605069280926013,28.13917469443735,VIIRS,82,141.19,2.8,0.36
2006,12,1.3860055285179484,29.063903858529244,MODIS,78,83.5,5.67,1.47
2006,12,1.5771872265007172,28.953955445290635,VIIRS,64,32.28,4.0,2.58
2006,12,1.722758702277674,28.742221625890966,VIIRS,79,26.4,4.97,3.57
2006,12,2.129014522364499,28.058745735085463,MODIS,61,72.8,5.32,4.24
2006,12,1.8563784857621295,28.38457680973183,MODIS,92,59.22,5.92,1.57
2006,12,1.145790807111189,28.57626228128283,VIIRS,79,45.84,4.31,3.29
2006,12,2.264790769913004,28.51354771857395,MODIS,71,92.35,1.59,0.86
2006,12,1.4199823619697987,28.642449789335924,VIIRS,73,100.33,5.06,3.89
2006,12,1.6698719305394782,28.877406841377145,MODIS,85,114.34,1.87,0.49
2006,12,1.1209884321834238,28.315289709154882,MODIS,75,68.73,1.9,0.42
2006,12,1.0521486103068145,28.786139683925743,VIIRS,62,36.14,4.24,1.14
2006,12,2.1518208187815997,28.596037467380903,MODIS,97,84.22,6.05,3.49
2006,12,1.259071494511515,28.00510045312479,MODIS,83,69.6,3.72,2.76
2006,12,1.0170750371685537,28.52206888161887,MODIS,62,87.55,5.53,2.47
2006,12,1.4957266921808166,28.45660179903925,MODIS,89,68.87,2.74,2.15
2006,12,1.4046678827472574,29.094461390017635,VIIRS,84,33.92,1.38,0.41
2006,12,1.3929852457192828,28.413445206938388,VIIRS,98,107.54,4.07,1.61
2006,12,1.9400201067216052,28.32582540160671,VIIRS,75,26.48,5.0,3.09
2006,12,1.4492105076907573,28.59127580984964,VIIRS,61,33.07,2.44,0.5
2007,1,1.4072611422265693,28.184593000963492,VIIRS,86,123.73,5.66,0.59
2007,1,1.7971817769939658,29.054277941231977,VIIRS,94,84.51,2.63,1.03
2007,1,1.1676084422125796,29.043236426208896,MODIS,68,36.15,2.38,1.21
2007,1,2.130857609905216,28.414934188185885,MODIS,66,110.97,6.03,3.31
2007,1,2.3855007147601666,28.207731507665056,MODIS,100,69.61,2.66,0.28
2007,1,1.2926174977111353,28.151752699034176,VIIRS,61,146.51,1.99,0.26
2007,1,2.26237811416791,29.031406545616818,MODIS,65,97.42,2.73,1.52
2007,1,2.1627917056534223,28.354384302053557,VIIRS,64,99.17,4.32,1.51
2007,1,1.3657269903959024,28.027391087087437,VIIRS,75,111.95,3.57,0.7
2007,1,1.677651573958641,28.39909389894148,VIIRS,72,39.91,6.24,4.2
2007,1,1.9367855058114352,28.369399322378136,VIIRS,91,110.76,2.32,0.31
2007,1,2.2464097403520507,28.781276593896973,MODIS,84,18.45,2.31,0.94
2007,1,2.2397075628226126,28.98185545337621,MODIS,84,77.76,1.5,0.3
2007,1,1.3295073162777449,28.885680766611532,VIIRS,62,75.56,1.52,0.71
2007,1,1.9366621857787683,28.57080252777325,MODIS,87,60.74,5.99,1.31
2007,1,1.3541959376863377,28.048362511229037,VIIRS,63,144.48,6.17,3.92
2007,1,1.0398022110931593,28.307010651381542,VIIRS,71,35.03,5.69,4.37
2007,1,1.4869263596555469,29.11519694333892,MODIS,94,110.8,1.88,0.72
2007,1,1.8432238292487364,29.1554973048148,VIIRS,99,95.82,1.8,1.35
2007,1,2.007941259375362,28.836900586087182,VIIRS,94,14.2,5.45,1.48
2007,1,1.5023601383034548,28.567138300834493,MODIS,70,55.77,3.32,2.2
2007,1,2.118556913595601,29.010453547614066,MODIS,96,92.67,5.68,0.9
2007,1,1.3807472667641425,28.63451309120838,MODIS,89,124.52,3.77,0.94
2007,1,1.1778785558514802,29.176515033428334,VIIRS,92,7.6,5.14,3.94
2007,1,2.450668063214355,28.619979963988694,VIIRS,71,10.47,2.67,0.86
2007,1,1.4039079825828535,28.595483576557818,VIIRS,83,89.01,5.37,1.62
2007,1,2.3417792318458805,28.318205724998883,MODIS,72,126.08,4.38,1.13
2007,1,2.485724407539543,28.6469584188379,MODIS,82,24.22,4.57,3.06
2007,1,1.2097589282645174,28.488931773864767,MODIS,96,74.53,2.41,1.88
2007,1,2.028285636053673,28.06326127317572,MODIS,98,84.39,2.85,0.43
2007,1,1.3857480759815692,28.024569472274585,VIIRS,91,21.84,4.39,3.46
2007,1,1.34204858875348,28.65459853874895,MODIS,86,26.87,3.7,1.85
2007,1,1.055864635681933,28.07110803080638,MODIS,78,82.31,6.2,0.67
2007,1,2.1951280107106848,28.70197821940505,VIIRS,79,46.77,1.33,0.94
2007,1,1.4770012347776322,28.93260839553997,VIIRS,82,80.32,5.34,2.67
2007,1,2.408338686407636,28.94696357330221,VIIRS,65,124.87,3.82,0.68
2007,1,1.6548793382507012,29.17572173921094,MODIS,68,36.93,4.55,1.85
2007,1,1.5335674939953121,28.840417879845504,VIIRS,91,21.64,3.66,2.25
2007,1,1.51751840545526,28.15038420889207,MODIS,91,91.75,5.84,3.8
2007,1,2.182573837729202,28.331590696702857,MODIS,68,60.23,4.05,1.69
2007,1,1.7496550227707648,28.598864834377583,MODIS,78,96.79,5.71,3.66
2007,1,1.123732448953748,28.062533445634223,VIIRS,86,130.41,2.23,0.25
2007,1,1.5033945868162175,28.08304519473857,MODIS,92,56.52,1.44,0.95
2007,1,2.2734983866625074,28.97574630080311,VIIRS,97,86.47,5.65,0.8
2007,1,2.0816824851412234,28.143619912088077,VIIRS,97,74.92,5.65,1.72
2007,1,1.3861459401308376,28.34061585576628,MODIS,95,44.6,6.09,0.66
2007,1,2.0572633378237786,28.437853425485667,VIIRS,80,130.62,2.26,0.7
2007,1,2.3970552621988195,29.011749655936548,MODIS,65,85.63,2.99,1.58
2007,1,1.9363480266321556,29.161097394643857,VIIRS,66,76.34,4.53,3.42
2007,1,1.0471345735526665,28.16043554490696,VIIRS,90,120.43,5.13,1.36
2007,1,1.8488056482253277,28.641076203541058,MODIS,88,63.16,1.47,0.27
2007,1,1.4259948568033747,28.736954228712623,MODIS,75,63.03,6.03,3.85
2007,1,2.1147384817101478,28.816259031038737,MODIS,91,76.07,5.51,2.53
2007,1,2.281003138285532,28.48292791529203,MODIS,87,12.66,4.05,2.24
2007,1,1.6224481955978585,29.04135089672919,VIIRS,71,35.09,4.63,1.47
2007,1,1.210743453912098,28.67080057458073,MODIS,80,114.23,2.67,1.4
2007,1,1.4045740148850425,28.288133478451584,MODIS,83,54.9,2.51,0.45
2007,1,1.843316309723573,28.945886030066863,VIIRS,66,144.18,2.29,1.79
2007,1,1.9379272785321233,28.958605913977365,MODIS,85,37.8,3.55,1.52
2007,1,1.5368243516623612,29.035572567201378,VIIRS,73,62.72,2.9,0.71
2007,2,2.135554174968098,28.087289141840653,MODIS,94,21.55,4.97,2.48
2007,2,1.5259182329134247,28.185806497115856,VIIRS,97,127.05,1.46,1.14
2007,2,1.3972111957190938,28.368427210833424,MODIS,74,130.65,1.24,0.15
2007,2,2.201961322382201,28.705959350029474,MODIS,78,63.14,1.74,1.09
2007,2,1.7523826142275873,28.544374886058183,MODIS,96,26.87,3.4,1.07
2007,2,2.4131415368112012,28.65854620124565,VIIRS,99,32.41,5.22,2.39
2007,2,1.5586330826083241,28.60872715115533,VIIRS,67,36.03,4.35,1.67
2007,2,2.2213350698740384,28.903328589553038,VIIRS,90,8.67,2.7,0.84
2007,2,2.4113223017252428,28.67368529788197,MODIS,75,79.85,4.62,1.41
2007,2,1.182439828103063,28.6707981302872,MODIS,79,86.13,4.62,2.26
2007,2,2.0007045302715243,28.671321256684763,VIIRS,65,64.96,3.61,1.74
2007,2,1.6405623256213102,28.51165465108605,VIIRS,87,18.34,5.92,4.53
2007,2,1.6367006259782715,28.91007730433669,VIIRS,73,142.83,2.37,0.82
2007,2,1.7028866744346178,28.173270433962227,VIIRS,77,5.93,3.13,1.17
2007,2,1.0587000950557277,29.112717985107945,MODIS,95,31.81,2.55,0.94
2007,2,1.4932074151782957,28.965607412185935,MODIS,69,39.71,3.48,1.48
2007,2,1.6884973375772074,28.186218455629216,VIIRS,93,41.47,5.69,1.31
2007,2,1.151723420629815,29.017148463358385,MODIS,76,148.75,5.43,2.53
2007,2,1.2637533780237475,28.901398653714775,MODIS,61,109.66,3.77,1.08
2007,2,1.5717559172574054,28.00011986520118,MODIS,63,75.11,4.46,2.58
2007,2,2.3265825941789138,28.41527359611389,VIIRS,86,19.35,5.57,2.92
2007,2,2.3917300240452883,28.460667739857257,VIIRS,81,146.82,6.12,4.14
2007,2,2.3640958904972083,28.36673069237614,VIIRS,79,43.4,3.08,0.71
2007,2,1.8966202694034164,28.08773195306012,VIIRS,99,41.97,3.62,1.99
2007,2,1.323120390065291,28.427266496141606,VIIRS,90,26.95,6.14,4.91
2007,2,2.2519594649084125,28.39927758937708,VIIRS,94,24.97,4.6,1.2
2007,2,1.332008023577814,29.00387383979119,MODIS,85,67.59,5.12,2.19
2007,2,1.7155972917332403,28.566359731671398,MODIS,62,105.72,2.07,0.93
2007,2,1.4055096140085042,28.99505576819543,VIIRS,62,81.38,2.32,1.3
2007,2,1.3824833036825264,28.142195093780987,VIIRS,75,109.63,4.75,3.14
2007,2,2.4649389570237483,28.27054275003596,VIIRS,94,108.24,3.03,1.75
2007,2,1.6179864049383346,28.296364758666666,VIIRS,88,24.48,2.4,1.55
2007,2,1.6809419493849154,28.16832517997152,VIIRS,100,111.3,5.38,3.76
2007,2,1.739842931969589,28.738420979580447,VIIRS,94,74.75,4.72,1.04
2007,2,1.5976563391480187,28.41670868891489,VIIRS,84,17.6,5.41,3.07
2007,2,2.499788927128316,28.01500611647084,MODIS,97,122.07,2.33,0.49
2007,2,1.9188432016461272,28.80491745507092,MODIS,63,133.13,1.57,1.04
2007,2,1.0738641216328437,28.351283318556792,VIIRS,66,147.16,2.35,1.54
2007,2,1.6913727410103188,28.482754717043726,VIIRS,63,12.66,2.1,1.67
2007,2,2.350488421119647,29.055269246064302,VIIRS,81,24.65,1.98,0.7
2007,3,2.1044663827158483,29.170883363168358,VIIRS,78,36.52,2.68,1.62
2007,3,1.2809134283604795,28.691674677598524,MODIS,70,34.61,4.48,1.92
2007,3,1.854322702172241,28.041961629096875,VIIRS,62,121.44,3.12,1.37
2007,3,1.0403479097509982,29.137890228010065,VIIRS,67,124.59,2.0,1.53
2007,3,1.3782475184960914,29.04172959694792,VIIRS,75,14.91,3.86,1.53
2007,3,1.4014014515890107,28.04821021769079,VIIRS,84,53.33,2.33,0.47
2007,3,1.6933980355965175,29.193847433063734,VIIRS,70,55.52,3.72,0.6
2007,3,1.6500824667790428,28.369039602129085,VIIRS,99,63.24,4.84,3.09
2007,3,1.4423237702423726,28.726568430242786,MODIS,96,34.92,1.97,0.53
2007,3,1.0514634195425134,28.135310739637674,VIIRS,89,70.07,3.59,2.33
2007,3,1.408581218155195,28.19047996228508,VIIRS,83,121.5,5.84,2.37
2007,3,1.9609965849320128,28.083089505810516,MODIS,64,132.26,2.61,1.22
2007,3,2.0703242943582487,28.791353024757566,VIIRS,98,42.79,5.29,0.98
2007,3,2.009973185142576,28.919538874029087,MODIS,73,63.65,1.3,0.84
2007,3,2.2763912827679,28.733412416641738,MODIS,64,86.39,3.71,0.37
2007,3,1.4719870051218398,28.40351855075143,MODIS,80,145.76,4.99,3.18
2007,4,1.3499962927469422,28.56547627330392,VIIRS,71,10.86,5.93,2.53
2007,4,2.3764657362345165,28.345686027812558,MODIS,64,85.16,2.52,1.12
2007,4,2.4055362485478,28.92251715498888,VIIRS,83,6.69,4.77,2.58
2007,4,1.6159940742130143,28.504064253624904,MODIS,71,74.04,3.27,2.39
2007,4,1.802612212330832,28.17860157856845,VIIRS,86,64.31,2.13,1.51
2007,4,1.7715004427202046,28.48116697383142,VIIRS,68,38.24,1.12,0.88
2007,4,1.9438827099731564,28.070213092254072,MODIS,98,106.62,6.18,4.46
2007,4,2.3935284030600075,28.894556540741803,MODIS,97,37.14,3.81,0.6
2007,4,1.9321062733038068,28.008570082040617,MODIS,62,92.9,2.96,0.5
2007,4,2.081890107027491,28.09135229241122,VIIRS,65,49.58,2.71,1.64
2007,4,1.4853974776500585,28.355950208821532,MODIS,95,76.95,5.17,2.18
2007,4,1.7413471845068296,28.66500006830411,MODIS,63,87.85,1.7,0.75
2007,4,1.2192087661066957,28.794173301584816,MODIS,97,117.38,5.52,0.81
2007,5,2.223737894538918,28.11043824838374,MODIS,84,47.26,1.73,0.75
2007,5,2.2084302269340452,28.92669934201925,MODIS,87,49.11,5.01,0.88
2007,5,1.5539950418088817,28.029089906748034,VIIRS,96,132.5,2.05,0.74
2007,5,1.922288717717009,29.097532341592462,VIIRS,93,144.03,3.03,2.33
2007,5,1.8981146962765711,28.074269619871416,VIIRS,83,89.4,1.59,0.46
2007,5,1.3054236542342157,28.421606388734773,MODIS,98,21.27,2.26,0.34
2007,5,1.645620098526766,28.872387087801787,VIIRS,74,127.95,5.48,2.68
2007,5,1.909623052956128,29.05983862933473,VIIRS,67,27.24,1.97,1.23
2007,5,1.1787536193009434,28.61230171221867,VIIRS,63,110.51,2.41,1.74
2007,5,1.9209777381746485,28.897568062813065,VIIRS,86,81.02,3.21,2.08
2007,5,1.0671094505508902,28.344723842408495,VIIRS,76,99.88,1.63,1.16
2007,5,1.4889751810817737,28.865427481980962,MODIS,69,92.6,2.32,1.15
2007,5,1.8765775535588929,28.87495991234763,MODIS,76,134.62,5.1,1.94
2007,5,2.287232746510634,28.105482635604993,MODIS,87,142.99,2.54,0.64
2007,5,1.0233384512739234,29.077189374779188,VIIRS,71,42.23,4.5,2.64
2007,6,1.5200744979859353,28.701250231881964,MODIS,63,104.98,6.12,3.69
2007,6,1.3747819713454632,28.88065023594305,VIIRS,64,33.7,2.33,1.76
2007,6,1.4753674956506229,28.754975473270864,MODIS,72,23.48,1.86,0.38
2007,6,1.5455681863523545,28.41292265954975,VIIRS,68,141.8,1.38,0.22
2007,6,1.033961237588472,28.74063820484692,MODIS,65,25.46,5.74,0.58
2007,7,2.087463420019487,28.688772603014254,VIIRS,88,36.97,4.69,1.48
2007,7,2.4843139536550147,28.311637354112435,VIIRS,98,29.22,3.34,0.81
2007,7,1.5703799775617746,28.571093478118808,VIIRS,97,60.91,4.51,0.99
2007,7,2.175678798683379,28.87325851619668,VIIRS,70,132.73,3.44,2.67
2007,7,1.3123563091925847,28.793775814300222,VIIRS,68,98.69,1.4,0.47
2007,7,1.9830416165980091,28.080355213407113,VIIRS,66,59.23,4.66,1.53
2007,8,1.6554753616902258,28.602265332129154,MODIS,95,73.37,4.55,3.28
2007,8,1.2368301610413195,28.62610202394203,MODIS,62,10.28,3.25,1.05
2007,8,2.4028711959010796,29.071819801251795,VIIRS,94,24.4,3.32,2.41
2007,8,1.2010328493734883,28.218159185542206,MODIS,66,83.4,3.32,1.2
2007,8,2.380635924616908,28.68665008973701,VIIRS,84,9.13,2.8,1.79
2007,8,1.7139024515609518,28.874202246200724,MODIS,78,27.1,5.38,2.9
2007,8,1.3328804698314163,29.021405994502928,VIIRS,76,100.34,5.54,1.19
2007,8,1.5695469337273322,28.058774336232034,VIIRS,66,27.25,3.47,2.48
2007,8,1.446633939745087,28.684871759251244,VIIRS,87,113.08,3.54,1.9
2007,8,2.1146240986974503,28.5071711151822,VIIRS,100,44.58,3.74,2.5
2007,8,1.3990395489204086,28.057840082396297,VIIRS,99,86.99,2.22,1.6
2007,8,1.4686460152961396,28.72859315146421,MODIS,64,115.85,3.01,2.09
2007,8,2.4729500442246373,28.132306601796405,VIIRS,88,124.21,4.62,3.14
2007,9,1.0776076221832036,28.539980276004243,VIIRS,61,107.16,4.5,1.9
2007,9,1.156098920448811,28.409751283116602,MODIS,64,98.67,1.54,0.19
2007,9,2.375084750591438,29.122062681047556,MODIS,68,142.61,3.21,2.43
2007,9,1.5415129647815249,28.388118706473392,VIIRS,84,37.08,2.25,0.47
2007,9,1.1528883360585813,28.20573166904707,VIIRS,72,19.68,1.52,0.92
2007,9,2.4509404928598126,28.429392088044484,VIIRS,93,80.38,3.86,2.69
2007,9,2.256909088517533,28.993031440820335,MODIS,83,15.19,1.42,1.0
2007,9,1.744837808664578,28.599969074139604,VIIRS,80,16.85,4.22,1.66
2007,10,2.252848361953017,28.470676685902024,VIIRS,98,39.7,2.69,1.62
2007,10,1.7046567736336329,28.722760419692897,MODIS,89,42.25,3.82,0.47
2007,10,2.2498313066062305,28.059564537617597,MODIS,64,51.03,3.69,2.31
2007,10,1.9111170762780212,28.38012080500229,VIIRS,82,88.25,1.4,0.87
2007,10,1.691121971035968,28.774463819317354,MODIS,70,86.63,2.87,1.71
2007,10,2.3414905981472467,29.19972214141518,VIIRS,63,98.06,2.21,0.96
2007,10,2.0998028040657557,28.541114920874183,VIIRS,93,74.36,2.36,1.49
2007,10,1.4770846035369447,28.44802480607539,VIIRS,89,57.71,5.66,0.57
2007,10,1.6399134445052381,28.926123674121833,MODIS,91,114.22,5.4,3.16
2007,10,2.485290979086617,28.064583932250915,MODIS,72,83.81,2.64,1.43
2007,10,1.8571438689729889,28.500200802900657,MODIS,65,84.32,5.98,1.18
2007,10,2.4497831199027926,28.70931492780723,VIIRS,90,19.39,1.42,0.31
2007,10,2.226810215388374,29.003224200332234,VIIRS,70,90.68,1.19,0.21
2007,10,1.4214833126010638,28.982464685085848,MODIS,68,141.64,1.62,0.33
2007,10,2.271550195944452,28.763381213546513,MODIS,86,117.37,1.43,0.3
2007,11,2.245676030924546,28.932535405776573,MODIS,62,124.39,4.78,2.44
2007,11,1.7212421477538618,28.078747868473442,VIIRS,82,122.18,2.82,1.23
2007,11,1.503800849037547,28.313492679591914,MODIS,70,93.67,2.49,1.1
2007,11,2.4678313779716508,28.225172904123227,VIIRS,85,145.98,5.03,1.84
2007,11,1.5747523180238667,28.65208553024767,VIIRS,95,28.24,1.06,0.46
2007,11,1.5613613418151884,28.326546559368335,VIIRS,94,120.08,3.95,0.55
2007,11,1.6448262879956708,28.506236765893338,MODIS,79,24.93,3.78,0.76
2007,12,1.0559383690311106,28.279625424693204,VIIRS,92,42.51,1.3,0.24
2007,12,1.655142673064241,28.384663999686467,VIIRS,92,92.96,5.33,4.14
2007,12,1.6483978359642457,28.85375789864201,MODIS,79,105.22,3.6,2.76
2007,12,1.1806825364933389,28.607445380890578,VIIRS,85,130.03,5.07,3.52
2007,12,1.36868330903293,28.897285293782247,VIIRS,64,119.08,2.89,0.93
2007,12,1.4822461976450574,28.587040231919318,MODIS,79,53.12,3.42,2.54
2007,12,1.5941940034864375,28.838897076197938,VIIRS,91,79.78,2.21,0.23
2007,12,1.9992546846540378,28.91653527817405,VIIRS,89,89.91,3.43,1.17
2007,12,1.9876734052169602,28.123326816515664,MODIS,91,69.89,4.3,1.16
2007,12,1.902319423233859,28.87405846710209,VIIRS,73,9.93,6.2,3.5
2007,12,1.7897904779856901,28.345945911564392,VIIRS,90,7.95,2.83,1.82
2007,12,2.4545634835984393,28.02515414704178,MODIS,83,148.96,1.21,0.52
2007,12,2.1437192184413782,29.16106875195729,VIIRS,62,5.47,1.23,0.9
2007,12,1.16130108594156,28.632253746599556,MODIS,70,82.33,3.18,1.46
2007,12,2.142218159842586,28.76747015818657,VIIRS,83,103.98,4.27,1.73
2007,12,1.2667387360430973,28.307607390336717,MODIS,68,141.33,4.76,2.21
2007,12,1.4355379341794274,28.785995392880164,MODIS,87,79.08,4.36,3.41
2007,12,2.329958908164581,29.188693863833198,MODIS,65,148.23,5.41,2.95
2007,12,1.5602715025571954,28.108212952727808,MODIS,95,72.87,1.32,0.8
2007,12,1.3897435576264592,28.27384418861211,MODIS,83,22.6,1.85,0.84
2007,12,2.113942579317329,28.499362395521356,VIIRS,62,10.56,4.75,1.25
2007,12,2.356724891250997,28.39642442551198,VIIRS,68,66.63,6.2,3.66
2007,12,1.2576668233612394,28.672681453982804,MODIS,93,20.25,5.36,3.93
2007,12,1.7234040701121627,28.990753172632058,VIIRS,60,84.08,5.97,2.46
2007,12,1.1642462671266833,29.065972127126077,VIIRS,73,24.6,3.55,1.79
2007,12,1.0333893666462064,28.748433617681997,VIIRS,60,28.63,3.59,1.11
2007,12,1.5127147793109532,28.161765582968638,VIIRS,89,86.15,6.23,2.96
2007,12,2.3157118118785487,28.092560002490618,VIIRS,70,140.24,3.88,2.75
2007,12,1.3477004692298329,28.06752191026154,VIIRS,67,57.32,3.71,1.61
2007,12,1.3140395853622775,28.093879896921038,VIIRS,75,24.37,3.03,2.13
2008,1,2.2680019010391335,29.181156543779895,MODIS,95,28.65,6.08,2.12
2008,1,2.4432140793165154,28.35804081070252,VIIRS,78,9.26,2.81,2.24
2008,1,2.004913609948408,28.069783912224338,VIIRS,100,126.69,6.06,1.93
2008,1,2.390708764879453,28.572879105775645,MODIS,90,64.56,4.07,1.98
2008,1,1.3991716133570387,28.27681317593034,MODIS,64,113.13,2.08,0.35
2008,1,1.2515986207697336,28.007894168197137,VIIRS,67,56.79,5.74,1.14
2008,1,1.5659504137003073,28.555615207255002,MODIS,95,147.81,5.68,1.1
2008,1,2.030642525349417,28.518321988119446,MODIS,67,44.27,2.59,1.56
2008,1,2.415665161011413,29.190439052768067,MODIS,80,95.79,4.69,1.6
2008,1,1.4236212881536519,28.877679451504644,VIIRS,62,18.11,3.47,1.12
2008,1,1.7148934650259153,28.155914215602294,VIIRS,90,5.39,4.15,2.99
2008,1,1.1072478496548448,28.455793576018163,VIIRS,61,134.63,1.26,0.35
2008,1,1.2011558769771151,28.28798885708259,MODIS,62,34.68,1.16,0.32
2008,1,2.2979150255743805,28.954692467063932,MODIS,83,104.25,6.15,2.66
2008,1,1.5126201959370955,28.436414276736695,MODIS,65,81.79,3.22,2.41
2008,1,1.3298278954514584,28.53831748291862,MODIS,100,110.17,2.82,1.96
2008,1,1.328988930205527,28.959972918711244,MODIS,83,126.06,1.61,0.3
2008,1,1.3634077706031886,29.082155582183596,MODIS,88,70.95,1.54,1.08
2008,1,2.4777573356792026,28.07911418290582,VIIRS,99,27.06,4.81,2.62
2008,1,2.3270938250024953,28.19938499481891,MODIS,85,138.25,1.51,0.46
2008,1,1.190649587042254,28.707691315753546,VIIRS,93,44.95,4.46,2.94
2008,1,1.5074230778727973,28.936422622244564,MODIS,68,117.89,2.46,1.04
2008,1,2.016467383586022,28.16860259697002,VIIRS,81,134.74,3.78,2.69
2008,1,1.3846596894414986,28.784856536717847,MODIS,91,98.77,5.54,1.49
2008,1,1.1559537705435805,28.334013085991305,VIIRS,78,87.31,3.23,0.35
2008,1,1.4260261394959626,28.752175724574542,MODIS,68,92.8,6.18,3.95
2008,1,1.601847218502887,28.766041554211824,MODIS,62,53.57,3.09,0.48
2008,1,1.9506406396245801,28.870446102610586,VIIRS,62,13.46,6.13,2.71
2008,1,1.3229833964870843,28.670166316101515,VIIRS,97,85.14,3.23,2.21
2008,1,1.1082155945970382,28.49231528059699,VIIRS,61,134.79,4.17,2.23
2008,1,1.5132866909315972,28.723880037650424,MODIS,90,54.1,3.7,1.24
2008,1,1.402180153940561,28.160418585102757,MODIS,76,136.57,2.38,1.54
2008,1,2.423745958040644,28.89419978070348,VIIRS,71,133.95,4.94,2.32
2008,1,1.3755951868775163,28.260516275509218,MODIS,87,29.53,3.24,1.11
2008,1,2.343013637255621,28.09910168505242,VIIRS,72,88.27,4.27,1.12
2008,1,1.7541053187653861,28.206911919810302,VIIRS,99,78.05,1.76,0.88
2008,1,1.4882912979002574,28.448915039850007,MODIS,63,102.51,4.73,1.0
2008,1,1.4778253373033705,28.338550881149832,MODIS,83,90.44,1.58,1.09
2008,1,2.1744940018856775,28.570726387136208,VIIRS,92,51.21,2.07,0.61
2008,1,2.001270454397366,28.639678080989274,MODIS,84,67.87,1.66,1.04
2008,1,1.7547286073574155,28.99551949055267,MODIS,67,89.79,1.54,0.32
2008,1,2.175813376149282,28.202823811448347,MODIS,95,10.18,1.23,0.3
2008,1,1.615493954768365,28.11898212328704,MODIS,61,58.41,3.97,2.64
2008,1,1.386557494465377,29.05272755727917,MODIS,64,115.9,5.9,1.78
2008,1,1.4930667874022996,28.26081973457739,MODIS,72,108.06,4.5,1.39
2008,1,2.0154547193140306,28.25361864538528,VIIRS,70,67.56,1.17,0.77
2008,1,1.6834710805597293,28.64757757724688,MODIS,88,120.5,1.85,0.6
2008,1,2.0332769015837795,28.387898784006968,MODIS,87,59.78,1.91,0.67
2008,1,1.5075048121378831,28.700618742826354,MODIS,62,75.27,5.02,2.58
2008,1,2.2673775239969567,28.91329007564772,VIIRS,66,16.73,2.3,1.74
2008,1,1.8846587177877905,28.176326592700402,VIIRS,63,79.48,1.24,0.49
2008,1,2.1871614172179084,28.16826921735913,VIIRS,76,59.5,1.47,0.59
2008,1,2.1814782164787543,29.179148359413364,VIIRS,75,71.25,5.41,3.53
2008,1,2.0777955755550757,28.790634336457583,VIIRS,69,122.64,2.77,1.5
2008,1,1.4875622958992412,28.207522171111275,VIIRS,82,107.76,2.14,0.65
2008,1,1.9071711773547904,28.898796459344776,VIIRS,75,102.24,1.73,0.67
2008,1,1.5983982120802793,28.1769775663741,MODIS,92,41.34,3.49,2.5
2008,1,1.4206167097562215,28.5164619019599,MODIS,76,75.11,4.64,2.51
2008,1,2.3871609504178024,28.958200166366314,VIIRS,86,116.87,2.43,1.04
2008,1,1.2686299073211376,28.717815816926866,MODIS,66,54.38,4.47,2.42
2008,1,2.0145251677914926,28.527523061837215,MODIS,68,6.71,6.16,1.82
2008,1,2.1079285027078036,28.102875365493873,MODIS,67,98.8,3.05,0.63
2008,1,1.6082013166862055,28.547012887619044,MODIS,93,92.84,4.33,1.31
2008,1,2.484597586120999,28.771347618731888,MODIS,95,81.2,2.9,0.48
2008,1,1.1225608406498138,28.940150717175516,MODIS,92,98.09,1.61,0.5
2008,1,1.444830721589668,29.082481915770607,MODIS,94,118.49,2.68,0.52
2008,1,1.51200159725009,28.681093877301496,MODIS,76,82.89,5.58,1.45
2008,1,1.915945052310964,28.498188462033625,MODIS,72,142.72,3.77,2.24
2008,1,1.6435115315909716,28.104064797577184,VIIRS,99,101.36,2.42,0.36
2008,1,2.0705880207395766,29.153240768975067,VIIRS,97,76.06,5.38,2.43
2008,1,1.9802854225657534,28.747138621856333,VIIRS,98,58.51,4.33,2.72
2008,1,2.298956793540462,28.396819937156366,MODIS,97,48.96,6.1,4.48
2008,1,1.7722649992918749,29.047479042273675,MODIS,66,33.13,3.7,1.28
2008,1,1.8744515400556367,28.89991335106219,MODIS,81,104.32,2.26,0.78
2008,1,1.5804714345194593,28.425297550294104,MODIS,72,63.01,5.92,2.34
2008,1,2.449013297753744,28.94969160160915,VIIRS,81,141.29,2.62,2.05
2008,1,1.3501569296733227,28.59314454366514,VIIRS,70,100.54,3.7,1.15
2008,1,1.4446590900494771,29.023872189448614,VIIRS,74,117.13,4.48,1.35
2008,1,1.0376934503458153,28.977698459113135,VIIRS,74,89.06,5.67,3.31
2008,1,1.3467407590660179,28.083631348662053,MODIS,84,40.33,2.23,0.81
2008,1,1.723373191576611,28.07185629296269,VIIRS,68,56.76,2.67,0.62
2008,1,2.4292495993833167,29.094385044768856,VIIRS,61,93.97,3.61,0.92
2008,1,2.0099632645083485,28.878898202620984,MODIS,80,124.11,4.64,0.83
2008,1,1.7475581248007375,28.89588650769773,MODIS,66,105.74,1.75,1.04
2008,1,1.0597025326570588,28.221143893445408,MODIS,84,8.01,5.7,2.46
2008,1,1.5254228450774696,29.079366214623146,MODIS,75,85.52,6.23,2.31
2008,1,1.5627147990865653,28.62577696340341,VIIRS,81,113.22,2.46,1.33
2008,1,2.1863790201175624,28.65840865977791,VIIRS,87,147.04,5.22,3.0
2008,1,1.9153254355943619,28.118263323365387,MODIS,90,67.08,1.14,0.29
2008,1,1.6572505515317464,28.668008809054243,MODIS,68,59.75,1.81,0.48
2008,1,1.6211482942853532,28.343030777605314,VIIRS,67,35.35,3.82,2.14
2008,1,1.4551037161230658,29.05135187309808,MODIS,65,126.33,1.14,0.67
2008,1,2.122008567757961,28.526230963104688,VIIRS,99,107.71,4.86,3.13
2008,1,2.276895398795234,28.718863319747634,VIIRS,100,117.6,3.2,2.09
2008,1,2.445289060843376,28.49396696564707,VIIRS,84,62.45,3.84,2.81
2008,2,2.016410399219139,28.69282694116008,MODIS,96,17.96,1.24,0.92
2008,2,1.9192831658469554,28.255626624354843,MODIS,61,85.19,3.06,2.08
2008,2,1.3385901888345435,28.3238981699898,MODIS,88,137.35,1.73,0.9
2008,2,2.0922757752688637,28.084226590204977,VIIRS,81,128.65,3.32,2.09
2008,2,2.1757313000398346,28.537114333577012,VIIRS,84,24.34,2.83,1.87
2008,2,1.5950408250021049,28.602699816934596,VIIRS,77,27.67,2.95,1.15
2008,2,2.0118696969563614,28.46070880253031,MODIS,68,113.0,2.79,1.49
2008,2,1.967861158107135,28.929684976944436,VIIRS,77,22.03,4.87,0.97
2008,2,2.4730143816289147,28.935362584281293,MODIS,80,115.97,4.41,0.59
2008,2,1.092426654872377,28.557009817396317,MODIS,84,60.78,1.53,0.72
2008,2,2.1311565877642313,28.975169771817665,MODIS,69,69.7,5.4,2.5
2008,2,2.0997395011444833,28.312180033394135,MODIS,64,123.69,6.01,1.07
2008,2,2.4662938570316406,28.509584635949803,VIIRS,91,15.91,2.96,0.46
2008,2,2.2520882224809315,28.446100078328357,VIIRS,81,39.79,2.32,0.99
2008,2,1.3905764107501963,28.404689360888057,MODIS,98,90.86,4.7,2.97
2008,2,1.5622521395202393,28.373595253573168,VIIRS,68,135.72,3.98,1.06
2008,2,1.1774814136056835,28.708618851541424,MODIS,96,99.75,4.06,1.93
2008,2,1.8131221565446818,28.480700073080698,MODIS,80,42.12,3.96,0.71
2008,2,2.4056662120718615,28.33369943548478,VIIRS,60,16.35,4.23,1.73
2008,2,2.1785864066494387,28.406758606814943,MODIS,62,79.94,1.88,1.35
2008,2,1.8230387331865767,28.162754233312903,MODIS,77,58.92,1.15,0.51
2008,2,1.3240127393165932,28.663789132907404,MODIS,89,101.5,1.56,0.46
2008,2,1.333967335435345,28.136931988640672,VIIRS,74,100.05,1.31,0.92
2008,2,2.1614951926719748,28.011113560838027,VIIRS,100,63.1,2.97,1.99
2008,2,1.1181592914110126,29.18482216178279,VIIRS,88,30.75,3.52,2.73
2008,2,1.402973644641554,28.812460563740235,VIIRS,94,50.59,5.34,1.0
2008,2,1.548824400555493,28.03970754738773,VIIRS,81,28.08,6.19,1.79
2008,2,2.4885527927971287,28.486549036820367,VIIRS,100,79.14,1.12,0.45
2008,2,2.3470716068018183,29.143897319315933,MODIS,92,85.41,3.82,1.57
2008,2,2.301894661564282,28.95563647181422,MODIS,69,13.39,5.69,3.24
2008,2,1.3699682590678712,28.954671150846846,MODIS,72,100.87,4.4,1.61
2008,2,1.0881193420629902,28.80403574273985,VIIRS,62,24.18,4.35,3.2
2008,2,1.7969591357105883,28.307749614895286,MODIS,95,119.89,6.13,3.81
2008,2,1.6220552204283394,28.545404856931764,VIIRS,89,55.02,4.99,3.89
2008,2,1.6399224191050497,28.005603181790033,VIIRS,100,108.65,4.51,2.84
2008,2,1.7988853409412133,28.53878562023948,MODIS,66,26.25,3.26,0.38
2008,2,1.1366802901151132,28.584463079785927,MODIS,87,108.1,1.8,0.18
2008,2,1.4230846839593956,29.109664498251412,MODIS,68,84.64,5.89,0.8
2008,2,2.168810431428508,28.669872984404424,MODIS,78,9.23,2.13,0.84
2008,2,1.2008438930234808,28.188156879106373,MODIS,72,83.57,4.98,3.17
2008,2,1.3776249249020858,29.067439482704337,VIIRS,68,79.33,5.79,2.27
2008,2,1.6933426701340035,28.097276153586233,VIIRS,84,44.79,3.89,1.79
2008,2,1.7103457513845934,28.857933221904045,MODIS,67,15.95,5.06,3.82
2008,2,1.6734003376510058,29.146296789266056,MODIS,82,5.13,1.6,1.09
2008,2,1.3909749167147103,29.014521824667856,VIIRS,99,44.18,5.52,4.18
2008,2,1.8408318424877415,28.80715003131558,MODIS,63,30.34,1.45,0.21
2008,2,1.8498948645314686,29.02046120477967,MODIS,66,124.07,5.08,2.49
2008,2,1.5380470728320195,28.69538962386941,MODIS,75,97.76,3.96,0.96
2008,2,2.2534208288696824,28.87189144563711,VIIRS,72,130.15,5.75,2.25
2008,2,1.1149286639048226,28.78439749632225,MODIS,61,23.85,4.12,2.6
2008,2,1.1681314701583423,28.259325613670043,VIIRS,72,94.88,1.52,1.03
2008,2,2.350657775173653,28.446683819067626,MODIS,83,40.32,1.51,0.21
2008,2,1.4651519851323007,28.212381069197573,VIIRS,64,99.28,3.12,2.12
2008,2,2.4020134294036883,28.906995271532963,MODIS,67,54.03,1.43,0.46
2008,2,1.5178032698087651,28.505784698414494,MODIS,87,15.62,3.04,0.68
2008,2,1.141583781073479,28.215943989785824,VIIRS,76,86.47,3.98,0.49
2008,2,1.3286910390317428,28.956960240288456,VIIRS,91,35.87,4.94,0.56
2008,2,1.2621977533498434,28.523602873972536,MODIS,89,148.54,3.82,0.86
2008,2,1.2645726496573964,29.103214394178366,VIIRS,64,31.5,5.97,1.91
2008,2,2.1566744999626812,28.822792280648045,MODIS,96,72.2,4.28,1.28
2008,2,1.585146734827955,28.843500714930915,VIIRS,89,91.46,2.4,0.89
2008,2,2.184167375152497,28.464068308479067,MODIS,70,142.51,5.43,2.49
2008,2,1.4300983337911708,28.376328576255535,VIIRS,77,66.15,2.12,0.43
2008,2,2.325159877145878,28.83600462018904,MODIS,72,68.92,5.41,2.52
2008,2,1.6103265192922351,28.558888271581438,MODIS,72,54.85,3.08,2.44
2008,3,1.4619493229082619,28.285666731032798,MODIS,87,48.44,6.21,1.17
2008,3,1.1956421286055767,28.891827091110976,VIIRS,84,50.95,3.83,1.71
2008,3,2.2209265574429486,28.28663116187544,MODIS,61,46.49,2.01,1.09
2008,3,1.1813790680651484,28.547177538866137,VIIRS,60,13.41,1.27,0.88
2008,3,1.6857768775938256,28.187833105474887,MODIS,99,138.7,4.51,0.87
2008,3,1.922682863117838,28.65141937996946,VIIRS,80,133.97,1.25,0.29
2008,3,1.9503405155883593,28.480747951571157,MODIS,73,48.92,4.25,2.8
2008,4,1.0124658318963111,28.196878184329428,MODIS,92,72.57,4.17,0.73
2008,4,1.9481805048819678,28.87568251408922,VIIRS,75,75.05,1.12,0.33
2008,4,2.3411874336192273,28.591719042413494,VIIRS,71,114.42,1.79,1.21
2008,4,1.244828736156397,28.313243294706258,MODIS,73,87.47,2.7,2.1
2008,4,1.4067838312086456,28.40286264282929,MODIS,85,11.36,1.28,0.37
2008,4,2.1384859754526477,28.682700196614658,VIIRS,76,67.95,3.12,1.12
2008,4,2.4918401967092167,28.985641135014248,MODIS,75,142.55,1.25,0.21
2008,4,1.3529931391475007,28.23931777348774,MODIS,94,7.96,5.15,1.72
2008,4,1.9419334509019055,29.17302398319836,MODIS,89,62.91,5.39,2.99
2008,4,1.8662354560632126,28.58366650029493,MODIS,97,75.56,1.13,0.46
2008,5,1.8570473395144211,28.761111127079467,VIIRS,86,23.53,4.53,2.75
2008,5,1.857358023724583,28.449419090872667,MODIS,66,36.96,2.66,0.56
2008,5,1.1056377056724669,29.008318442395,MODIS,70,47.03,4.09,1.82
2008,5,1.843211873389948,28.255341401594272,VIIRS,84,5.26,2.55,1.21
2008,5,1.2965526853954477,28.102021327877978,VIIRS,84,61.27,1.49,1.01
2008,5,1.3733891794808282,28.355807102609763,VIIRS,69,132.34,6.11,3.39
2008,5,1.9637397758706778,29.15567245203575,MODIS,90,59.76,1.27,0.54
2008,5,1.056457217945169,28.982386431715913,VIIRS,81,38.35,4.16,1.91
2008,5,1.498657066441078,28.51368320268529,MODIS,69,27.72,1.41,0.69
2008,5,2.2183047303412415,28.897591618849095,MODIS,100,75.21,1.06,0.71
2008,5,2.2216275963359715,28.18665322004716,MODIS,93,119.43,4.51,1.5
2008,5,1.7829566710578464,28.97401784181444,VIIRS,70,8.78,3.25,0.44
2008,5,2.299621219152006,28.12570183380287,VIIRS,66,87.01,2.39,0.43
2008,5,2.001341579092739,28.517955990052755,MODIS,88,136.13,3.67,2.74
2008,5,1.029828030545409,28.3416319220553,MODIS,76,67.91,5.44,4.06
2008,5,1.9232555094828225,28.006060568417084,MODIS,79,108.92,2.7,1.96
2008,6,1.0104782252136988,28.79730638142769,VIIRS,92,98.47,3.02,0.43
2008,6,1.8912858937703092,29.108887349046636,MODIS,90,93.33,3.91,0.53
2008,6,1.9477751923079254,28.63565786696318,VIIRS,88,23.51,2.65,0.59
2008,6,1.2965257478350374,28.602415288177717,MODIS,67,75.05,1.04,0.23
2008,6,1.3715352121053277,28.68778226626317,VIIRS,97,5.97,4.12,2.78
2008,6,2.1573779784856173,29.001231638208807,VIIRS,73,96.63,2.57,0.74
2008,6,1.0695296733479867,28.516411823730994,MODIS,88,67.82,4.72,2.31
2008,6,2.256170396465886,28.59413539478752,MODIS,76,26.05,5.78,3.96
2008,6,2.2947630183681453,28.04118841953273,MODIS,99,51.83,1.01,0.76
2008,6,1.4368796210945296,28.375441562006646,VIIRS,67,106.33,1.98,0.89
2008,6,1.2049589769956572,28.699514046082733,MODIS,64,75.56,1.66,0.49
2008,6,2.1808970328843795,28.245695066826347,MODIS,83,9.62,5.57,2.39
2008,6,2.1684922269631626,28.44831268391228,MODIS,92,43.33,1.03,0.34
2008,6,2.4769548368916836,29.075144292039365,VIIRS,80,132.43,3.89,1.71
2008,6,1.5114228759488328,28.991185711326466,MODIS,94,86.01,6.01,3.04
2008,6,2.1732278958145432,29.057774932618997,MODIS,99,30.83,2.87,1.84
2008,6,1.0998729585153249,28.409266368681543,VIIRS,84,74.83,1.46,0.26
2008,6,1.4385822234472858,28.645110519410025,VIIRS,91,32.96,2.68,1.23
2008,7,1.3459756752082053,28.858349881629135,VIIRS,61,24.62,4.34,1.15
2008,7,2.275413668497136,28.764296559191624,VIIRS,78,105.02,5.74,3.79
2008,7,2.4673009247086233,28.153490873604028,MODIS,80,122.18,5.27,2.47
2008,7,1.3289149608395625,29.083053989266624,VIIRS,70,102.74,5.51,0.95
2008,7,2.4583710719023215,28.67055891633009,MODIS,62,86.05,5.31,3.04
2008,7,2.3032474932147515,28.052031475185508,VIIRS,100,131.01,1.09,0.45
2008,7,2.117990353635771,28.228770081567003,MODIS,100,128.28,2.73,0.45
2008,7,1.8547424708095315,28.261222797848273,VIIRS,83,67.02,6.14,1.58
2008,7,1.8173820405350571,28.37641901598907,MODIS,80,46.63,4.75,1.45
2008,7,2.2785174314203425,29.066669193808465,VIIRS,85,16.74,1.29,0.28
2008,7,1.0123312641593483,28.35757333922874,VIIRS,74,60.01,3.67,2.36
2008,7,1.624635074606274,28.275132817878923,MODIS,99,60.98,5.6,1.83
2008,7,1.5548464884239621,28.877014838570705,VIIRS,88,106.16,3.1,1.48
2008,7,2.1216771950887003,28.7507708432184,MODIS,79,55.27,3.06,0.67
2008,7,2.142497844602097,28.875147578588543,MODIS,70,35.44,1.02,0.4
2008,7,1.8932145684469543,28.84406899307574,MODIS,98,52.64,3.5,0.41
2008,7,1.2408592214966085,29.028666050577918,VIIRS,89,41.78,5.58,3.42
2008,8,2.208153370067782,28.05663213630916,VIIRS,73,6.99,1.17,0.87
2008,8,1.9139449863459639,28.827622718186625,VIIRS,98,116.95,5.15,0.88
2008,8,2.007803377708579,28.38124492501377,MODIS,98,70.48,2.92,1.98
2008,8,1.5769176211452742,28.444775796221137,MODIS,88,64.33,4.05,1.91
2008,8,1.1690447367594001,28.980840963118354,VIIRS,82,21.05,1.21,0.63
2008,8,1.2003581600516398,28.82268266294708,VIIRS,63,19.96,2.11,0.75
2008,8,1.8756455134912122,28.591955794478203,VIIRS,72,12.82,2.16,0.94
2008,8,1.9871303116706909,29.134340164345886,MODIS,79,119.04,3.26,2.54
2008,8,2.2220166966506985,28.343432082775372,VIIRS,71,132.56,5.42,2.24
2008,8,1.309797732574935,28.032275295470008,VIIRS,90,90.97,5.01,3.37
2008,8,2.277741208173933,29.17883643761754,VIIRS,75,38.21,1.87,0.27
2008,8,1.1596143178076623,28.784119615596257,VIIRS,98,34.14,5.79,2.32
2008,9,1.2900716008917053,28.51703026427928,MODIS,67,89.06,5.31,3.82
2008,9,1.6444042785718613,28.876513359621928,VIIRS,82,35.47,2.31,1.61
2008,9,1.5949616080059523,29.044379180665164,MODIS,74,137.46,3.93,2.73
2008,9,2.4914232435942307,28.327476120108734,VIIRS,75,33.56,2.36,1.47
2008,9,1.9279170622345776,28.358533730277387,MODIS,95,62.91,3.96,2.53
2008,10,1.4284365880504335,28.244299665165638,VIIRS,96,34.47,6.04,2.99
2008,10,2.22933660640234,28.813920677619198,MODIS,75,140.4,3.54,0.99
2008,10,1.8544113598436247,29.14831864216702,VIIRS,87,107.9,3.86,0.76
2008,10,2.302263439546447,28.08385662423256,MODIS,98,102.18,4.48,2.07
2008,10,2.024371093895459,28.285983995879036,MODIS,64,85.67,4.13,2.45
2008,10,1.2364501697877082,28.553500358194754,VIIRS,98,23.69,4.71,3.47
2008,10,1.0173552068553433,28.30592952422663,MODIS,64,82.15,1.57,0.31
2008,10,1.3729400062173402,28.497567425217948,MODIS,83,5.14,5.24,1.31
2008,10,2.4361839167426362,28.782951175902618,MODIS,74,13.12,4.74,1.51
2008,11,2.043516705666868,28.054301389426268,VIIRS,72,35.78,3.96,1.06
2008,11,1.1369125271852667,28.525940625024734,MODIS,62,78.64,5.2,2.68
2008,11,1.6225097183943835,29.0230309662297,VIIRS,68,111.01,4.98,3.81
2008,11,1.9310029412920344,28.360087799795078,VIIRS,76,107.4,2.13,0.9
2008,11,1.6953590157679215,28.925695330497057,MODIS,91,69.51,3.68,1.54
2008,11,1.2918485641225628,28.72253860653297,MODIS,90,36.22,2.93,2.18
2008,11,1.5732211145312645,28.578816152963697,MODIS,99,133.88,2.2,1.42
2008,11,1.3300709210698411,28.571219429934505,MODIS,70,128.1,4.69,2.66
2008,11,1.8771024127586684,28.23984910631232,MODIS,97,146.75,2.16,1.1
2008,11,2.110309232965144,28.470690803147253,VIIRS,89,137.1,5.53,1.03
2008,11,1.6886313556043009,28.52808176056757,MODIS,86,123.7,6.02,4.19
2008,11,1.7724730981343007,28.788464439620654,MODIS,99,123.79,3.26,2.42
2008,11,2.05647621224335,29.04778663147771,VIIRS,75,117.72,3.37,2.43
2008,11,1.7302901407081748,29.19746846341708,VIIRS,75,80.2,5.82,2.01
2008,11,2.1181973473152826,28.97460812001918,VIIRS,98,8.47,4.45,1.64
2008,11,1.9555591092588465,28.996203752445407,MODIS,74,143.6,4.8,1.29
2008,11,1.0112260011685255,28.791809912064238,VIIRS,92,11.71,4.39,1.88
2008,11,2.0815544518689792,28.49784301671117,VIIRS,98,109.09,3.66,0.7
2008,11,2.238039372973916,28.361495978757294,MODIS,63,134.95,5.83,3.85
2008,11,1.7377668396028296,28.76204854600153,VIIRS,98,68.3,3.64,0.84
2008,12,1.8103630379912632,28.561117343419525,MODIS,75,141.81,1.51,1.18
2008,12,1.9623721226456676,28.61290295176522,VIIRS,66,86.15,6.13,2.93
2008,12,1.3480666387593794,29.05731744264986,VIIRS,76,104.98,5.81,1.93
2008,12,2.013867351586129,28.20917754179934,VIIRS,97,121.49,4.9,1.61
2008,12,1.484660364699844,29.126815812457377,VIIRS,87,127.05,4.88,2.14
2008,12,1.6567620925163746,28.672435568796665,MODIS,70,109.66,5.35,1.3
2008,12,2.141252250226488,28.552564535083512,MODIS,62,76.97,4.09,1.93
2008,12,2.2438604784279006,29.14946725040545,VIIRS,79,20.48,2.3,1.62
2008,12,1.4867421170154844,28.261894115500123,MODIS,86,9.15,4.29,1.47
2008,12,1.8591236681953078,28.86537836021176,VIIRS,74,126.92,4.39,2.15
2008,12,1.6763717670375229,29.128030009749974,MODIS,73,90.73,1.36,0.72
2008,12,1.7919264193115831,28.52677771299135,MODIS,95,142.99,5.67,1.62
2008,12,1.7319094451709622,28.624457177932708,VIIRS,80,121.11,5.92,1.76
2008,12,2.224663233320579,28.060426028240446,VIIRS,66,122.13,3.43,2.5
2008,12,1.846514892576809,28.31792539225909,VIIRS,98,43.44,1.58,0.86
2008,12,1.6296916974021074,29.02368299353356,MODIS,91,12.04,1.87,1.11
2008,12,2.2298287594556263,28.315968458208122,MODIS,76,53.82,2.35,1.04
2008,12,2.454526865754714,28.225658077153888,MODIS,98,106.8,3.35,0.56
2008,12,2.0214802120953097,28.085926290497063,MODIS,62,147.29,5.36,2.92
2008,12,1.9162633106047335,28.354601052183998,MODIS,60,118.99,4.52,2.8
2008,12,2.0928227098959815,28.96925857421541,MODIS,72,128.38,3.35,1.11
2008,12,1.94124240210051,29.058792331929066,VIIRS,70,38.64,5.38,4.17
2008,12,1.028824370155496,29.139820282606557,MODIS,100,15.9,3.24,1.72
2008,12,1.2203649950414754,29.044957735966296,VIIRS,69,47.05,3.37,0.85
2008,12,1.9224337145634944,28.722040442768098,MODIS,71,65.83,2.95,0.35
2008,12,2.249797306072704,29.16317559416376,VIIRS,65,78.16,4.55,3.19
2008,12,1.9511817881596516,28.467608068864134,VIIRS,69,99.63,2.69,0.71
2008,12,1.3578255686910619,29.00925894941751,VIIRS,88,15.78,5.99,1.93
2008,12,1.331077343817888,28.637987464654884,VIIRS,100,101.09,1.95,0.65
2008,12,2.3300192555716994,28.83869679956839,MODIS,95,22.66,1.18,0.87
2008,12,1.3095748551963735,28.916812757029458,VIIRS,93,13.52,4.88,1.18
2008,12,1.0962601785406356,28.51292568492217,MODIS,83,117.84,2.45,0.62
2008,12,2.2109434405347193,28.089877660589963,MODIS,95,147.48,6.01,1.47
2008,12,2.2896126763717692,28.1998381323166,MODIS,97,11.33,4.33,2.17
2008,12,1.2092931627038208,28.999774441816392,MODIS,77,69.33,4.54,1.37
2009,1,1.6984800456690343,28.843277892327503,MODIS,91,41.49,4.4,2.47
2009,1,1.1431149556064149,29.138910711730936,MODIS,71,30.96,3.23,2.1
2009,1,2.3231290255204344,28.89872427855646,MODIS,67,106.64,4.72,0.81
2009,1,1.5667499323580047,28.45788640550691,MODIS,70,120.08,2.71,1.64
2009,1,1.774978136149845,28.37303842337478,MODIS,85,91.27,6.18,0.84
2009,1,1.900829034605172,28.735324758067875,VIIRS,89,32.18,1.19,0.9
2009,1,1.1529922594776907,29.001590644694804,VIIRS,76,46.86,2.71,1.31
2009,1,1.02907631304028,28.936311503452263,VIIRS,80,74.04,2.7,1.23
2009,1,1.3624934576616812,28.141554029559614,MODIS,67,94.15,2.94,0.9
2009,1,1.284272885774577,28.046758875310886,VIIRS,63,94.67,5.87,4.38
2009,1,2.0667613559199562,28.637912104365242,VIIRS,85,43.1,5.3,1.72
2009,1,1.2627739755290321,28.12887595685067,VIIRS,86,115.85,4.35,2.48
2009,1,1.3441916862556873,28.59418593587653,MODIS,87,87.69,6.11,2.75
2009,1,1.1883891175543118,28.807064773041347,VIIRS,98,112.0,2.58,1.78
2009,1,1.6104176542278286,28.407878121038728,VIIRS,71,98.03,3.62,0.72
2009,1,1.142331183442095,28.842444280620406,VIIRS,68,122.79,4.82,3.68
2009,1,1.0787950980840308,28.91176466357662,MODIS,86,97.37,6.12,1.63
2009,1,1.7496192748488035,28.293402699374667,VIIRS,65,143.09,2.18,1.59
2009,1,1.6677176855408538,28.58494346966366,MODIS,62,61.05,2.22,1.2
2009,1,1.2751941053655225,28.4994255996979,MODIS,95,109.92,2.14,0.72
2009,1,1.828090786003913,28.16220439131497,VIIRS,86,56.74,4.44,0.48
2009,1,2.1281392643960095,28.84117425088405,MODIS,95,60.69,4.67,1.0
2009,1,1.7276416931028966,28.34653965200258,VIIRS,78,37.17,3.8,1.47
2009,1,1.6366393660348444,28.777490332901003,VIIRS,84,138.0,2.26,1.28
2009,1,1.790332095561003,28.7640437336409,MODIS,74,75.07,2.52,1.13
2009,1,1.0646805983266225,28.31051309870745,MODIS,89,85.27,4.22,3.05
2009,1,1.1962209616666357,28.35202787596064,VIIRS,60,101.38,1.29,0.35
2009,1,1.1331482043452805,28.031153172214548,VIIRS,100,16.72,5.16,3.13
2009,1,2.180826520804789,28.14337882127128,VIIRS,78,42.86,2.62,0.59
2009,1,2.1651936350014025,28.67559481081778,MODIS,80,79.89,4.08,1.78
2009,1,1.209356308951544,28.566637757608085,MODIS,66,125.13,1.1,0.61
2009,1,1.1487715307443138,29.028016949641984,VIIRS,90,52.69,1.13,0.3
2009,1,2.4368264089237037,28.033501612475792,MODIS,67,10.96,3.51,2.05
2009,1,1.6108322647501256,28.262052910876733,MODIS,63,13.01,5.44,3.84
2009,1,1.1682630721615697,28.61973582908681,MODIS,99,33.56,2.42,1.71
2009,1,1.5976756977734166,28.55055054035394,VIIRS,90,120.43,5.22,1.26
2009,1,1.1064343913445707,29.19903617009277,MODIS,91,80.24,5.75,3.74
2009,1,1.75414743455387,28.357599655639525,VIIRS,88,105.65,3.35,0.99
2009,1,1.3186313515117538,28.126502668109307,MODIS,93,143.29,3.13,2.05
2009,1,1.1436344191366152,28.422792092193927,MODIS,73,16.98,3.41,2.6
2009,1,1.218486277305924,29.088023839379673,MODIS,83,35.15,6.22,2.47
2009,1,1.1649386747942725,28.906166803749908,VIIRS,75,13.51,5.62,2.94
2009,1,2.3669965929708914,28.857959036250836,VIIRS,81,110.34,3.29,2.45
2009,1,1.955854151990179,28.304355620582065,MODIS,90,89.65,2.85,0.7
2009,1,2.325265832713168,28.850151766751125,MODIS,78,58.92,3.42,0.41
2009,1,2.409393965668144,28.15155840556156,MODIS,91,79.92,4.67,3.54
2009,1,1.313225742754786,28.109774863460775,VIIRS,77,128.97,6.12,1.05
2009,1,1.5466916012413408,28.942215616661795,VIIRS,67,96.79,1.69,1.22
2009,1,1.505567555353606,29.140983617974072,VIIRS,68,66.06,1.32,0.53
2009,1,2.193128202608307,28.304969984103643,MODIS,66,25.76,5.84,1.59
2009,1,1.548235704629247,28.20019045800991,VIIRS,88,139.65,4.79,2.86
2009,1,1.4063808869715297,28.833850386502295,VIIRS,67,133.18,2.87,1.62
2009,1,1.8949969023956428,28.47184902239605,MODIS,87,101.86,3.94,1.81
2009,1,2.1950647565959933,28.33496883992298,VIIRS,72,36.4,4.65,2.21
2009,1,2.404041091701851,29.01196944216285,MODIS,90,29.55,3.02,1.96
2009,1,1.0833113397775866,28.0960888402897,VIIRS,90,80.58,5.3,1.0
2009,1,1.4593687068314833,28.73887567054143,MODIS,78,97.64,4.14,1.49
2009,1,1.125007151648275,28.348292206287557,VIIRS,77,77.05,1.96,0.73
2009,1,2.1122466513535905,29.017294213634315,VIIRS,93,32.88,4.61,3.39
2009,1,2.022919085509382,28.599292979070032,VIIRS,98,16.35,1.17,0.43
2009,1,1.049481388436729,28.640852143419465,VIIRS,86,92.6,5.77,0.75
2009,1,1.3667963734856436,28.39994959225358,MODIS,89,119.06,5.72,2.5
2009,1,2.0843036767291174,28.00401792625681,VIIRS,77,92.35,4.51,3.56
2009,1,2.118495004822128,28.571427688876557,VIIRS,96,89.82,4.95,1.54
2009,1,2.40792815472056,28.622161416013373,MODIS,78,44.74,4.95,2.49
2009,1,1.1050420633990545,28.440818201752652,VIIRS,100,36.5,1.07,0.81
2009,1,1.0460461088266177,28.50490672497124,MODIS,60,7.51,1.41,0.7
2009,1,1.5169530586890125,28.64222498240014,VIIRS,93,115.45,5.08,3.82
2009,1,1.1422500897860783,28.148862691714136,VIIRS,71,84.42,5.5,0.62
2009,1,1.2210025632212662,28.419408539620466,VIIRS,92,144.88,2.29,0.27
2009,1,1.0617568057905915,28.480357402435427,MODIS,84,14.4,5.15,0.83
2009,1,1.996407446135154,28.74145107194783,VIIRS,84,93.68,2.88,0.87
2009,1,2.432259732828749,28.237813272298286,VIIRS,65,133.98,1.64,1.19
2009,1,1.711446124039864,29.123991668566376,VIIRS,60,101.51,5.09,3.6
2009,1,1.0337697100872434,28.531677733442837,MODIS,66,115.34,4.77,1.06
2009,1,1.4799420197319773,28.178927350319757,MODIS,89,36.04,5.39,3.81
2009,1,2.3388928765330945,28.840529460920298,MODIS,66,107.31,4.33,1.33
2009,1,1.8410439911972714,28.151307033243864,MODIS,84,106.84,2.55,1.23
2009,1,1.5879491004157633,28.376665526554646,VIIRS,82,91.47,5.78,4.44
2009,1,2.0393577803260476,28.526347990042517,MODIS,63,48.17,4.88,0.92
2009,1,1.7670743500923543,28.9793198406485,VIIRS,86,37.99,1.75,0.4
2009,1,2.1040803191803574,28.509629192626758,VIIRS,87,95.74,1.15,0.36
2009,1,1.4239991584105782,28.905448920975267,MODIS,70,45.5,3.76,0.6
2009,1,1.284647252346585,28.455729288802537,MODIS,89,123.74,5.98,4.75
2009,1,1.581358640433658,28.401762766345293,MODIS,68,41.73,1.12,0.31
2009,1,1.3637284724029803,28.003413159268035,VIIRS,60,6.33,1.67,0.74
2009,1,1.643365536780851,28.36724375248831,MODIS,75,51.01,4.88,1.57
2009,1,1.7876008989739445,28.16164540422653,MODIS,84,144.3,4.76,1.3
2009,1,1.0023071096493772,28.45032915455512,VIIRS,92,75.39,1.29,0.61
2009,1,1.8880347507979562,28.77270867125095,VIIRS,94,123.92,1.5,0.45
2009,1,2.1372233788537685,28.651027367551126,VIIRS,89,107.85,2.15,0.84
2009,1,1.7632064461213928,28.118127603686318,MODIS,65,98.21,2.0,0.54
2009,1,1.8600066986986268,28.528092855585005,VIIRS,92,74.85,6.18,2.54
2009,1,1.0988075755942484,29.069005943031232,MODIS,64,127.42,1.43,0.87
2009,1,1.243316008004505,28.33108883495183,MODIS,62,34.69,5.42,2.98
2009,2,1.9598763819357032,29.166557666981287,MODIS,60,143.74,5.35,3.74
2009,2,1.7906935129064971,28.800427386613293,VIIRS,95,19.44,4.51,2.19
2009,2,1.8929296334113541,28.837954491378067,VIIRS,61,79.66,4.13,1.01
2009,2,1.7539392131600664,28.980495007422764,VIIRS,74,87.75,4.91,2.89
2009,2,1.708952825675952,29.00308510658755,MODIS,84,112.3,6.14,1.92
2009,2,1.117968008425265,28.156206400307486,MODIS,78,113.1,2.78,1.64
2009,2,1.8350856348567357,28.215022624250444,VIIRS,81,87.24,2.55,0.44
2009,2,2.0184978008158234,28.096032227186374,VIIRS,98,76.85,3.9,2.91
2009,2,1.4058339187910316,28.326599671919414,MODIS,93,147.14,4.71,3.72
2009,2,2.211336372725069,28.175826903159738,VIIRS,81,12.04,1.14,0.57
2009,2,2.1958010436782756,29.073034197830054,VIIRS,74,126.21,1.21,0.82
2009,2,2.2074483661891637,29.17689041991806,MODIS,93,134.23,5.89,2.06
2009,2,1.6323544342591798,28.618895997935148,VIIRS,76,118.38,4.75,1.72
2009,2,1.8369665288651276,28.220568463434,VIIRS,90,55.18,1.45,0.25
2009,2,1.6701554136967662,28.981745125568267,MODIS,92,107.66,3.42,1.1
2009,2,1.9231957188022228,28.8220828783753,MODIS,98,68.46,4.71,1.87
2009,2,1.1578350144410097,28.23630015100808,VIIRS,77,31.85,4.02,1.52
2009,2,1.2009502842801782,28.971895901669022,VIIRS,83,71.03,3.45,0.64
2009,2,1.0060938467287113,29.188739304992627,MODIS,64,78.3,1.53,1.07
2009,2,2.396851222825198,28.054948156946686,MODIS,62,87.25,5.28,2.01
2009,2,1.8128003790947775,29.17082574758753,MODIS,65,118.59,2.23,0.38
2009,2,1.9756490174432377,28.703587781310485,VIIRS,82,8.79,4.48,2.74
2009,2,1.6832650106441671,28.227653954350615,MODIS,70,65.66,1.37,0.44
2009,2,2.2821426318338194,28.234469503125965,VIIRS,81,47.48,4.02,2.43
2009,2,1.861146931942878,29.060290453710387,MODIS,91,118.93,3.81,0.81
2009,2,2.4236216050738415,28.287682544168536,MODIS,73,26.75,5.04,1.59
2009,2,1.375200401621547,28.877832921771013,MODIS,64,112.16,1.48,0.81
2009,2,1.6072945280696422,29.06129365107768,VIIRS,91,145.31,1.42,0.42
2009,2,1.5519454873399403,28.120031377200284,VIIRS,82,135.83,1.19,0.55
2009,2,2.3608977376543656,28.810547866211795,VIIRS,70,108.79,4.65,1.5
2009,2,1.3125648951471613,28.11638649329023,MODIS,67,71.83,2.46,1.68
2009,2,1.9485817837063333,28.35136002852067,VIIRS,74,112.95,1.15,0.53
2009,2,2.078059711707033,28.519710987560874,VIIRS,80,88.64,2.33,1.57
2009,2,2.03190827759828,28.659400785828055,MODIS,72,37.74,6.22,3.79
2009,2,1.9318545236915001,28.235617598660852,VIIRS,95,70.65,4.75,1.48
2009,2,1.6302898049744334,28.854529851341592,MODIS,71,11.54,1.81,1.45
2009,2,2.3903750066101797,28.654986742209232,VIIRS,69,110.85,5.36,1.44
2009,2,1.044383163117714,28.158358334262306,MODIS,91,72.7,3.8,2.25
2009,2,1.1204199560882742,28.959732001050288,VIIRS,89,17.01,5.81,4.19
2009,2,1.5272992390934084,28.971693687360617,MODIS,63,87.75,3.81,0.43
2009,2,1.7967298534033767,29.037234026740116,MODIS,69,77.99,2.9,2.05
2009,2,2.225761383513947,28.208145350875515,VIIRS,83,37.28,1.39,0.29
2009,2,1.7908935168695785,28.5294832221244,VIIRS,90,53.78,5.35,3.51
2009,2,1.7378972682662015,28.370171473319104,VIIRS,69,77.83,1.91,1.33
2009,2,1.9906320486650038,28.649354295549077,MODIS,63,101.23,5.3,2.21
2009,2,2.4817743184609293,28.878276030143347,MODIS,94,134.45,1.22,0.93
2009,2,1.2786753271846567,28.977104825946263,MODIS,80,85.76,1.17,0.13
2009,2,1.9662906210115711,28.980908075835792,VIIRS,88,39.71,1.12,0.89
2009,2,2.42613753584346,28.815047446701726,VIIRS,61,81.89,4.41,2.53
2009,2,1.7428277733442492,29.004087735348325,MODIS,91,98.85,2.91,1.3
2009,2,1.460198521312077,28.034981310117967,MODIS,95,129.83,2.96,1.03
2009,2,1.0346937471773097,28.41755959389232,VIIRS,98,111.34,2.79,1.71
2009,2,1.3102383083410476,28.372238908654676,VIIRS,98,47.74,5.6,0.82
2009,2,1.2961813709788894,28.300737708391104,MODIS,71,139.29,2.66,1.69
2009,2,1.6077395251077515,28.376996283516863,MODIS,96,44.04,2.75,1.09
2009,2,1.4417925444559956,28.88133260152458,MODIS,68,81.84,1.47,0.79
2009,2,1.8908555406816445,29.025728493627717,VIIRS,95,121.17,5.05,1.17
2009,2,1.5807001647450378,28.205877992045885,MODIS,98,26.45,1.91,0.59
2009,2,1.4186785897787852,28.283797146954825,MODIS,95,98.08,4.39,3.08
2009,2,2.0208897261992407,28.32976395527145,MODIS,88,110.18,4.79,1.77
2009,2,2.1139859994634915,28.564583835295345,MODIS,97,142.0,1.7,1.35
2009,2,1.1989537842299884,29.15522042600755,MODIS,63,9.14,2.74,0.3
2009,2,2.414439970667936,28.929049989795807,MODIS,98,127.85,5.98,3.77
2009,2,1.6836264303233563,28.140663759663326,MODIS,73,144.8,1.3,0.95
2009,2,2.3209681901152956,29.12428501250156,MODIS,85,57.63,5.97,3.95
2009,2,1.7484505024081414,28.393315323653802,VIIRS,78,39.15,1.4,1.1
2009,2,2.1369255109223455,29.10673853807157,VIIRS,65,95.65,3.33,1.38
2009,2,1.884357301572352,28.177257249755293,MODIS,86,15.37,3.62,1.73
2009,2,1.5666306959933007,28.999408329556523,VIIRS,75,11.86,3.09,0.6
2009,2,1.4626789430544123,29.048622001813236,MODIS,84,88.85,4.42,2.5
2009,2,2.009851519200768,28.67483521880257,MODIS,74,139.81,2.94,1.78
2009,2,1.9384010485449574,28.586838279541578,MODIS,77,70.02,5.98,2.98
2009,2,1.3468396789667616,28.395754893529425,VIIRS,95,81.09,5.09,2.0
2009,2,1.1516737954666716,28.815337239803053,VIIRS,77,139.92,4.51,2.06
2009,2,1.0992256725348677,28.77202025518161,VIIRS,66,40.82,2.46,1.24
2009,2,1.1663628790528013,28.721331683346428,MODIS,95,132.62,1.61,1.28
2009,2,2.2895402108365213,28.404345257782335,VIIRS,83,84.5,2.33,0.78
2009,2,2.2601010277875164,28.035176351378656,MODIS,71,47.61,4.86,1.76
2009,2,1.2872482108491292,29.19478527948376,VIIRS,71,77.28,4.08,1.59
2009,2,1.2802494906003465,28.63283439175662,VIIRS,81,103.88,3.56,1.22
2009,2,1.9180559330619456,28.034220703640223,VIIRS,98,46.57,4.84,3.1
2009,2,1.8440358646984352,28.468604664875805,VIIRS,74,106.48,5.68,3.88
2009,2,2.300148442354937,28.946754804204662,VIIRS,96,13.08,6.22,1.36
2009,2,2.2842121387089986,28.596396523559086,VIIRS,87,52.95,5.44,0.99
2009,2,1.1135648386365027,29.113774083172668,MODIS,93,23.05,2.51,0.73
2009,3,1.3213070372260465,28.30365918770503,MODIS,93,37.98,1.7,0.56
2009,3,1.8620440211729385,28.89341673939194,MODIS,71,63.09,3.12,0.38
2009,3,1.9764168657332446,29.174241175136373,MODIS,74,61.66,2.68,1.51
2009,3,1.8953741194172358,28.016675878205856,MODIS,87,142.73,5.26,3.34
2009,3,1.1759218303877204,28.000925547324115,MODIS,79,57.81,1.11,0.66
2009,3,2.2016524607356063,28.37629884861368,MODIS,85,61.47,4.11,0.42
2009,3,1.7424473530593887,28.099379237966325,MODIS,78,72.67,6.2,0.73
2009,3,2.091161553126917,28.05137325518492,MODIS,66,33.84,1.48,0.35
2009,4,1.4546301768930994,28.294132345864913,VIIRS,63,58.6,1.62,0.48
2009,4,2.177908970016869,28.441452105398554,MODIS,94,144.32,5.26,2.0
2009,4,2.3814613764505355,28.03086488233882,MODIS,66,145.44,4.97,0.96
2009,4,1.626929780381321,28.76479677633225,MODIS,84,49.32,4.43,2.41
2009,4,1.3742778720713722,28.13272152199144,MODIS,61,126.78,2.48,1.66
2009,4,1.2354930718466424,28.707086691195173,MODIS,87,142.23,2.78,1.38
2009,4,1.5267883107278246,29.024381785779102,MODIS,65,23.86,1.18,0.85
2009,4,2.034588657684103,28.371007075513614,VIIRS,100,75.56,4.53,2.36
2009,5,1.4687358790204001,28.694981995574018,VIIRS,87,41.01,3.7,1.91
2009,5,1.8879629258071482,29.142959433602744,VIIRS,81,63.57,1.37,0.77
2009,5,1.0917654296612525,28.109678918188216,MODIS,74,33.08,1.27,0.97
2009,5,1.6839300637611962,28.64591626182944,MODIS,87,102.7,4.21,1.73
2009,5,1.990836833130849,28.984817222051667,MODIS,83,34.41,4.97,2.68
2009,5,1.0973799556964237,28.63541380621127,VIIRS,69,43.44,2.97,0.91
2009,5,2.1928373569062827,28.159582708940277,MODIS,69,63.94,4.6,3.28
2009,5,2.2666714737949882,28.209886330993708,MODIS,64,87.2,4.77,0.81
2009,5,2.1327991798973844,28.08431253465206,VIIRS,92,25.65,4.28,1.77
2009,5,1.4072230779958916,28.547669451303655,MODIS,66,62.66,2.79,1.34
2009,5,1.3129538762417656,28.84876172045484,MODIS,94,21.99,1.01,0.63
2009,5,2.2078061681569356,28.28960194149735,MODIS,66,39.01,3.24,1.24
2009,5,1.9002846279562917,29.101751684056843,MODIS,71,23.01,3.2,2.21
2009,6,2.408401330134834,28.18210930587457,MODIS,77,133.08,4.44,1.32
2009,6,2.0953086393740996,28.547092036922052,MODIS,85,94.78,4.07,1.87
2009,6,1.7174452161662666,28.808587178688477,VIIRS,69,56.04,4.6,3.59
2009,6,1.9881741944969349,28.49307469488158,MODIS,66,76.17,1.92,0.38
2009,6,2.2279871010329027,28.40690624705279,VIIRS,90,51.43,4.87,3.73
2009,6,1.921846488266933,28.42564385669175,VIIRS,62,18.85,5.26,1.53
2009,6,1.9524094062508262,28.688590838960533,MODIS,60,146.05,3.23,0.93
2009,6,1.5817243654299058,28.943339607272325,MODIS,89,77.01,4.86,1.72
2009,6,1.627812185911935,29.066544714166763,VIIRS,77,128.6,4.21,1.0
2009,6,2.0741037200972854,29.009979258547133,VIIRS,60,58.04,1.79,0.64
2009,6,1.3042591872976785,28.032066969840923,MODIS,87,27.76,2.15,0.82
2009,6,1.2562993140320537,28.80077456872618,MODIS,83,112.5,2.08,1.02
2009,7,1.5356862098293154,28.564786848883344,MODIS,61,108.99,5.68,1.15
2009,7,1.320745387365519,28.359854075084375,VIIRS,61,53.98,6.02,0.86
2009,7,2.1273667769534255,28.245233901427195,MODIS,61,72.84,4.98,1.94
2009,7,1.80923220935824,28.37574875595237,MODIS,77,139.41,6.09,2.53
2009,7,1.9820352069234806,28.36004453414687,MODIS,80,128.87,4.39,1.0
2009,7,2.332098519255976,29.044284737421428,MODIS,84,60.63,1.94,0.2
2009,7,1.1725411901567393,29.060816711921337,MODIS,79,57.75,6.16,3.82
2009,7,2.3861353487722203,29.165558285643577,VIIRS,64,22.26,3.76,2.9
2009,7,2.436834684709777,28.171040816155045,MODIS,80,82.9,3.5,1.58
2009,7,1.015948918128451,28.74189523855462,MODIS,63,64.35,1.9,1.19
2009,7,1.4282935680699431,28.519533956463423,VIIRS,77,69.32,5.82,0.99
2009,7,1.411319503734405,28.626640979835525,VIIRS,96,91.48,1.56,0.32
2009,8,1.614883599347442,28.793766181383912,MODIS,87,125.03,3.5,0.96
2009,8,1.903342353945105,28.84066209164106,VIIRS,69,51.74,1.38,0.96
2009,8,1.516473959537832,28.476677842719315,MODIS,90,96.97,5.7,0.58
2009,8,1.7527349641594085,28.888273910594425,MODIS,92,51.89,1.36,0.27
2009,8,2.2724858008408497,28.895076857370483,VIIRS,87,35.97,2.68,0.45
2009,8,2.214283017979728,29.099821049754684,VIIRS,82,104.69,3.01,1.46
2009,8,1.1177360453160188,28.454838128603445,VIIRS,80,35.87,5.32,3.19
2009,8,1.3279362980468665,29.18692723392845,MODIS,60,52.62,6.08,2.03
2009,8,2.3119457618601955,28.712425534306213,MODIS,70,132.29,3.31,2.56
2009,8,2.410653723102355,28.46345231209368,MODIS,80,125.55,4.19,1.39
2009,8,2.2261936591170652,28.780266450548396,MODIS,77,110.77,2.96,1.65
2009,8,1.8853855766732188,28.113347143929072,VIIRS,79,96.32,2.99,0.86
2009,9,1.4026259911222843,28.527363440916638,VIIRS,99,105.68,2.17,1.22
2009,9,1.6910816373128557,28.07249951104754,VIIRS,61,68.01,2.98,2.04
2009,9,1.679895808085781,29.082106125330707,VIIRS,99,77.4,4.14,0.48
2009,9,2.378756851370395,28.99069689103383,VIIRS,66,103.89,3.85,2.71
2009,9,2.2062930397966323,29.108403887375278,MODIS,65,59.15,2.77,2.13
2009,9,2.2403685712653205,28.046150827212845,MODIS,76,53.02,3.3,1.8
2009,9,1.4175006800620622,28.301256378684393,VIIRS,100,99.72,1.62,1.04
2009,9,1.6883766609734883,28.632040300784226,VIIRS,74,139.49,3.6,0.51
2009,9,1.7060951110344866,28.947171224281067,VIIRS,85,86.48,5.69,3.3
2009,10,1.020555439916796,28.103465615852436,VIIRS,78,148.32,4.74,0.56
2009,10,2.4154666319552174,28.56662802539237,VIIRS,73,23.14,4.45,2.37
2009,10,2.034870220135298,29.09168429536235,MODIS,63,62.47,2.1,1.13
2009,10,2.4282252091814476,28.35217830656725,MODIS,85,69.46,4.24,1.45
2009,10,1.9059191319713167,28.87889288339561,VIIRS,65,28.94,5.16,1.62
2009,10,1.4393907615016166,29.054161284711796,MODIS,80,77.78,5.02,3.15
2009,11,1.1744803565327064,28.40642901411915,VIIRS,67,126.19,3.61,1.92
2009,11,1.4049296295595992,28.488273299327684,MODIS,73,121.35,2.94,2.22
2009,11,1.3602468794770701,29.099264097048753,VIIRS,93,42.58,3.76,1.45
2009,11,1.9698685917056502,29.091357118472004,MODIS,66,98.69,4.51,2.34
2009,11,1.4112113510069606,28.39980741537115,VIIRS,90,46.07,2.39,0.84
2009,11,1.2782480226185537,28.665200740602348,VIIRS,77,128.23,4.99,2.31
2009,11,1.21428544561351,28.05898452930028,MODIS,73,116.8,4.61,2.91
2009,11,1.9338092014052977,28.11922372878412,MODIS,89,60.77,5.26,1.18
2009,11,2.1559757779643007,29.02419680511805,MODIS,89,66.42,1.6,0.27
2009,11,1.8259998592255993,28.344570886468002,VIIRS,79,62.78,4.33,2.01
2009,12,2.3118775866074026,28.369078030887625,VIIRS,88,14.63,2.24,0.61
2009,12,1.7307001018208903,28.93452502056939,VIIRS,92,94.99,5.55,2.64
2009,12,1.0751366394525583,28.361820937840783,VIIRS,80,98.9,1.89,0.83
2009,12,1.2149073756727797,29.004022854246543,VIIRS,86,62.47,3.01,0.78
2009,12,2.370804545380949,28.891839399603814,VIIRS,84,47.12,2.15,0.22
2009,12,1.8569738017859891,28.39992232299179,MODIS,80,22.74,4.12,2.15
2009,12,2.313053268527089,29.174010292183908,VIIRS,61,108.61,2.49,1.79
2009,12,2.1529838440947477,28.637828655146613,VIIRS,94,139.02,6.14,1.01
2009,12,1.524882249132761,29.118506072973457,MODIS,93,90.91,5.75,2.39
2009,12,1.420981307527392,28.70373447244994,MODIS,82,83.46,1.82,0.83
2009,12,1.8540571440569416,28.7975550858474,MODIS,79,94.86,5.47,3.71
2009,12,1.4555883276985162,28.020370625860412,MODIS,65,93.84,1.08,0.12
2009,12,2.0351682737438574,28.296379791431168,MODIS,95,130.0,5.28,2.23
2009,12,2.354816721451452,28.217275253297938,VIIRS,65,30.38,4.23,0.65
2009,12,1.3526319476962916,28.700801522867664,MODIS,79,16.2,5.13,1.4
2009,12,1.656672422387802,28.380692992844946,VIIRS,61,148.13,3.88,1.48
2009,12,1.3535141781230142,29.12826716635569,VIIRS,95,140.06,2.26,0.86
2009,12,1.1087574904850022,29.157774405507457,VIIRS,75,97.8,1.94,1.5
2009,12,1.0532852693698096,29.1299626742527,VIIRS,84,17.47,2.5,1.61
2009,12,2.3648317495447175,28.958755016576678,VIIRS,82,106.21,1.37,1.07
2009,12,2.3442388734755806,28.993740638541777,MODIS,71,26.44,3.84,1.77
2009,12,1.841111087298477,28.110811804479326,VIIRS,82,118.87,1.92,1.27
2009,12,1.0124503924358264,28.3833770318618,VIIRS,63,45.19,6.17,3.86
2009,12,1.5593280633705768,28.0321225435054,MODIS,88,144.78,4.46,2.69
2009,12,2.1567802254358774,28.452695049202234,VIIRS,88,92.71,3.16,1.05
2009,12,2.001049893991176,29.037280486845624,MODIS,72,108.72,6.21,3.54
2009,12,1.7561971007762,28.610250456897734,VIIRS,74,89.69,5.93,3.05
2009,12,1.4174077791961794,28.744948371199666,MODIS,90,90.94,5.46,3.66
2009,12,1.187280558532498,28.529386719230565,MODIS,93,40.54,1.47,0.95
2009,12,1.308084175327822,28.03390470761812,VIIRS,64,82.55,5.01,3.27
2009,12,1.8268792230710913,28.47739311899741,MODIS,72,33.6,4.84,3.58
2009,12,1.6303364127428406,28.46274334817324,VIIRS,91,98.78,1.33,0.18
2009,12,1.5951460066278067,28.470366771173698,MODIS,77,95.13,5.77,3.11
2009,12,1.1726927208831484,28.354997347778927,MODIS,70,91.17,4.25,3.05
2009,12,1.310431551682493,29.013086440786374,MODIS,69,74.43,4.1,1.81
2009,12,2.3497424819012083,29.15281572310121,VIIRS,97,80.07,3.13,0.47
2009,12,2.0038979386165052,28.28262124196324,VIIRS,78,20.42,5.41,1.26
2009,12,1.1536426103835051,28.026733212869548,MODIS,99,113.67,3.54,2.65
2009,12,1.6010324011693764,29.08348261828276,VIIRS,65,37.5,3.85,1.35
2009,12,2.424083132034391,28.38493020435466,VIIRS,84,61.75,5.55,0.71
2009,12,2.457187932835606,28.145224513535766,VIIRS,78,19.34,4.97,2.36
2009,12,1.1479606956621664,29.014290702351225,VIIRS,92,66.67,5.93,2.64
2009,12,1.019869607952435,28.41973279473512,MODIS,91,143.09,5.2,2.44
2009,12,1.3305847217499533,29.17338186757074,MODIS,89,33.19,1.97,0.53
2009,12,2.1366922434759577,28.671958519372836,MODIS,91,144.02,3.46,1.54
2009,12,1.1153827846803566,29.08746407246378,MODIS,63,34.41,3.72,2.29
2009,12,1.8974314370790513,29.04664232496429,VIIRS,97,14.74,1.27,0.88
2009,12,1.028633688160292,28.46840863346018,MODIS,85,115.58,5.79,3.53
2009,12,2.4099694978048256,28.98538491971574,MODIS,73,16.34,2.53,0.68
2009,12,1.4809413368179658,29.075990992861716,MODIS,84,17.49,1.78,0.43
2009,12,1.1495501327647364,28.493703266479613,MODIS,95,54.84,4.44,2.35
2009,12,1.969607380472263,28.029332452531097,VIIRS,77,75.79,1.83,1.26
2009,12,1.9903448075535946,28.696794587155225,MODIS,81,100.03,4.14,1.68
2009,12,1.0982146717417158,29.086000263672897,MODIS,87,120.2,5.36,4.15
2009,12,1.3354255716829053,28.70805931019,VIIRS,93,56.78,5.96,4.34
2009,12,2.1633877794623944,28.63079830608481,MODIS,82,118.36,4.13,0.62
2009,12,2.3616768556631413,28.012586291208198,VIIRS,87,62.56,5.29,1.36
2009,12,1.3474863212808974,28.786214348853242,MODIS,92,144.43,2.74,1.02
2009,12,1.5837664188650056,29.09796303217364,MODIS,63,13.71,1.22,0.55
2009,12,1.914324790721073,28.31754180189076,MODIS,86,137.78,6.05,0.84
2009,12,1.434790383189942,28.94247089502359,MODIS,67,47.09,3.26,1.34
2009,12,1.0181809885840474,28.29012701763773,MODIS,63,121.59,4.5,0.94
2009,12,2.456732767028879,28.892667902853365,VIIRS,98,102.73,1.11,0.43
2009,12,2.187001733857704,28.572782268052737,VIIRS,76,49.26,3.71,2.02
2009,12,1.420715374588361,28.322343817299767,VIIRS,81,114.5,1.78,0.69
2009,12,1.0721592149973151,28.933801087081957,VIIRS,67,107.95,4.69,1.79
2009,12,1.3391048463649269,28.78069518522715,MODIS,61,23.27,3.37,1.07
2009,12,1.849589125877721,29.047895180251285,MODIS,81,96.47,5.47,0.94
2009,12,2.0470253452883425,28.141051833265678,MODIS,62,9.02,2.36,1.35
2009,12,1.4203341294712335,28.051179244287642,MODIS,77,141.44,2.37,1.87
2009,12,2.143775955811341,28.493031491387633,VIIRS,60,145.25,1.78,0.66
2009,12,1.9729940701015156,28.899910114590565,VIIRS,83,18.79,1.23,0.43
2009,12,2.035577213319772,28.599265310152823,VIIRS,97,142.94,5.49,3.45
2009,12,1.641815144081371,28.675888368785703,VIIRS,80,75.84,3.38,2.5
2009,12,2.238264979475073,29.165532216406287,VIIRS,98,61.45,3.99,2.58
2009,12,1.3885075315853508,28.29060663477722,MODIS,85,8.08,2.25,0.6
2009,12,1.946127451097336,28.82768291699503,VIIRS,65,76.71,5.36,3.0
2009,12,2.3027508125704315,28.98124187998077,MODIS,99,142.25,1.45,0.98
2009,12,1.1087532812278784,28.343085034493676,MODIS,83,24.16,5.28,2.16
2009,12,1.2014307217138447,29.08772995802485,VIIRS,98,47.73,5.62,2.63
2009,12,2.3269468846966967,29.01595577957575,MODIS,86,107.61,1.46,0.63
2009,12,2.464930301288722,28.59921540167731,VIIRS,97,34.29,4.7,2.87
2009,12,1.648525086015756,28.509675101566245,VIIRS,91,35.78,5.45,2.51
2009,12,1.2133290064757754,28.663186626732728,MODIS,62,93.83,5.57,3.62
2009,12,1.9939406854751542,29.135765803081334,MODIS,68,83.62,4.11,1.65
2009,12,1.005325528352551,28.551132181802647,MODIS,69,58.17,3.51,1.9
2009,12,2.2751697744751302,29.194808540406903,VIIRS,94,70.9,5.24,2.69
2009,12,1.3708969035798633,28.660966959790212,VIIRS,62,52.48,4.83,3.65
2009,12,1.2056192770870056,28.891471969474146,VIIRS,70,71.63,5.98,1.57
2009,12,2.4752634286125685,28.048961198098745,VIIRS,95,96.46,1.84,0.53
2009,12,2.277344843237284,28.83693196094723,VIIRS,65,18.83,5.05,3.61
2009,12,2.3130383311482747,28.022366346270672,MODIS,84,138.04,2.68,1.23
2009,12,1.3359470351811655,28.274930477217787,VIIRS,88,115.43,1.33,0.3
2009,12,1.1219601281034417,28.129897519083418,MODIS,69,63.5,3.24,1.39
2009,12,2.0021192629948708,28.192785482214425,VIIRS,99,60.86,4.32,2.73
2009,12,1.019639704562979,29.062200110560905,MODIS,96,127.58,1.72,0.31
2009,12,1.8172378944091692,28.98905622573673,MODIS,89,139.19,5.82,1.12
2009,12,2.070352996859344,28.17866775296188,MODIS,71,131.5,5.61,1.99
2009,12,2.1493020903229314,28.61359920231168,MODIS,78,52.59,2.18,1.03
2009,12,1.4346677776143246,28.12730924453776,VIIRS,69,83.78,6.13,0.92
2010,1,1.8446880030994726,28.661556075152653,VIIRS,66,5.12,4.41,1.94
2010,1,1.0193630720446318,28.36762223368533,MODIS,87,145.35,5.21,2.54
2010,1,1.118575160439989,28.64151153778708,MODIS,87,120.5,1.8,0.97
2010,1,2.0348776175644367,28.719069503449433,MODIS,88,49.75,1.41,0.7
2010,1,2.410805920574269,28.00479887962725,VIIRS,65,96.79,4.96,3.46
2010,1,1.2538217802353104,28.942510441291525,VIIRS,99,65.52,3.99,1.42
2010,1,1.797609670028476,28.146543131545414,VIIRS,73,38.35,4.6,2.13
2010,1,2.4320804173315556,28.655232754648576,MODIS,71,27.29,4.07,0.43
2010,1,1.1662644664586508,29.11942446759054,VIIRS,76,13.44,3.97,0.46
2010,1,1.4286439994136106,28.88840523060644,VIIRS,65,83.09,1.03,0.62
2010,1,2.000247882615226,28.183220935710036,MODIS,77,52.89,2.63,1.66
2010,1,2.4387817027532783,28.278048353713196,MODIS,82,114.53,3.43,0.57
2010,1,1.2751130359141136,28.287118224492097,MODIS,95,18.94,4.71,3.27
2010,1,1.9146926603542813,28.054781710284228,VIIRS,62,18.4,3.74,2.87
2010,1,1.911379757980012,28.585850755405147,VIIRS,91,91.96,5.55,1.17
2010,1,1.7142178446875345,28.686868306140642,MODIS,81,81.25,3.5,2.03
2010,1,2.218364848959399,29.10002993909874,MODIS,60,53.81,1.13,0.4
2010,1,1.8350854351848862,28.73379446309389,MODIS,78,10.79,5.12,1.77
2010,1,2.0228110235117835,28.67897285516711,VIIRS,92,17.12,1.78,0.58
2010,1,1.5900471326063226,28.095367306931067,MODIS,84,25.69,3.17,1.01
2010,1,1.3175787077730807,28.808026896006393,MODIS,88,21.88,2.89,1.67
2010,1,1.9715340277332065,28.719685030177217,MODIS,81,69.72,3.76,0.4
2010,1,1.6503384743992549,28.589987160108446,MODIS,65,98.63,1.66,0.92
2010,1,2.452603520286006,28.798909631151638,VIIRS,80,62.97,5.95,2.82
2010,1,1.5864285446172548,28.229385921884383,VIIRS,71,134.22,2.25,1.62
2010,1,1.1276371208563734,28.213827376015974,MODIS,99,149.13,4.67,3.71
2010,1,1.6544269440045083,29.00134057404577,MODIS,85,84.28,2.45,0.45
2010,1,2.034322811686262,28.791480022289008,MODIS,65,29.36,3.2,1.66
2010,1,1.1872748916392195,28.460266016862143,MODIS,79,46.25,5.65,2.37
2010,1,1.6950239880785634,29.14614620177491,VIIRS,97,95.64,4.57,0.96
2010,1,2.343088523386106,28.929297365019597,MODIS,87,67.83,3.13,2.19
2010,1,2.140137590139244,28.807148584782464,VIIRS,83,70.72,2.6,0.58
2010,1,1.5010580136498588,28.429205640314315,MODIS,97,143.7,1.64,0.57
2010,1,1.1736370893866745,28.156577607030382,MODIS,89,144.58,2.75,1.73
2010,1,2.3361997003284163,28.934878203704546,MODIS,69,57.26,5.4,1.74
2010,1,2.390503354788703,28.016836093073174,VIIRS,70,100.14,3.49,1.66
2010,1,1.5453847491047912,28.869367074389597,VIIRS,69,137.71,6.06,2.26
2010,1,2.425172276665867,29.132968254062483,VIIRS,85,114.26,1.53,0.93
2010,1,1.632639625503842,28.79905246144194,MODIS,75,45.21,2.03,1.24
2010,1,1.6301076072445566,29.130269529825313,MODIS,71,65.73,6.19,2.4
2010,1,1.3943993046742262,28.498377458926477,VIIRS,69,38.34,2.27,0.31
2010,1,1.5105216627842637,28.40786295829558,VIIRS,78,77.21,2.16,1.3
2010,1,1.7743802778040552,28.49141830742931,MODIS,69,89.39,4.4,1.92
2010,1,2.2289731736262803,28.39459185524297,MODIS,94,20.64,4.52,2.47
2010,1,1.7118798500644825,28.947737200368607,VIIRS,76,44.04,4.67,1.77
2010,1,1.2655819114399716,28.868569229551714,VIIRS,85,67.81,3.75,1.77
2010,1,1.925896569059645,28.732131609832525,VIIRS,85,14.33,5.89,4.01
2010,1,2.105658332531747,29.19234297545194,VIIRS,74,65.86,1.54,0.77
2010,1,2.050397910480774,28.221214009192657,VIIRS,65,94.5,2.89,1.96
2010,1,2.3916388947600815,28.459499388120665,VIIRS,100,19.11,2.93,1.58
2010,1,2.4556491350935437,28.66958097173614,MODIS,71,33.68,2.76,0.75
2010,1,1.719233087892549,28.75181232339571,MODIS,94,108.59,1.62,0.57
2010,1,2.243757159402797,28.315180731229717,MODIS,77,85.21,3.45,1.23
2010,1,2.1144515676072695,28.4870792721509,VIIRS,91,15.28,4.6,0.54
2010,1,1.027696361612945,28.22815310405746,MODIS,87,83.94,5.55,3.23
2010,1,1.2033663865439674,28.70295722171454,MODIS,77,107.34,2.5,1.92
2010,1,1.6886513475768663,28.161233476120774,VIIRS,70,142.32,4.32,0.71
2010,1,2.2052220367289683,28.961081124421977,MODIS,76,52.16,3.79,0.46
2010,1,1.5334932358356408,29.1909502920723,MODIS,84,42.37,4.44,1.21
2010,1,1.4147465005487936,28.26571990568046,VIIRS,84,104.65,2.61,0.9
2010,1,1.3881099670249442,28.077959237860995,VIIRS,74,125.11,5.87,0.71
2010,1,2.365236959084038,28.25208451808537,MODIS,76,100.91,5.41,1.33
2010,1,1.260955571662704,28.092998670406775,MODIS,68,39.79,5.02,2.84
2010,1,1.245266504755964,29.047389117469113,MODIS,93,23.07,2.46,1.15
2010,1,1.2142515366169884,28.81144323223194,MODIS,68,69.88,4.17,1.5
2010,1,1.0256188936164308,29.13798312992736,VIIRS,72,76.9,5.17,3.51
2010,1,1.122656846017715,28.459840839692088,VIIRS,98,60.88,4.07,1.36
2010,1,1.3085637822385991,28.428530801420028,MODIS,99,121.79,1.49,0.22
2010,1,2.4399193909761587,28.00680073683638,VIIRS,93,39.51,1.4,0.99
2010,1,2.0908498880040547,28.045427814064798,MODIS,65,29.86,2.05,0.42
2010,2,1.6651654870609685,28.551262820309326,MODIS,73,42.39,4.26,1.03
2010,2,1.0286938339365714,28.46021020898804,MODIS,64,58.1,1.15,0.22
2010,2,2.2824806620900704,28.460704076613077,MODIS,97,6.71,5.66,3.99
2010,2,1.938741639043667,28.92657086676594,VIIRS,80,12.47,1.26,0.53
2010,2,1.0950653180252778,28.12584622407699,MODIS,66,14.3,3.14,1.74
2010,2,1.6637292678623221,28.478274394216854,MODIS,96,132.45,1.73,0.64
2010,2,2.154090758090185,28.54835553864603,VIIRS,83,61.51,1.47,0.35
2010,2,1.1746032138174347,29.09042227931345,MODIS,60,34.37,5.9,2.26
2010,2,1.8956331739612386,28.749918442492703,MODIS,72,57.35,4.83,3.41
2010,2,2.052515192252727,29.10939799113753,MODIS,83,30.17,2.96,1.74
2010,2,1.8613508382018156,28.93819884827625,MODIS,95,37.11,6.24,4.35
2010,2,2.144370977313465,28.942185369441287,MODIS,61,117.9,3.65,2.82
2010,2,2.288336478349507,28.39892743455302,VIIRS,74,109.43,1.55,0.41
2010,2,2.223179245581192,28.756065473472802,MODIS,68,21.28,2.45,1.71
2010,2,2.4417646057334013,28.707575147846768,MODIS,62,110.83,5.54,2.7
2010,2,1.6984066846770118,28.9509194075366,VIIRS,87,22.61,4.61,1.24
2010,2,2.0199811498256826,28.86171054852963,MODIS,86,66.48,4.12,0.56
2010,2,1.9579408195604322,28.67267809034943,VIIRS,66,85.38,4.91,3.4
2010,2,2.464620061702203,28.32323648450972,VIIRS,80,32.66,3.77,1.68
2010,2,1.2579548508993321,28.248149917295798,VIIRS,75,123.15,1.16,0.74
2010,2,1.5192164327974087,28.248105345069344,MODIS,98,129.38,3.03,0.69
2010,2,1.8793630370682997,28.802730128817096,VIIRS,61,53.33,1.86,0.82
2010,2,1.0823183783517782,28.982293952880347,MODIS,76,91.11,3.0,1.66
2010,2,1.6775694519755397,28.21026087297882,MODIS,75,136.36,5.09,3.49
2010,2,1.1122925892275628,28.558067591256073,MODIS,91,140.6,3.37,0.52
2010,3,2.498854283708725,28.454987767344445,VIIRS,89,101.39,2.81,1.22
2010,3,2.046115550537701,28.23476826197416,MODIS,63,47.09,1.76,0.72
2010,3,1.98903695304689,28.825038442356647,MODIS,100,64.28,4.44,2.05
2010,3,1.8935769017202344,28.046998996985707,MODIS,84,81.07,4.28,1.52
2010,3,1.299702092932569,28.879227924264658,MODIS,69,97.65,4.1,1.91
2010,4,2.4563612942133215,28.448075209648838,MODIS,66,9.55,6.02,4.53
2010,4,1.4357712733826478,28.252978672842833,VIIRS,89,37.67,4.39,1.45
2010,4,1.5865924513518705,28.622933142561422,MODIS,100,14.35,5.38,2.63
2010,4,1.2496820669466486,28.659479550259988,MODIS,67,58.89,5.71,4.41
2010,4,2.297277282278862,28.748713428337048,MODIS,98,103.66,5.91,4.67
2010,5,1.9541099445308658,28.02172079155367,VIIRS,83,42.53,3.9,2.28
2010,5,2.4768535594733603,28.43773388995037,MODIS,81,119.8,3.7,2.72
2010,5,1.1937924178553372,28.55730125312029,VIIRS,63,140.64,5.5,2.18
2010,5,1.565680694068568,28.41755402052537,MODIS,73,40.4,4.57,0.83
2010,5,1.5655010162665144,28.720511652235174,VIIRS,92,68.97,5.87,3.1
2010,5,1.6543482834819487,28.811789465652968,MODIS,71,16.32,4.51,0.85
2010,5,1.1224307323547327,28.19931714711245,VIIRS,71,75.0,2.11,0.41
2010,5,2.091970402692667,29.057777679939537,MODIS,92,72.32,1.73,0.95
2010,5,2.0122310502377987,28.822641552793332,MODIS,99,15.06,3.41,2.61
2010,5,2.111383271477564,28.704373610183648,VIIRS,64,83.25,4.29,0.81
2010,5,1.2425162609441682,28.813878540634217,VIIRS,95,35.62,5.29,2.47
2010,6,1.610417457701299,28.408789497031574,VIIRS,86,15.39,4.47,1.11
2010,6,1.0976347050223478,28.50189456055295,MODIS,84,39.45,3.96,2.01
2010,6,1.375330043870561,28.46288446506605,VIIRS,67,15.99,4.58,3.47
2010,6,1.469489357059643,29.131139980194174,VIIRS,88,48.17,3.4,2.32
2010,6,1.0193510372748795,28.51808123490622,MODIS,62,123.71,3.05,1.04
2010,6,2.011950816257424,28.77221339746985,VIIRS,61,116.93,1.89,0.26
2010,6,1.4550139951515073,28.050552711818565,VIIRS,75,9.97,3.89,2.2
2010,6,1.8802912124341074,28.488040755307946,VIIRS,92,62.58,1.65,0.77
2010,6,2.445294558106531,28.846722775914024,VIIRS,62,69.91,4.35,0.97
2010,6,1.9954262832824095,28.40803186113204,MODIS,76,15.45,4.1,2.61
2010,6,1.3541059006491372,28.87890112684839,VIIRS,84,107.79,6.02,4.57
2010,6,1.5034380236619092,29.035963392486906,VIIRS,69,77.41,2.84,0.77
2010,6,1.498685888074129,28.334455319637822,VIIRS,75,53.39,3.96,2.22
2010,6,1.1162618959839106,28.14330001176822,VIIRS,83,112.32,3.56,1.27
2010,6,2.371811891891131,28.867063392069376,VIIRS,90,38.83,2.52,1.23
2010,6,1.6091805060792175,28.70434703950089,MODIS,99,20.49,3.97,0.79
2010,6,1.303115969966163,28.978427753995536,MODIS,75,120.72,1.67,0.91
2010,6,2.308355834104762,28.16377652659708,MODIS,89,88.95,3.53,0.9
2010,7,1.217624876315072,28.779632629010695,MODIS,70,8.33,4.19,2.11
2010,7,2.460682323705684,28.752420056168393,VIIRS,70,128.34,4.65,1.3
2010,7,1.425684709974373,28.25723917925614,MODIS,89,132.33,5.25,1.47
2010,7,1.4302454617924387,28.3590431315912,MODIS,87,143.6,2.25,1.68
2010,7,2.418748255741188,29.16077237075716,MODIS,63,19.51,5.92,2.05
2010,7,1.3389495832334195,29.008306115108706,VIIRS,65,37.61,2.05,0.73
2010,7,2.2943898144837176,28.295915126247802,MODIS,85,71.21,3.44,2.04
2010,7,1.8710560596396761,28.825365910802994,MODIS,83,97.56,4.27,0.96
2010,7,1.4353612327980096,28.548293723887298,MODIS,68,36.79,2.44,1.18
2010,7,1.7589413638692704,29.07564721528675,VIIRS,72,106.53,3.83,2.28
2010,8,1.7021343359624408,28.293791327565216,VIIRS,72,69.14,3.67,2.55
2010,8,2.4238908157221184,28.794506840265672,VIIRS,96,94.49,2.19,1.08
2010,8,2.474688980837163,28.95201999595092,MODIS,97,139.14,5.7,0.77
2010,8,2.3088188155287934,28.35028208313108,MODIS,93,67.13,1.03,0.21
2010,8,1.5855119002709803,28.598436944032297,VIIRS,82,51.14,3.65,2.71
2010,8,1.0047183922125655,28.755605569964665,VIIRS,77,61.64,6.17,1.37
2010,8,1.057978367627304,28.638177851064977,VIIRS,98,10.31,2.77,0.53
2010,8,1.4589296859608292,28.563649446017813,VIIRS,93,16.02,1.36,0.76
2010,8,1.2228301185310442,29.02433189407427,MODIS,95,71.08,5.72,1.32
2010,9,1.4373651424513954,29.004256388184885,MODIS,83,69.42,5.82,0.95
2010,9,1.772533215838656,28.08085112525611,MODIS,64,24.96,4.32,0.7
2010,9,1.4367511883167197,28.78293650871595,MODIS,60,78.17,5.98,2.87
2010,9,2.4027930899825765,29.092179524013066,MODIS,69,38.04,1.83,0.72
2010,9,1.5116532120266835,28.300332137255975,VIIRS,70,30.33,4.4,1.77
2010,9,1.0260769436212012,28.13099363840188,VIIRS,75,72.59,1.06,0.25
2010,9,1.3783308756587718,28.938428467973484,MODIS,71,108.13,5.45,3.64
2010,9,2.0651042230869363,29.010793778156067,MODIS,61,99.65,2.5,1.55
2010,10,2.4174703396817296,28.684006112082567,VIIRS,71,123.32,4.56,2.45
2010,10,1.8581059137302813,28.663992263583598,VIIRS,71,147.14,4.96,1.17
2010,10,2.256112964466436,28.89614484970343,MODIS,77,60.31,3.04,1.2
2010,10,1.8624233123388487,29.153515185514166,VIIRS,60,7.75,5.72,0.72
2010,10,1.6624483168106514,29.02595737509661,VIIRS,98,132.52,4.4,1.82
2010,10,1.0741912780274587,28.10324106397213,VIIRS,83,14.67,2.57,1.42
2010,10,1.9602465756716438,28.764106843880473,VIIRS,69,120.02,3.41,1.44
2010,10,2.4064770377156535,29.135867642744316,MODIS,96,94.83,1.68,1.03
2010,10,1.7883048528675074,28.968308609063783,VIIRS,66,65.19,5.72,0.91
2010,10,2.191813874407013,28.725538109286997,VIIRS,95,42.33,2.96,0.72
2010,10,2.187409316060867,28.730709494866588,MODIS,67,115.4,4.82,2.46
2010,10,2.17436787544725,28.834308405003227,MODIS,75,90.34,2.44,0.25
2010,10,2.3999292624150934,29.13956369660177,VIIRS,100,76.69,4.31,2.87
2010,10,1.9084605763445812,28.45069295756686,MODIS,87,37.65,5.69,1.86
2010,10,1.5165257267948054,28.271092373093722,MODIS,85,65.16,5.06,3.61
2010,10,2.3594887858731157,28.109514381678984,VIIRS,71,133.47,5.1,3.27
2010,10,1.8239997875852283,28.576739658136002,VIIRS,64,143.98,4.22,1.85
2010,11,1.0588734480489062,28.24694858776841,MODIS,87,16.39,1.68,0.67
2010,11,1.8807951845531776,28.45231547511104,VIIRS,77,81.64,4.59,0.55
2010,11,1.2038774672834798,28.85525067505803,VIIRS,90,32.64,4.38,0.86
2010,11,1.4936343311913365,28.32057061692558,MODIS,61,117.68,1.61,1.23
2010,11,2.0376641770713126,28.744218873301538,MODIS,64,89.27,4.49,2.81
2010,11,1.5205205348721007,28.572032414236766,VIIRS,68,142.58,4.52,2.82
2010,11,2.244885605633268,29.152916066595026,MODIS,88,37.18,4.72,0.85
2010,11,1.1881372799716836,28.92031132398008,VIIRS,81,124.19,2.08,1.11
2010,11,1.0254067162895837,28.297937538323026,MODIS,60,122.71,3.46,2.4
2010,11,2.2018775026162722,28.387405116179718,VIIRS,70,71.63,5.11,1.44
2010,11,1.0461201279008367,28.62241383146936,VIIRS,78,83.87,5.83,2.07
2010,11,1.9755184100820036,28.64974388200314,MODIS,74,25.83,6.07,4.38
2010,11,1.3265588708899758,28.278115120247808,MODIS,95,126.08,5.11,2.93
2010,12,1.4701406811345397,28.39323589091251,VIIRS,76,43.0,2.59,1.08
2010,12,1.9859721964967512,28.071622823029383,MODIS,96,100.18,6.19,4.16
2010,12,1.2654679575919412,28.682732270476848,MODIS,87,64.26,4.35,0.93
2010,12,1.166252204137143,28.179829029469527,MODIS,72,131.03,3.99,2.58
2010,12,2.1306905537198237,28.872079224391452,MODIS,74,91.5,2.37,0.71
2010,12,1.991163801828257,28.01826634812152,MODIS,78,109.32,5.44,1.79
2010,12,1.8485284368029962,28.53448091216079,MODIS,65,8.96,3.02,2.0
2010,12,2.066076586954157,28.507813280665452,VIIRS,61,78.95,1.2,0.56
2010,12,1.6204977543794283,28.18454247571192,MODIS,69,144.24,1.17,0.15
2010,12,2.4539563168078917,29.11404117485198,MODIS,100,87.26,2.59,1.84
2010,12,1.227600635989782,29.15398281251662,VIIRS,72,65.67,3.8,1.3
2010,12,1.21756008828051,29.192986759734985,VIIRS,98,139.06,5.93,3.38
2010,12,1.660370154809937,28.90372934092933,VIIRS,69,31.34,6.15,0.91
2010,12,2.1526289049969454,28.363676108001563,VIIRS,88,134.32,6.24,3.42
2010,12,1.0301868706489374,29.126395056213948,VIIRS,75,78.52,5.44,2.2
2010,12,1.9653501459364497,29.04859724639421,MODIS,91,120.43,4.87,0.54
2010,12,1.240812598316957,28.249561878836747,VIIRS,81,55.78,4.82,0.88
2010,12,2.3490027963511806,28.970848539485065,VIIRS,73,131.88,2.43,0.88
2010,12,2.3077685640757784,28.41043676152513,MODIS,77,56.36,5.96,0.82
2010,12,2.460292996991159,28.34013359691847,MODIS,86,120.07,2.31,0.97
2010,12,2.0923407796160594,28.180464300452147,MODIS,95,6.97,5.45,0.98
2010,12,1.5643674726086834,28.811115951990576,MODIS,89,30.4,4.33,3.1
2010,12,1.4535295791854066,28.69335755705765,MODIS,74,128.13,3.09,0.82
2010,12,2.109338253240379,28.804069318711324,VIIRS,99,111.53,4.25,2.28
2010,12,1.3946137150385476,28.863555773836037,MODIS,71,117.85,2.34,1.66
2010,12,1.3522161429686235,28.773650484163124,MODIS,60,96.74,4.86,1.47
2010,12,1.4499924396662351,28.74939672462794,MODIS,85,35.02,2.76,1.85
2010,12,1.1530349654656495,28.857435563570398,MODIS,91,116.0,3.69,2.32
2010,12,2.463140183418615,28.84299139803268,VIIRS,72,7.81,5.62,1.5
2010,12,1.8271912274766118,28.65032009329234,MODIS,85,136.54,4.08,2.47
2010,12,1.3767706951462837,28.51649729390147,VIIRS,72,40.98,5.97,1.67
2010,12,1.8880177743635433,28.759756052656904,VIIRS,60,69.64,3.49,2.63
2010,12,1.6913821709377046,28.477277360734444,MODIS,72,58.26,3.05,2.03
2010,12,1.0786440847356893,28.376599130918486,VIIRS,64,140.38,1.06,0.57
2010,12,2.4898441809474274,28.87878506996503,VIIRS,73,19.39,6.03,3.75
2010,12,2.44319050558748,28.55042529548404,VIIRS,76,95.09,4.13,3.15
2010,12,1.0830528185361952,29.0014846228435,VIIRS,65,19.68,2.11,0.26
2010,12,2.473076476873419,29.168809472793722,MODIS,92,94.04,3.19,0.73
2010,12,1.8540537442197722,28.87892557933423,MODIS,63,83.8,2.12,0.39
2010,12,1.3745712246935515,28.131414854943163,MODIS,87,6.35,1.13,0.33
2010,12,2.4750320097910707,28.756677262975515,VIIRS,73,104.21,1.57,1.17
2010,12,1.9063977780978294,28.87140659121587,VIIRS,88,22.05,5.08,3.96
2010,12,1.058667910136085,28.881538130228424,MODIS,97,47.56,3.56,1.99
2010,12,1.3601365012599091,28.551849806268955,VIIRS,89,33.21,1.23,0.93
2010,12,1.9410021048215846,28.864278781902968,VIIRS,66,123.64,1.07,0.7
2011,1,1.2465856802727162,28.79133617675933,VIIRS,92,12.45,5.52,0.61
2011,1,2.4067518166974873,28.37292862951749,VIIRS,79,99.37,1.73,0.27
2011,1,2.241318349245236,28.57401857944116,MODIS,66,42.22,3.31,0.88
2011,1,1.8040297518338113,28.850162103474176,MODIS,71,31.85,5.66,1.26
2011,1,1.0636839095561819,28.846809594415646,VIIRS,96,6.19,4.67,0.89
2011,1,2.0208707190020183,28.002172379801596,MODIS,89,8.72,3.71,2.36
2011,1,1.2669044401944343,28.795249457143058,VIIRS,90,29.72,5.46,0.55
2011,1,1.919508366736001,28.607843402725354,VIIRS,92,148.6,1.06,0.79
2011,1,1.3358365046706395,28.85925560212373,MODIS,97,37.49,5.03,2.81
2011,1,1.5023538038823558,28.14647741502431,MODIS,85,49.13,3.87,0.56
2011,1,1.6787719436229716,28.07750627221353,VIIRS,60,95.18,5.73,1.6
2011,1,1.6030141212762294,28.662115266217672,VIIRS,89,115.35,3.1,2.34
2011,1,2.053035270095785,28.31414734170041,MODIS,71,29.04,2.6,0.32
2011,1,2.491097209072831,29.171329066281285,VIIRS,70,104.87,2.14,0.32
2011,1,2.17205085195857,28.98101190106723,VIIRS,91,94.45,3.72,2.18
2011,1,1.700552142754277,28.398645889079265,VIIRS,87,71.32,2.92,0.7
2011,1,1.878385649647785,28.7623904482918,VIIRS,70,16.64,3.06,0.71
2011,1,1.6294675449509375,29.17445810151491,VIIRS,90,65.59,3.06,2.38
2011,1,1.7167297382694395,28.259238163402124,VIIRS,86,46.92,4.14,1.66
2011,1,1.1626556649829907,28.198051593876468,VIIRS,63,114.4,4.23,3.37
2011,1,1.4253573554073864,28.262358091738534,MODIS,74,29.17,3.3,1.08
2011,1,1.1867481209428443,29.124550833028213,VIIRS,64,99.61,3.19,2.15
2011,1,2.4717378385926656,28.866429561945722,MODIS,88,61.86,1.01,0.74
2011,1,2.411743676750689,28.226601671434555,VIIRS,74,23.99,3.15,2.41
2011,1,2.377621521138942,28.11133769859718,MODIS,94,91.43,2.34,1.03
2011,1,2.0947110199161205,28.056774541493496,MODIS,64,94.16,2.89,1.81
2011,1,1.9686445831901314,28.78149782624995,MODIS,83,117.69,4.61,2.74
2011,1,1.4391444793923949,28.337587351037538,MODIS,97,149.72,4.48,2.52
2011,1,1.3517346540021529,28.26016774880143,MODIS,66,39.51,2.38,0.61
2011,1,1.2160561954810578,28.313039215342126,MODIS,71,35.67,4.82,3.35
2011,1,2.227303367060111,29.178612001628444,VIIRS,95,122.41,2.19,1.68
2011,1,2.4890475700021533,28.534808061204195,MODIS,96,83.12,4.64,2.02
2011,1,1.2137470353413233,28.042713940506335,VIIRS,87,65.86,2.45,1.79
2011,1,1.268865436469933,28.757566293288825,VIIRS,100,116.21,4.05,1.43
2011,1,2.3163110464761623,28.959077728358782,VIIRS,83,20.79,3.6,2.77
2011,1,2.3905912989249094,28.32997060260731,MODIS,78,35.68,3.29,2.3
2011,1,2.079599048436508,29.045368798497872,MODIS,67,133.98,6.2,1.97
2011,1,1.9789659660248584,29.075912427439025,MODIS,89,107.51,1.59,1.13
2011,1,2.3782443750673323,29.0823600360008,MODIS,69,17.38,1.56,1.0
2011,1,2.2563240590427602,28.223448295667218,MODIS,83,133.29,5.77,3.91
2011,1,2.495177697888801,29.194372066447492,MODIS,89,114.03,1.17,0.68
2011,1,2.399072977631292,28.72231155302557,MODIS,79,49.67,2.27,0.76
2011,1,2.3935320554691266,28.134016362245603,MODIS,91,62.2,5.2,3.15
2011,1,2.1994581471440506,28.913437762132013,MODIS,95,92.64,1.59,0.83
2011,1,1.2442999276741502,28.976915243196544,VIIRS,84,118.9,3.94,1.64
2011,2,1.577354748029823,29.11506063692176,MODIS,65,18.98,2.45,0.6
2011,2,1.3206441631531742,28.57062764121565,MODIS,70,36.3,2.15,1.3
2011,2,2.434857596856479,28.63619483049716,VIIRS,68,112.82,2.64,1.17
2011,2,1.0720624397242635,28.422206200940952,MODIS,97,89.8,1.63,0.78
2011,2,2.4494307834645084,29.16414245371807,MODIS,82,47.78,5.09,2.47
2011,2,1.1024566465197738,28.675913425488794,VIIRS,76,140.52,2.94,2.18
2011,2,1.0956926485177148,29.156447565229982,MODIS,72,49.62,4.61,2.9
2011,2,1.5163274753533629,28.35227916917083,MODIS,92,99.58,4.25,2.68
2011,2,1.8740067096687083,29.189389952299962,MODIS,86,146.29,3.7,0.73
2011,2,1.0021301339079514,28.122478186099897,VIIRS,65,88.97,2.01,0.95
2011,2,1.541587019786954,28.02691642198116,MODIS,60,70.1,2.21,0.56
2011,2,1.0240963304617865,28.414128450068656,VIIRS,100,64.07,4.27,0.73
2011,2,2.4100912578539275,28.348200668567547,VIIRS,93,53.04,3.69,0.49
2011,2,1.209607900581325,28.497689311119295,MODIS,79,97.65,1.49,1.18
2011,2,1.5121023336455166,29.094070447792372,VIIRS,79,144.16,3.87,1.3
2011,2,2.144801729692343,29.16108484353072,MODIS,62,72.38,4.51,1.73
2011,2,1.7701662303665744,28.210142609281423,VIIRS,72,34.26,4.21,2.86
2011,2,2.3626005476349294,28.5336150630776,MODIS,76,120.63,3.36,0.76
2011,2,1.3315007612749663,28.404991679076822,VIIRS,70,106.22,2.7,1.85
2011,2,1.917595075966532,29.048347709315248,VIIRS,65,115.9,2.69,0.7
2011,2,2.0593869093022352,28.95645219108606,MODIS,74,36.67,2.99,2.3
2011,2,1.873955529970687,28.59838157172821,MODIS,63,11.66,1.4,0.44
2011,2,1.3953261891762052,28.67212942663425,MODIS,64,125.48,3.68,2.79
2011,2,1.204564651483339,28.900108541631816,VIIRS,86,33.64,3.61,2.45
2011,2,2.418702069468015,28.70163523515047,MODIS,66,31.49,2.11,1.26
2011,2,1.8702549384835931,28.85251110550224,MODIS,70,80.8,3.64,0.64
2011,2,1.186997522468624,28.894577325536495,VIIRS,65,78.78,5.38,3.31
2011,2,2.1528230321264936,28.015487502652228,VIIRS,71,13.43,3.96,1.49
2011,2,1.9959115750674543,28.480071710433556,MODIS,71,96.44,4.93,1.14
2011,2,1.987939452517537,28.46392686698395,VIIRS,94,17.88,1.51,0.2
2011,2,1.4208278472177804,28.07652443859676,VIIRS,99,136.8,3.46,2.43
2011,2,1.5032900402533325,28.71067141943143,VIIRS,82,118.26,1.46,0.26
2011,2,1.4059856549095406,28.166252546054054,MODIS,77,51.59,4.52,2.86
2011,2,1.4312657180545754,29.054956293156927,VIIRS,80,131.52,4.1,2.6
2011,2,1.1152062018285043,28.45366420519698,VIIRS,99,139.1,2.5,1.0
2011,2,1.5596469557789754,28.70501368488209,VIIRS,93,139.58,2.98,1.45
2011,2,1.8738729357046517,28.47973267554532,VIIRS,68,45.47,2.13,1.52
2011,2,1.0879345808204874,28.08584594596159,MODIS,60,132.6,2.06,1.26
2011,2,1.4945290496655093,28.670426193776297,MODIS,81,88.23,5.09,1.55
2011,2,1.3265299435569298,28.63960940601391,VIIRS,89,26.2,4.18,1.85
2011,2,1.4745095609187695,29.06631508804553,MODIS,87,57.86,3.35,0.54
2011,2,2.2862516412742266,28.705662229066007,VIIRS,78,69.0,1.63,0.31
2011,2,1.8884750346557133,28.340752936457665,VIIRS,88,50.22,5.39,1.46
2011,2,1.0327271962045523,28.850760568362222,MODIS,82,37.15,1.74,0.8
2011,2,1.3568472066898438,29.133690770733516,MODIS,91,144.5,1.34,0.41
2011,2,1.9636922765718121,28.132116143259083,VIIRS,67,5.73,3.0,2.33
2011,2,1.0081306385891848,28.35045979378835,MODIS,90,58.65,5.09,1.45
2011,2,1.60350599322743,28.901448927602832,MODIS,85,125.94,1.55,0.55
2011,2,2.0971683026080568,29.141289856800235,MODIS,79,109.55,3.5,2.65
2011,2,1.913373714425446,29.16497444987144,MODIS,100,45.99,3.42,1.53
2011,2,2.306194059755776,28.80093642116137,MODIS,88,20.58,1.09,0.22
2011,2,1.9181657175849067,29.004268970488802,VIIRS,100,93.23,5.74,2.1
2011,2,2.2103563619700033,28.795712625953236,VIIRS,97,111.37,3.1,1.3
2011,2,1.092713975037109,28.705403714405648,MODIS,72,125.66,3.2,0.69
2011,2,1.0734974992384685,29.050201861432882,MODIS,63,118.3,4.7,2.19
2011,2,1.5049203415241128,28.482416933567965,VIIRS,69,30.59,3.31,0.99
2011,2,2.3136022014844624,28.66767037347743,VIIRS,71,14.52,1.81,1.41
2011,2,2.287517406947651,28.467915169605927,VIIRS,87,46.73,4.92,2.58
2011,2,1.199578245248945,28.46048591611534,MODIS,74,14.18,4.93,2.11
2011,2,1.8041929080907628,29.02933113091496,VIIRS,86,140.18,1.63,1.26
2011,2,1.6563452279239088,29.1678023219972,MODIS,96,126.17,2.28,0.44
2011,2,2.313247525594982,28.076202658377067,MODIS,80,117.9,5.47,2.01
2011,2,1.5841900706248124,28.60550306559713,MODIS,79,91.76,2.4,1.54
2011,2,2.2305098164960837,28.490138988845512,VIIRS,71,64.86,6.22,4.97
2011,2,2.34991517656767,29.171712349356216,MODIS,64,55.52,4.76,1.29
2011,2,2.121819447004143,28.636955101234058,VIIRS,65,11.74,4.16,1.02
2011,2,1.6236486239124468,28.175332420636668,VIIRS,100,149.78,5.07,1.18
2011,2,2.1293244901702204,28.176829733737666,VIIRS,86,37.57,5.05,3.62
2011,2,1.2193635285301399,28.25174030212761,VIIRS,63,137.43,5.23,2.42
2011,2,2.148739817730057,28.33167852514498,VIIRS,91,120.89,4.14,1.78
2011,2,1.961381386941799,29.06280746713519,MODIS,92,79.69,5.13,3.75
2011,2,1.3903320232825813,28.065683496303066,VIIRS,75,18.65,5.27,1.45
2011,2,2.3847543057052167,28.767858811640842,MODIS,72,57.81,3.61,2.16
2011,2,1.0474600994279304,28.032853658741914,MODIS,71,88.03,3.53,2.67
2011,2,1.6058993304757463,28.374435131767722,VIIRS,68,111.15,3.23,1.74
2011,2,1.9755661762916017,28.39440971977517,VIIRS,80,147.6,4.66,2.59
2011,2,1.2929063528889209,28.79439252637115,MODIS,69,36.34,1.67,0.91
2011,2,1.0067558973503234,28.389540318718517,VIIRS,96,72.82,1.4,0.66
2011,2,2.167441441885099,28.057201348382453,MODIS,94,127.75,4.37,3.18
2011,2,2.479387689281047,28.225242397765353,VIIRS,60,147.99,3.45,0.48
2011,2,2.1369345935666444,29.17622487567013,MODIS,76,49.78,4.15,2.22
2011,2,1.1294799805567877,28.398262869507555,MODIS,63,141.53,1.49,1.13
2011,2,1.0308530388334518,28.67545509416484,VIIRS,71,51.19,2.83,2.24
2011,2,2.401752114068773,28.462481733771824,MODIS,71,86.0,3.16,2.33
2011,2,1.8528314983497662,28.430029323505146,MODIS,86,102.15,5.66,2.81
2011,2,2.1973774305423026,28.81424508762508,MODIS,68,59.61,6.25,0.77
2011,2,1.958408692839467,28.977295502326918,MODIS,60,117.0,1.49,0.55
2011,2,1.573126531265759,28.99281307760416,MODIS,94,66.33,3.45,2.52
2011,2,2.2900587469895792,29.085707171880923,VIIRS,86,44.99,3.68,2.1
2011,2,1.508493080582209,28.948097685233353,MODIS,74,88.3,1.03,0.78
2011,2,1.9731771133743228,28.332208655369428,VIIRS,60,142.97,2.39,0.5
2011,2,1.3927840860455167,28.893042730771956,VIIRS,77,77.08,1.08,0.3
2011,2,1.7282182472735275,28.448543875636144,VIIRS,62,88.26,4.28,0.91
2011,2,1.4136794214430803,29.134214290013734,VIIRS,95,147.4,4.61,1.94
2011,2,2.054377802389066,28.263762764878116,MODIS,82,82.68,2.16,1.01
2011,3,1.4079053149534728,28.17494645474279,VIIRS,90,67.02,4.01,2.67
2011,3,1.0345093027411103,28.74108780903482,VIIRS,93,74.45,3.97,3.02
2011,3,1.4973373039668905,28.607749423782995,VIIRS,76,7.42,3.83,2.19
2011,3,2.404177713170269,28.38941270423568,VIIRS,70,35.34,4.94,3.15
2011,3,1.421342433953704,28.026250043787407,MODIS,67,108.73,2.07,0.94
2011,3,1.186051428069967,28.096467399813708,VIIRS,73,8.27,4.55,3.01
2011,3,1.3588901951330716,28.536762714178945,MODIS,72,122.46,5.07,3.11
2011,3,1.8227989105709288,29.104012732687405,MODIS,87,62.42,2.96,2.32
2011,3,1.3574240944573037,28.373585503120804,VIIRS,75,30.01,1.13,0.18
2011,3,1.2481931131421136,28.200032855650015,VIIRS,88,139.32,3.83,1.52
2011,4,1.5019438476963867,28.59914807225261,VIIRS,71,111.21,5.05,1.06
2011,4,1.0119406508057858,29.153307164256212,VIIRS,73,64.48,5.92,3.96
2011,4,2.2854406011131596,29.08764986060407,MODIS,68,28.1,6.09,2.22
2011,4,1.4943270284882386,28.59986716129513,VIIRS,86,136.19,1.49,0.99
2011,4,2.337512860369176,28.43811514024708,VIIRS,96,134.47,5.18,3.05
2011,4,2.411696030863876,28.289800852974018,MODIS,89,38.18,1.81,1.32
2011,4,1.647875492936346,28.998464775113263,VIIRS,87,63.89,3.37,1.6
2011,4,1.9733050688405243,28.96442784280551,VIIRS,85,40.07,1.14,0.68
2011,4,1.1907631858057561,28.465211063152736,MODIS,82,134.85,5.22,1.81
2011,5,2.2661097354645747,28.466517939799672,MODIS,69,57.15,1.2,0.6
2011,5,1.3573714143349302,28.8909125581618,VIIRS,93,89.36,3.85,2.24
2011,5,1.2283351539793168,28.337365652779493,VIIRS,88,70.92,3.85,1.81
2011,5,1.2550715200197846,28.33936505832594,VIIRS,62,74.81,2.52,1.28
2011,5,2.2422468445996087,29.099861820815764,VIIRS,95,102.99,5.81,1.2
2011,5,1.5422904638225812,28.14070923095589,MODIS,72,144.0,2.73,2.14
2011,5,1.3128866262399352,29.04901405660673,VIIRS,83,96.72,1.78,0.99
2011,5,1.2705225144881986,28.38822948967672,VIIRS,69,112.3,2.61,0.61
2011,5,1.6605042071197333,28.957039710228074,VIIRS,85,91.41,1.28,0.54
2011,5,1.841732689674929,28.090147090329786,VIIRS,96,6.86,1.66,1.09
2011,5,2.438705315174326,28.190087996843282,VIIRS,77,113.12,5.0,2.01
2011,5,1.888190203904599,28.8308368610271,VIIRS,84,92.87,5.4,1.87
2011,5,2.315690853719773,28.14444568629001,MODIS,69,145.42,1.5,0.68
2011,5,2.4963732101509346,28.3810722448755,MODIS,89,130.66,5.8,3.18
2011,5,2.4540512304277162,28.27651795626669,MODIS,68,67.38,2.34,1.12
2011,5,1.5157885430518099,29.12859659429669,VIIRS,75,75.38,4.12,1.59
2011,5,1.6872842082823098,28.921831889359304,VIIRS,73,8.68,2.46,0.77
2011,6,1.84932835692379,29.026650311440466,VIIRS,76,114.56,3.14,2.21
2011,6,1.2049849468440526,28.163755308400336,VIIRS,100,125.92,2.36,0.44
2011,6,1.452027307885297,28.644644527558366,VIIRS,85,24.85,1.3,0.56
2011,6,1.2238370322225096,28.890370197017077,MODIS,93,36.67,3.08,1.34
2011,6,1.2763443355609103,29.13814189133954,VIIRS,89,135.74,1.74,0.36
2011,6,2.031677239009105,28.58997597310084,MODIS,88,56.82,5.6,1.21
2011,6,2.3515206965375324,29.117333312031086,VIIRS,83,134.26,1.7,0.51
2011,6,2.2035345682439202,28.65793888847784,VIIRS,64,143.08,3.7,0.4
2011,7,1.8147415662051256,28.45813680266979,MODIS,66,131.21,4.49,3.43
2011,7,2.4901486758775935,28.9388883662952,VIIRS,74,74.17,3.34,2.06
2011,7,2.290969825644913,28.953686347162535,MODIS,83,98.8,6.0,2.06
2011,7,1.403772779637614,28.19036033314905,MODIS,69,131.95,4.04,0.59
2011,7,1.1514851131050918,28.718308531869877,VIIRS,72,71.15,3.68,2.02
2011,7,1.9879144373881081,28.760747341447967,MODIS,74,114.11,5.54,3.43
2011,7,2.2296905943852496,28.99245742701627,VIIRS,75,90.8,6.01,4.17
2011,7,1.9418819085112644,29.02210302464452,MODIS,67,6.86,2.17,1.4
2011,7,1.3730296366959274,29.020415229366442,MODIS,83,80.72,5.23,3.37
2011,7,1.7037610407010597,28.96057651332231,MODIS,65,83.39,3.72,1.16
2011,7,2.0119406062593885,29.085740336603504,VIIRS,82,57.87,1.56,1.24
2011,7,1.187473615490319,28.27279706361508,VIIRS,92,10.37,3.45,1.87
2011,7,1.6643704237857087,28.601995812754154,VIIRS,97,92.16,4.41,2.9
2011,7,1.7115257763778136,28.82442487751658,VIIRS,82,96.13,2.81,1.78
2011,7,1.4230495701273478,29.001664284232163,VIIRS,92,85.57,4.86,3.84
2011,7,1.8467204300651872,28.775054953506178,MODIS,80,7.59,4.97,1.7
2011,7,2.0413177706628036,28.520872711841797,VIIRS,80,119.22,4.52,3.24
2011,8,1.4821190109722553,28.056622967946446,VIIRS,94,29.25,6.0,4.22
2011,8,1.1220580824151498,28.209143749189618,VIIRS,74,69.71,1.39,0.66
2011,8,2.2779498499423294,28.06534951722734,MODIS,64,81.27,2.25,1.13
2011,8,1.838254007152152,28.749806524934055,VIIRS,80,122.32,4.74,2.37
2011,8,2.333052281231384,28.4933479240373,MODIS,78,7.98,1.99,0.92
2011,8,1.165871200472838,28.637507345394948,VIIRS,81,29.98,4.25,2.78
2011,8,2.1393567699159703,28.709485520748196,MODIS,62,34.36,4.67,1.79
2011,8,1.9441193715256122,28.639761399231098,MODIS,94,77.56,6.08,1.64
2011,8,2.328249278213045,28.04577029839683,MODIS,98,32.26,3.93,0.91
2011,8,1.3122534288004364,28.892905437179415,MODIS,73,16.61,2.28,1.72
2011,8,1.561369929747546,28.89364447524286,VIIRS,62,24.2,2.15,1.1
2011,8,1.217986860907305,28.71709441185667,VIIRS,76,40.65,5.59,3.99
2011,8,1.219714290063243,28.65848276983324,VIIRS,66,54.64,3.51,2.08
2011,8,2.1254281275236346,28.586627934674542,VIIRS,64,106.73,3.06,1.18
2011,9,1.2965310871427291,29.03271161013647,VIIRS,84,147.52,3.11,0.76
2011,9,1.4912413670322673,29.122319186015208,MODIS,97,93.97,5.41,2.75
2011,9,2.2835951098675,28.171496566153504,MODIS,86,72.25,5.13,0.57
2011,9,1.433276563382957,28.392927153567562,VIIRS,96,124.33,1.72,0.28
2011,9,1.4998048911867943,28.287254352506395,MODIS,80,8.29,3.21,1.8
2011,9,1.7077470086106965,28.95940403457648,VIIRS,61,109.3,3.92,0.62
2011,9,2.419975406814344,28.890589701214555,VIIRS,96,55.86,2.78,0.91
2011,9,1.5464371115699707,29.119445150488794,MODIS,91,68.11,1.84,0.88
2011,9,1.8854199203705775,28.567185424806286,MODIS,63,79.1,4.63,2.28
2011,10,1.5272707381463126,28.471376801705045,MODIS,92,83.71,6.21,1.95
2011,10,1.1765928454537011,28.361376688469633,MODIS,84,28.6,2.47,0.77
2011,10,1.7737770069964118,28.454042508982972,VIIRS,61,145.89,5.35,3.24
2011,10,1.5609398404637793,28.9258594172059,MODIS,67,62.45,1.23,0.54
2011,10,1.3384890125060855,29.035361139610234,MODIS,66,87.69,1.31,0.13
2011,10,2.2390560099377064,28.448242695742554,MODIS,67,42.44,2.56,1.86
2011,10,1.1889433255612076,28.826548316225658,VIIRS,79,17.63,3.21,0.57
2011,10,2.4219913280352365,28.52183780550828,MODIS,95,103.2,4.91,1.53
2011,10,2.4643702437657318,28.246094356753925,VIIRS,63,58.03,1.4,0.65
2011,10,1.9344131164885918,28.22502745510672,MODIS,84,149.42,4.84,2.72
2011,10,1.5852854131509648,28.917672706939847,MODIS,84,77.73,5.01,3.88
2011,10,2.462590723232692,29.166428106252216,VIIRS,99,127.65,3.71,1.85
2011,10,1.5978475082365349,28.06054473115085,VIIRS,80,75.81,5.79,2.32
2011,10,1.6371226803695933,28.241138028818757,MODIS,89,120.88,5.31,1.42
2011,10,1.069979756208109,29.124340604108255,VIIRS,71,135.21,3.78,1.82
2011,10,1.232474486852706,28.161022058965123,MODIS,74,52.19,1.12,0.23
2011,11,2.436662209810077,28.676742575968735,VIIRS,66,28.41,5.33,2.59
2011,11,1.6124944564155779,28.676428398811705,MODIS,74,129.37,4.64,2.62
2011,11,1.2532400809502033,28.129798754656044,MODIS,62,60.93,5.92,3.85
2011,11,2.0538225841154167,28.361674997376973,VIIRS,80,117.56,4.04,0.83
2011,11,2.0987081942868837,28.345970638964058,VIIRS,85,104.66,5.91,2.81
2011,11,2.15417860314494,28.714535864044116,MODIS,66,126.11,3.06,0.56
2011,11,1.2503425964737198,28.47293142466518,VIIRS,67,54.58,4.53,2.6
2011,11,1.701141480384425,28.52284606529718,VIIRS,85,138.47,1.03,0.68
2011,11,2.0729326845369265,28.227602186324184,VIIRS,60,35.13,1.22,0.42
2011,11,1.120908740315453,28.89554389609661,MODIS,78,139.38,1.56,0.78
2011,11,1.0581552631653925,28.337046771655604,MODIS,91,112.97,2.68,0.33
2011,11,1.0815921435732825,29.024069538991103,MODIS,80,123.56,4.07,0.87
2011,11,1.008909876172416,28.095209973280863,VIIRS,100,130.96,4.53,1.01
2011,11,1.407655139723997,28.68626048242811,MODIS,100,47.05,3.03,0.42
2011,11,2.0250453658215744,28.25435386226551,VIIRS,75,62.07,5.58,2.6
2011,12,2.335257248826988,28.022417736379563,MODIS,94,40.57,6.11,1.02
2011,12,2.0377960075572545,28.158542359750257,MODIS,84,26.53,3.51,2.35
2011,12,2.1506189426504636,28.183908227034983,VIIRS,92,66.96,5.08,0.89
2011,12,2.291267262358705,28.77340086473466,VIIRS,60,43.18,4.33,0.69
2011,12,1.5447452962846837,28.72201326476022,VIIRS,76,54.14,6.19,2.51
2011,12,2.1228997635139897,28.18188833585516,MODIS,64,78.1,1.98,1.18
2011,12,1.015699011766228,29.001305324444143,MODIS,73,112.72,2.14,1.61
2011,12,2.2459456814888665,28.985563550998823,VIIRS,75,60.23,4.55,1.49
2011,12,2.4093088469974715,28.01286602035024,MODIS,97,103.07,1.69,0.22
2011,12,2.1506849532353596,28.645033181078368,MODIS,98,53.17,3.04,1.7
2011,12,1.9395925143760535,29.131664133070817,VIIRS,94,35.69,1.27,0.58
2011,12,1.3998541373614852,28.710449952606513,MODIS,81,53.98,2.68,0.38
2011,12,1.7873322261188094,28.046319512563773,MODIS,60,5.41,3.71,1.7
2011,12,2.1870010330309837,28.56505009763823,VIIRS,77,49.34,5.92,3.31
2011,12,1.3648834512884989,28.98606222935916,MODIS,75,85.07,2.4,0.25
2011,12,1.5478944664134082,28.256430813448464,MODIS,75,27.51,4.35,3.43
2011,12,2.2821740759187095,28.457204418085922,MODIS,80,83.7,3.82,2.06
2011,12,2.005060454935942,28.739553884842287,MODIS,98,83.59,4.47,0.83
2011,12,1.821862409098367,28.399454110324132,MODIS,76,31.5,3.65,0.51
2011,12,1.43874239448367,28.420590028648846,MODIS,77,33.03,1.48,0.81
2011,12,1.9879766531627687,29.139505108297506,VIIRS,60,7.52,3.18,0.46
2011,12,2.1430979178012617,28.365176890462227,MODIS,81,78.85,2.4,1.5
2011,12,1.6716351379431045,28.223350805310126,VIIRS,75,110.97,1.01,0.66
2011,12,1.208200840370138,28.46226263007144,VIIRS,64,145.81,3.73,0.83
2011,12,1.873657665766698,28.042788064565723,MODIS,77,99.6,3.17,1.84
2011,12,2.2295764527073914,28.187422067939707,VIIRS,60,113.66,2.52,1.79
2011,12,2.2029292114818135,29.188344261041973,VIIRS,90,57.94,5.26,1.58
2011,12,1.5337024347313672,28.504173552821626,MODIS,60,142.43,3.93,2.03
2011,12,2.2606372413765836,28.179023823231255,MODIS,70,69.72,1.74,1.02
2011,12,2.494638863943063,28.345987219637735,MODIS,87,73.27,1.57,0.32
2011,12,1.7642968177246683,28.860421934995422,MODIS,86,82.24,3.42,0.36
2011,12,2.459402060696019,29.178188221994684,MODIS,82,144.9,1.81,0.42
2011,12,1.877029816057412,28.965147033196242,MODIS,83,124.67,5.93,2.17
2011,12,1.4202863063135929,28.459310804855726,MODIS,86,6.35,2.61,0.48
2011,12,2.4776837034199453,28.738651787658775,MODIS,98,43.19,4.15,1.63
2011,12,2.1713447579948557,28.07046106703675,VIIRS,96,113.02,2.23,0.27
2011,12,1.117210788723186,28.473033167406392,VIIRS,79,21.55,4.74,3.45
2011,12,2.138125884549654,28.40662082799995,VIIRS,87,17.45,4.67,3.33
2011,12,1.131444843124994,28.13601980932499,VIIRS,83,148.93,4.25,1.96
2011,12,2.478319973200537,28.412033904770354,VIIRS,77,7.83,6.0,3.6
2012,1,2.2254492601671028,28.024268205091662,MODIS,74,132.37,3.64,0.99
2012,1,1.1823769470195238,28.478299081739046,MODIS,96,11.64,1.84,1.46
2012,1,1.8962264272931069,28.2336917207533,MODIS,96,110.23,1.67,0.41
2012,1,1.6179098892856918,28.53652655662427,VIIRS,67,44.8,5.15,3.51
2012,1,2.2335180612918197,28.65769869421393,VIIRS,65,101.74,4.1,2.1
2012,1,1.0707695027365522,28.998250443730797,VIIRS,79,9.2,3.82,0.75
2012,1,2.187707970294725,28.97237290518351,MODIS,62,26.37,1.7,0.27
2012,1,1.4356340780391814,28.02801413043881,VIIRS,83,110.56,1.62,0.41
2012,1,2.348952101771093,28.06833937725538,MODIS,76,90.56,2.29,1.81
2012,1,1.9130457906398477,28.780353860644357,VIIRS,88,9.45,4.24,1.26
2012,1,2.2156851210851056,28.67542719685136,VIIRS,95,72.56,2.19,0.96
2012,1,1.1717320083231988,28.69254052283933,MODIS,90,48.18,4.38,2.53
2012,1,1.6269084840861328,29.15415161017237,VIIRS,68,140.46,4.34,3.13
2012,1,1.156104142005945,28.574683851215365,MODIS,81,114.23,1.72,0.21
2012,1,1.3488347626829504,29.001099302574865,VIIRS,65,87.09,5.48,3.36
2012,1,1.0020059318504562,28.001940451931997,MODIS,70,26.68,1.97,1.25
2012,1,1.3437592642094132,28.105974281712275,MODIS,84,66.58,2.6,2.03
2012,1,2.340177547431071,28.316323452085157,VIIRS,92,54.14,3.18,1.43
2012,1,2.416172196884622,29.038750395276633,MODIS,75,31.67,4.32,2.06
2012,1,1.4520868745329183,28.563176060896343,MODIS,69,108.62,2.05,1.58
2012,1,1.956975026358506,28.55572920828327,MODIS,75,7.09,2.94,1.32
2012,1,1.0816701002810225,28.890594245943465,VIIRS,89,104.7,5.55,4.42
2012,1,1.7757825187763054,29.134622530363515,MODIS,85,112.05,6.12,1.43
2012,1,1.7359605461977339,28.527581587402203,MODIS,80,18.63,3.5,2.25
2012,1,1.7086836374353087,29.12263249234662,MODIS,99,8.33,3.36,0.97
2012,1,2.4699860057695995,28.531770048238556,VIIRS,87,60.26,3.09,2.13
2012,1,2.2164000178425485,29.10930585566417,VIIRS,62,74.42,2.77,0.78
2012,1,1.7233542090747223,28.41794411782813,VIIRS,94,64.67,4.94,3.61
2012,1,2.4490001155223693,28.950530254058826,VIIRS,72,111.94,4.78,1.18
2012,1,1.9807675494508434,28.497806333413354,VIIRS,93,56.51,4.45,0.83
2012,1,1.2330597233642089,28.456823948688857,VIIRS,89,28.8,5.65,3.71
2012,1,1.219416677205551,28.448761710734857,VIIRS,61,96.11,2.0,0.75
2012,1,1.4514464245214191,28.77062718784096,VIIRS,87,108.26,3.24,0.57
2012,1,1.5103146605416229,28.966720440217788,MODIS,70,141.7,1.2,0.87
2012,1,1.0667268515996118,28.487411501725884,VIIRS,96,120.25,2.33,1.77
2012,1,2.3689459245814186,28.859219363683945,MODIS,83,136.39,2.9,0.52
2012,1,2.005215243298084,28.657767685670944,MODIS,89,64.46,2.01,1.24
2012,1,2.270772450078259,28.025855988975454,MODIS,76,69.33,1.2,0.95
2012,1,2.3954467406811055,28.868458180868327,VIIRS,97,111.49,1.16,0.38
2012,1,1.301504878624649,28.40919414295924,VIIRS,71,139.37,4.5,1.06
2012,1,1.8813831662746414,28.126863807969407,VIIRS,90,82.97,1.96,1.06
2012,1,2.0376707725289207,29.01773833542747,VIIRS,78,49.98,3.7,1.18
2012,1,1.449608857752511,28.83359360582111,VIIRS,66,122.74,5.92,3.03
2012,1,2.090863453102317,28.175572986542843,VIIRS,98,42.47,5.94,1.91
2012,1,2.4540478616139456,29.131952892275446,MODIS,67,147.3,5.83,2.73
2012,1,1.1221576292171291,28.667284685396744,VIIRS,62,43.26,2.0,0.65
2012,1,1.070483119420433,28.781300841750504,MODIS,79,138.94,2.47,0.7
2012,1,2.1587570332162387,28.653467697261835,MODIS,76,71.0,1.1,0.71
2012,1,1.8512530430386238,29.005439290547518,MODIS,83,120.64,1.65,1.17
2012,1,2.3363886649052716,28.215921300190878,MODIS,88,85.29,5.79,3.93
2012,1,2.4490708464683264,28.941741463141156,MODIS,99,77.49,3.46,0.38
2012,1,1.6730489796519705,28.02146582838464,VIIRS,61,33.46,5.47,0.66
2012,1,1.7348687267971015,28.321859954547442,VIIRS,76,136.82,1.27,0.58
2012,1,1.3416030829444077,28.083113500319445,VIIRS,95,20.61,2.96,2.02
2012,1,2.379220981677045,29.041882319510663,VIIRS,83,81.94,4.39,1.95
2012,1,2.3846976302867073,28.590742897190523,MODIS,81,66.61,1.69,0.45
2012,1,1.2815160200337856,29.142644064555633,VIIRS,69,35.8,4.07,1.41
2012,1,1.89180230211063,28.09400439874695,MODIS,85,139.57,1.82,0.52
2012,1,1.8771341490213223,28.77313472518726,VIIRS,80,93.93,4.55,1.16
2012,1,1.9604548860810191,28.55942315605625,MODIS,67,73.3,4.52,3.58
2012,1,2.32307536764191,28.51873148754685,MODIS,86,132.16,2.72,1.71
2012,1,2.016550906916537,28.132298446716252,VIIRS,79,111.36,1.7,1.34
2012,1,2.051714646714692,28.793751290454857,MODIS,75,83.45,5.48,1.16
2012,1,2.483202293432944,28.53095560938899,MODIS,76,67.98,2.56,0.79
2012,1,1.4750940283501486,28.113212660247818,VIIRS,73,30.58,3.8,1.01
2012,1,1.9551967638399836,28.124649422450798,MODIS,87,57.09,2.2,0.37
2012,1,1.0998963597349214,28.52851233277992,MODIS,80,130.07,2.32,0.88
2012,1,1.9788841064273737,28.8755320550206,VIIRS,74,28.75,1.1,0.28
2012,1,1.0837408424419994,28.509588372605418,MODIS,78,129.7,4.55,3.42
2012,1,2.3066111961718185,29.150069528372757,MODIS,74,24.71,1.69,0.19
2012,1,2.470858269328369,29.036409006735163,VIIRS,64,114.8,2.41,0.74
2012,1,2.1627733573585317,28.73645709133803,MODIS,90,142.74,5.17,2.32
2012,1,1.6328785448000576,28.06199972399147,VIIRS,68,146.58,1.77,1.17
2012,1,1.4944458212654637,28.263197494599623,VIIRS,69,10.63,3.46,1.48
2012,1,1.9829580241592388,28.812235666953427,VIIRS,72,94.23,1.16,0.72
2012,1,2.3542076739965485,28.654979960080343,MODIS,65,127.31,4.45,0.47
2012,1,2.4486870839379176,28.671356364247217,VIIRS,96,111.85,1.17,0.91
2012,1,1.352440784716054,29.11974049414289,VIIRS,78,117.66,5.91,1.81
2012,1,1.9344658697042498,28.644592505861702,VIIRS,60,103.59,4.93,2.31
2012,1,2.4879021217890944,28.812256163521855,MODIS,78,97.26,2.52,0.55
2012,1,2.066056355285232,28.639040944945886,MODIS,84,41.87,5.99,2.68
2012,1,1.6359472153972165,28.50278148292347,VIIRS,98,49.0,4.7,2.06
2012,1,1.7024749360315292,28.564020376465244,MODIS,86,37.31,3.32,2.51
2012,1,1.2063953604161033,28.208676491267468,MODIS,72,61.89,5.42,1.69
2012,1,1.2119532494180505,28.532398974206018,VIIRS,99,77.47,4.2,0.56
2012,1,1.2052003124618749,28.90613711159272,VIIRS,93,58.69,2.59,0.35
2012,1,2.483363115546072,28.338506375066313,MODIS,76,119.01,3.79,0.44
2012,1,1.1637626786979736,28.90590193230953,MODIS,100,83.13,3.64,0.42
2012,1,1.98311657552688,28.85890015776485,MODIS,72,97.33,3.24,1.68
2012,1,1.8714707090348028,28.648354018020676,MODIS,98,5.51,4.36,2.22
2012,1,2.152054821108055,28.02577633149308,MODIS,79,137.82,4.13,2.81
2012,1,1.4453121236181574,28.139679298372826,MODIS,72,63.93,2.31,0.6
2012,1,2.3065757805565634,28.15699906712121,MODIS,93,49.12,5.92,4.3
2012,1,1.260087589910777,28.712809180956214,VIIRS,82,120.47,3.57,2.26
2012,1,1.2224075953228852,29.19665239941638,MODIS,62,45.83,1.45,0.16
2012,2,1.0102622767763765,28.398854667397394,VIIRS,71,9.82,3.06,1.73
2012,2,1.8671420270285246,28.64527539164616,VIIRS,75,24.32,4.92,1.96
2012,2,1.851220355639819,28.12168049022051,VIIRS,92,27.26,1.12,0.14
2012,2,1.011669721519842,28.016866728829584,MODIS,61,76.94,3.59,1.8
2012,2,1.259970803663412,28.13412299030758,MODIS,91,143.47,2.12,1.66
2012,2,1.7057200378076744,28.94762717725355,VIIRS,62,13.96,5.02,3.14
2012,2,2.027751726927843,28.864311726363614,MODIS,69,19.34,3.09,0.36
2012,2,1.6655981218600826,28.644354139612098,MODIS,97,142.01,1.82,0.75
2012,2,2.107810196310905,28.40380058718975,VIIRS,61,24.57,4.36,0.95
2012,2,1.3470682224424722,28.402426186702698,MODIS,65,11.68,1.55,0.44
2012,2,2.450056213549376,28.47047104690532,VIIRS,69,19.73,2.08,1.49
2012,2,2.292632817699946,28.029834472439067,VIIRS,68,96.02,5.44,2.29
2012,2,2.330939141139466,28.50567896232582,VIIRS,61,145.38,4.94,2.32
2012,2,1.110289260293135,28.87388264133023,VIIRS,88,15.76,2.01,0.41
2012,2,1.3027240602108796,28.11199952403337,VIIRS,99,50.98,4.05,2.93
2012,2,1.7502414514975473,28.735615373271255,MODIS,88,53.63,2.9,0.39
2012,2,1.2013436597915372,28.820756993293774,VIIRS,77,47.33,5.18,3.88
2012,2,2.0867284086395212,29.041027333144704,VIIRS,82,110.04,2.61,1.25
2012,2,2.2608435098255386,28.052133182349472,MODIS,95,71.53,5.13,0.72
2012,2,2.1730420023057144,28.048333496918257,VIIRS,83,65.2,1.81,0.63
2012,2,1.4750384530777456,28.581476805455278,MODIS,65,82.22,2.68,0.72
2012,2,1.036192589827489,28.296478606399003,MODIS,74,75.35,4.92,3.83
2012,2,1.2343193813610625,29.11534771228461,VIIRS,81,148.12,1.13,0.64
2012,2,2.119910852508294,28.04832514373123,MODIS,74,46.65,6.15,3.07
2012,2,2.2284233629897754,28.52886888673444,VIIRS,60,52.13,5.86,3.0
2012,2,2.3597632908042834,28.934619580749214,MODIS,69,21.52,5.87,4.26
2012,2,1.024455899782291,28.84328066138999,MODIS,61,19.34,3.9,1.87
2012,2,1.0397653525487087,28.46179881822573,VIIRS,95,149.87,4.97,2.39
2012,2,2.3223761082418415,28.564278504403003,MODIS,68,134.35,2.18,1.14
2012,2,1.4003730597561646,28.16218476082482,MODIS,71,33.32,4.54,1.16
2012,3,1.8289694416786932,29.05034887837236,MODIS,94,89.62,5.05,2.63
2012,3,1.4892571169023658,28.706478547759563,MODIS,94,75.11,2.48,1.11
2012,3,1.1211713366861062,28.251442124759816,VIIRS,81,45.2,3.27,1.28
2012,3,1.6371789956103078,28.66046095283883,VIIRS,61,90.76,4.95,2.69
2012,3,2.225599639029602,28.701504400438676,VIIRS,61,77.17,4.09,3.12
2012,3,2.233375123056741,29.152688354319466,VIIRS,83,6.38,1.51,0.59
2012,3,1.400447758093296,28.889438994324674,VIIRS,80,113.84,6.09,3.0
2012,3,1.2821394364122505,28.81710174165601,MODIS,89,147.51,5.36,3.46
2012,3,2.0699693267652743,28.673264974503663,VIIRS,68,80.21,5.89,4.46
2012,3,2.383663042335572,28.64765510959367,VIIRS,83,30.6,5.68,2.41
2012,3,1.0599644824831973,28.334195849578087,MODIS,85,90.97,5.73,0.64
2012,3,1.9924789460389265,28.567440354488184,MODIS,81,139.84,3.48,1.02
2012,3,1.1274640191472787,28.36876656436134,MODIS,66,130.74,5.96,2.14
2012,3,1.8976373534321214,28.09853432939188,MODIS,72,88.83,5.91,4.1
2012,3,2.379192918146491,28.408976726502136,VIIRS,71,25.86,1.05,0.75
2012,4,2.2044297232892096,29.172852471174657,VIIRS,99,40.49,3.83,2.67
2012,4,1.2126463576079494,28.323228891983312,MODIS,82,61.97,3.08,0.79
2012,4,2.4409030114066534,28.033661353964195,MODIS,68,22.04,3.99,0.76
2012,4,2.3554853561467928,28.61246586937274,MODIS,76,65.7,2.61,0.41
2012,4,1.9951069022965089,28.5928676863985,MODIS,80,97.09,2.13,0.38
2012,5,1.5579674915417803,28.817376365894862,MODIS,77,98.14,2.68,0.74
2012,5,1.3266858528609626,28.355640268098337,VIIRS,66,32.47,5.87,2.37
2012,5,1.0132551233069953,28.589836915603968,VIIRS,100,49.19,3.25,1.06
2012,5,1.5363359371372731,28.057381680338384,MODIS,67,128.53,3.88,2.35
2012,5,2.1818469238859795,28.40718166941433,MODIS,81,149.31,2.94,0.57
2012,5,1.7118049961737274,28.57726930633101,VIIRS,91,91.85,2.72,1.03
2012,5,1.224944136003755,29.08719558268115,MODIS,92,113.59,5.43,4.3
2012,5,1.5491657273361117,28.9150302722678,MODIS,67,45.43,1.44,0.41
2012,5,2.364624902977778,28.658202701769092,MODIS,95,8.88,2.74,1.37
2012,5,1.5587740035658935,29.10170041024026,VIIRS,82,17.75,3.73,0.45
2012,5,2.4979337691058454,28.122656119138327,MODIS,74,77.7,2.69,0.49
2012,5,2.3629227159891344,28.91949690874483,VIIRS,82,116.72,1.05,0.27
2012,5,1.963385609513908,28.268551908142094,MODIS,84,97.75,3.19,1.82
2012,5,1.5138161783333435,28.540990012023638,VIIRS,76,129.46,1.03,0.25
2012,5,1.0936102772061806,29.119931991425627,VIIRS,87,59.3,3.47,0.7
2012,5,1.9343794235182223,28.40302373838131,VIIRS,74,117.91,1.73,1.08
2012,5,1.7367973898148956,28.86850420497184,MODIS,94,99.7,2.16,1.62
2012,5,2.0200317362535354,28.334956953080518,MODIS,89,81.1,2.83,1.8
2012,6,2.3567100385192066,28.987365486534145,VIIRS,65,45.43,2.0,1.28
2012,6,1.3953703473560797,28.789522074014233,MODIS,100,35.75,3.38,1.54
2012,6,1.8094939634949547,28.86175518645416,MODIS,83,21.8,5.1,1.72
2012,6,1.9238717136166557,28.080574577043443,MODIS,92,32.5,1.86,0.84
2012,6,1.7572155470900563,28.544771458742215,MODIS,77,55.27,5.64,4.3
2012,6,1.1093903868336301,28.85885153580825,MODIS,72,31.82,2.09,1.39
2012,6,2.079379787850393,28.13682154857826,MODIS,63,125.8,5.17,2.33
2012,6,1.0438879878954663,28.675191366304865,MODIS,78,16.49,2.25,0.56
2012,6,1.145302132940012,28.799088393120464,MODIS,91,55.94,1.48,0.64
2012,6,1.2157244513071581,28.010279727353876,MODIS,62,26.64,1.4,0.32
2012,6,1.1244135495164835,28.368940557125455,MODIS,74,93.52,2.55,0.64
2012,6,1.390432215024985,28.937902423233005,VIIRS,63,48.81,2.62,0.78
2012,6,1.4081256690634634,29.045909180092345,MODIS,70,48.35,2.37,1.15
2012,6,1.2470903334787051,28.682376569939464,VIIRS,60,18.6,3.75,1.53
2012,6,1.2316944271657762,29.199643348149912,VIIRS,66,69.98,4.81,3.61
2012,6,2.4070792097781077,29.115018545730237,VIIRS,81,144.48,2.31,0.44
2012,6,1.9940848269077942,28.4170639513067,MODIS,76,95.49,1.05,0.51
2012,7,1.068951474655364,28.004228386277653,VIIRS,79,43.58,3.9,2.72
2012,7,1.9892614809952356,28.979603525318996,MODIS,89,53.53,5.76,4.57
2012,7,1.032886614266075,28.391159667416087,VIIRS,97,94.06,2.89,1.38
2012,7,1.4603149914879818,29.020278452692434,VIIRS,97,88.52,3.26,1.09
2012,7,2.2148325711213515,28.965234065489458,MODIS,65,49.56,5.79,2.27
2012,7,2.340103991806009,28.414740813242062,MODIS,64,71.51,4.95,2.38
2012,7,2.2937115785742854,29.06148367413037,MODIS,96,99.18,3.13,0.92
2012,7,1.517499821485091,28.138936973513907,VIIRS,72,27.35,1.69,0.47
2012,8,1.4094467387208858,28.51546038677783,VIIRS,68,57.3,4.23,2.41
2012,8,2.067501229873578,28.08499021969915,MODIS,96,88.11,1.23,0.27
2012,8,1.6260123535921194,28.769122781974225,VIIRS,82,47.28,5.57,2.99
2012,8,2.3760204689911246,28.641585876563557,MODIS,98,59.44,1.83,0.52
2012,8,1.8040975407822732,28.822202376579682,VIIRS,86,49.24,5.98,3.39
2012,8,1.620895985575499,28.166992822633553,VIIRS,78,78.12,2.16,0.33
2012,8,1.0820053096542315,28.277806175485203,MODIS,74,60.29,3.54,1.74
2012,8,1.5806528054160993,28.748652028703006,MODIS,88,64.08,4.73,2.06
2012,8,2.0164328132268294,28.713030113546537,VIIRS,81,44.86,3.14,1.36
2012,8,2.352928103465983,28.979567695562515,MODIS,81,28.2,4.38,0.69
2012,8,2.036389527174863,28.852913649739694,VIIRS,64,61.6,1.93,1.47
2012,9,2.336751454637449,28.81147246880646,VIIRS,93,32.86,3.4,1.63
2012,9,1.9014454420963922,28.329151576953844,VIIRS,95,87.4,6.07,4.82
2012,9,1.1599011059794093,28.59770745617343,VIIRS,70,9.96,1.52,0.98
2012,9,1.2244800900798292,28.853978455598725,MODIS,70,131.15,2.81,0.65
2012,9,1.165621622420188,29.19924364002696,MODIS,86,60.4,4.76,2.12
2012,9,2.2140999805276804,29.088961058965747,MODIS,75,114.29,5.75,2.14
2012,9,1.170638097076484,29.117678741798,MODIS,68,13.16,2.68,1.5
2012,9,1.775287515759227,28.026378473345126,MODIS,76,124.68,4.18,1.64
2012,10,2.0135727329376465,28.71317306809289,VIIRS,92,81.47,5.46,2.17
2012,10,2.369979043652707,28.648376787444647,VIIRS,76,98.0,3.76,2.05
2012,10,1.1752460289772262,28.350567395743187,VIIRS,85,29.07,4.34,0.79
2012,10,1.8331153390905957,28.193703308495284,MODIS,76,106.28,6.04,4.6
2012,10,1.8270307669082195,28.83028250711483,MODIS,68,22.66,3.13,1.89
2012,10,1.7139076161716575,28.427691177073083,MODIS,84,58.76,3.41,1.74
2012,11,1.7519458405730415,28.48194147523863,MODIS,80,30.48,5.45,0.88
2012,11,1.9687731309543928,29.187596445566626,VIIRS,88,87.41,1.52,0.55
2012,11,1.4919428306032663,28.783392729809812,MODIS,64,86.92,3.01,1.85
2012,11,2.1055434277042933,28.041292914218353,VIIRS,76,79.72,4.47,1.84
2012,11,1.9562489952101876,28.27264851135748,MODIS,63,28.02,5.75,1.29
2012,11,2.410954948556111,28.07266368451269,MODIS,61,127.91,1.51,0.24
2012,11,2.4118611037335036,28.20029995959965,VIIRS,92,51.49,5.7,2.96
2012,11,2.006680626415253,28.727496280916245,MODIS,84,20.6,3.82,0.94
2012,11,1.0713907208365923,28.887882508782916,MODIS,63,55.03,3.31,2.39
2012,11,1.9285035940923112,28.292408924166654,VIIRS,93,78.76,4.05,2.66
2012,11,1.8845570874855144,28.552966414806836,VIIRS,75,100.09,1.45,0.47
2012,11,1.3116887660865222,28.420335800509534,MODIS,71,70.53,4.82,3.54
2012,12,2.007283966747517,29.087097920241895,MODIS,96,108.72,4.55,1.4
2012,12,1.0764034057400824,29.03444284558738,VIIRS,85,140.71,5.63,1.81
2012,12,1.1198448594676076,28.327127465165503,MODIS,80,62.13,1.98,0.38
2012,12,2.1949354951340125,29.088191856963753,VIIRS,85,83.36,5.97,1.63
2012,12,1.7074596165012221,28.876653117974804,MODIS,77,30.02,1.25,0.23
2012,12,1.3157880898457042,28.87269641884007,MODIS,73,109.16,1.75,1.26
2012,12,1.0679208174504513,28.158388289742973,MODIS,73,77.55,2.04,0.9
2012,12,2.479999847673775,28.490112333927847,VIIRS,88,81.8,4.86,2.26
2012,12,1.477714831817944,28.667360044581685,MODIS,84,80.03,1.61,0.2
2012,12,2.495474066902449,29.020363125119484,VIIRS,78,30.58,2.96,1.26
2012,12,2.339545520449683,28.378067242910657,VIIRS,66,26.05,5.37,3.42
2012,12,1.4249924598604375,28.132627187944593,VIIRS,88,37.95,2.02,0.59
2012,12,1.7328254572952628,28.800136878827153,MODIS,94,138.17,6.2,3.0
2012,12,1.964111112262421,28.623061179674984,MODIS,80,13.39,2.12,0.78
2012,12,1.4873499922622457,28.851350630870872,VIIRS,66,76.19,5.32,2.4
2012,12,1.1059870833627772,28.989371718533615,MODIS,81,63.58,5.29,3.34
2012,12,1.6982896629988766,28.983105705957687,VIIRS,99,129.09,2.58,1.86
2012,12,2.2929907570165278,28.588841025970893,MODIS,94,119.07,4.96,3.92
2012,12,1.9003245305609342,28.83715355354173,VIIRS,85,131.91,3.37,2.12
2012,12,1.8653224224133713,28.440549371710443,MODIS,91,79.28,5.88,3.03
2012,12,2.278072359991285,28.770570685975414,MODIS,76,70.58,5.04,2.17
2012,12,1.7334603928526733,29.123480450723537,VIIRS,73,149.22,5.68,3.27
2012,12,1.6238904372797824,29.028084361358246,MODIS,70,61.7,5.27,2.8
2012,12,2.3224231823609864,28.214131052664722,MODIS,68,17.6,2.06,1.43
2012,12,1.7114631731787548,28.894650477504985,MODIS,61,149.56,3.22,1.7
2012,12,1.8967975330722138,29.107715678942963,VIIRS,75,65.6,2.67,1.26
2012,12,2.492352534415267,28.578360274575445,MODIS,87,84.17,2.23,1.26
2012,12,2.4050542576154776,28.50324898035916,MODIS,100,8.65,3.92,0.89
2012,12,2.376277196967308,28.52400787602401,MODIS,85,89.31,2.91,0.52
2012,12,1.7025770633195971,28.226222937388037,MODIS,64,98.9,5.21,3.0
2012,12,1.475144620339324,28.789795624715325,VIIRS,61,48.62,5.46,0.8
2012,12,1.6275220872408003,28.859119028165974,MODIS,77,65.79,6.22,4.92
2012,12,1.139942494118795,28.54255502056844,VIIRS,95,125.7,1.83,1.14
2012,12,1.5639913441234765,28.652526735388662,MODIS,91,95.04,3.27,0.4
2012,12,1.7550503534591781,28.198989622379276,MODIS,96,34.26,5.86,3.91
2012,12,1.6376854869007913,28.63055605462773,VIIRS,85,24.58,3.22,0.5
2012,12,2.009660552804596,28.159183635593788,VIIRS,64,77.34,1.36,0.76
2012,12,2.117224715569763,28.11313892218453,VIIRS,89,81.31,3.45,2.35
2012,12,1.6723954318797407,28.472915931974637,VIIRS,79,108.43,4.07,2.24
2012,12,1.189863643934457,28.243906357193,MODIS,71,63.82,3.05,1.83
2012,12,1.5032937455774391,28.82220674634403,MODIS,99,140.8,4.17,1.12
2012,12,1.2086336934549928,28.373654627186312,VIIRS,84,19.13,2.97,0.37
2012,12,1.9249123717288008,28.497126007028477,VIIRS,89,48.51,5.2,1.25
2012,12,1.883079589548932,28.44480198790121,MODIS,91,39.88,5.59,1.89
2012,12,1.0562117062353482,28.004804479682452,MODIS,90,40.01,4.23,1.39
2012,12,1.3874074192323118,28.362212350825146,MODIS,66,67.69,5.23,2.71
2012,12,2.2380324916938195,29.01911051600341,VIIRS,96,47.32,3.9,2.47
2012,12,2.1016640949696073,28.669067934789766,VIIRS,72,82.11,3.66,2.04
2012,12,1.7875445776244643,29.051253110162516,VIIRS,82,129.72,2.05,0.71
2012,12,1.138012574436964,28.744465717830465,MODIS,82,77.25,3.6,1.93
2012,12,1.2830586826871746,29.117885453474706,VIIRS,94,70.49,5.32,0.68
2012,12,2.011172596045669,28.527687129492264,MODIS,72,106.57,2.43,1.6
2012,12,1.8447266590764908,28.841561160327775,VIIRS,64,148.83,5.99,2.19
2012,12,1.07867903636191,29.055240331681976,VIIRS,63,67.03,6.12,3.33
2012,12,1.2123838871572095,28.722204909158155,MODIS,79,95.0,4.63,1.43
2012,12,2.3467854987498145,28.220922093285814,VIIRS,97,114.97,2.3,1.6
2012,12,2.118087338922465,28.558054669610932,VIIRS,91,75.15,1.57,0.66
2012,12,2.1624202981394554,29.195612248355,MODIS,79,100.78,3.81,1.69
2012,12,1.221762684961666,29.0745403956754,VIIRS,65,57.66,3.89,1.92
2012,12,1.8887451075959096,29.15966445489396,VIIRS,64,31.26,4.46,2.48
2012,12,2.1379402246745123,28.5326145159841,MODIS,93,67.0,2.14,1.4
2012,12,2.1112104073562485,28.86840523218943,VIIRS,90,52.6,1.56,0.76
2012,12,1.2443729567628499,28.001651928133125,MODIS,86,147.71,3.02,1.62
2012,12,2.3202013539406354,28.60038380939507,VIIRS,85,98.95,1.57,0.8
2012,12,2.0978369981227676,28.564062114852685,VIIRS,81,117.23,2.75,1.93
2013,1,1.8376744676815966,28.975894403469244,VIIRS,82,89.09,3.42,2.07
2013,1,2.070984712517305,29.07967884014434,VIIRS,62,40.64,4.08,1.69
2013,1,1.9287171821526548,28.510190770222795,VIIRS,90,128.28,1.49,1.09
2013,1,1.1155062918738388,28.173998594453078,VIIRS,88,146.25,5.43,3.09
2013,1,2.0627907520210025,28.278604270870378,MODIS,82,74.94,3.61,1.29
2013,1,1.0114105053713647,28.545256579548518,VIIRS,96,106.67,2.54,0.91
2013,1,1.2377546749870445,29.103509004268595,MODIS,60,123.52,4.17,0.95
2013,1,1.0721999418715695,28.127439028486265,MODIS,79,137.71,4.05,1.68
2013,1,2.164146548816733,28.319063846297137,VIIRS,68,124.68,1.54,0.22
2013,1,1.9386162899422434,28.016101182977952,MODIS,87,114.83,1.24,0.47
2013,1,2.2108505075487055,29.10488206482268,VIIRS,80,85.21,5.64,3.45
2013,1,2.1429509181091677,29.17329681707399,VIIRS,74,19.7,4.4,2.6
2013,1,2.4301564216949236,29.059044666676648,VIIRS,73,74.7,3.01,0.35
2013,1,1.0979537328091102,29.087450731323973,MODIS,87,55.74,3.48,2.28
2013,1,2.23703245054928,28.692785670550915,MODIS,70,100.65,1.15,0.39
2013,1,2.2389788845296,28.147190869828798,MODIS,83,109.56,6.11,1.39
2013,1,1.818905018478057,28.896484212180418,MODIS,77,130.37,1.31,0.48
2013,1,2.36481075346881,28.12867325102909,VIIRS,88,92.94,3.46,0.46
2013,1,1.1295587350931933,28.10418392297945,MODIS,80,23.92,5.4,3.1
2013,1,2.129294897471402,28.067254940399977,VIIRS,61,35.25,5.34,2.85
2013,1,2.2628885467167272,28.817336165028543,MODIS,74,130.22,2.86,1.2
2013,1,2.3596211657258577,28.32122409035931,VIIRS,65,49.46,3.31,2.33
2013,1,1.1558367359262418,28.890184186828364,VIIRS,67,129.06,5.05,3.48
2013,1,2.081168095248047,29.084690877319108,MODIS,89,134.74,1.13,0.84
2013,1,1.1341335089530378,28.6584801243028,MODIS,69,26.61,5.98,2.31
2013,1,2.175275496614379,28.183541145066307,MODIS,82,148.08,3.11,2.39
2013,1,1.5353730249038087,28.152980493201824,MODIS,99,107.3,5.75,2.57
2013,1,1.0877823683039876,28.918141712681084,VIIRS,88,109.29,3.69,1.63
2013,1,1.3484938275151874,28.28770546738119,MODIS,84,31.81,3.06,1.37
2013,1,1.7416449479603406,29.077236719622363,MODIS,92,81.75,4.18,2.77
2013,1,1.3358666926226077,28.871652203966967,MODIS,88,129.5,4.58,1.73
2013,1,1.4987803077825037,28.564216054419738,MODIS,68,60.57,1.26,0.82
2013,1,1.4359932695934172,28.50569910106014,VIIRS,88,103.26,3.82,2.13
2013,1,1.307523081369353,29.04576366889004,MODIS,93,78.07,5.18,2.09
2013,1,1.5975433943023067,29.007719506615974,VIIRS,96,115.07,4.77,0.94
2013,1,1.3065677253593506,28.34068478068794,MODIS,64,81.33,2.83,2.26
2013,1,2.131262352515934,28.2126097383039,MODIS,96,88.28,4.62,0.99
2013,1,1.3835248730432022,28.8508806192185,VIIRS,94,21.41,4.15,2.33
2013,1,1.6031717903081177,29.116850672226377,VIIRS,78,149.48,6.18,2.59
2013,1,1.7233723771288867,28.924029200367592,VIIRS,88,24.38,5.22,0.68
2013,1,1.0955728571410706,28.583195714364322,MODIS,81,109.06,6.21,4.55
2013,1,2.393340355467684,28.020593733806,VIIRS,63,127.9,2.78,0.66
2013,1,1.4804537948935428,28.630029666676872,MODIS,96,117.36,4.91,3.62
2013,1,1.2662522123349307,29.078489884381653,VIIRS,67,120.13,4.2,1.28
2013,1,1.4798529626962416,28.29205718222264,MODIS,68,129.67,2.17,1.2
2013,1,1.8042837647912346,28.539688365965453,VIIRS,98,9.28,4.68,1.19
2013,1,2.437844660873435,29.13354968199729,VIIRS,100,69.99,6.19,2.34
2013,1,1.6951009496735367,28.79916197598978,VIIRS,69,119.16,5.25,3.27
2013,1,1.7282197899832554,28.321423114334703,VIIRS,60,21.85,1.98,1.02
2013,1,1.4743444790853784,28.908314539184794,VIIRS,64,43.19,1.37,0.7
2013,1,1.5038143471907057,28.169777913916757,VIIRS,66,6.7,5.33,0.98
2013,1,1.3222742936897478,28.762589277801506,MODIS,65,50.41,4.99,0.93
2013,1,2.223629885681511,28.173462291326388,VIIRS,60,9.67,3.61,1.8
2013,1,1.487435508461489,28.936378006792506,MODIS,72,70.42,3.46,2.03
2013,1,1.9815445535200582,29.055578354219676,MODIS,62,9.6,4.31,0.66
2013,1,1.8119035033588848,29.15138325102095,VIIRS,100,102.54,5.7,2.54
2013,1,2.117079252331801,28.045200475909684,MODIS,86,149.06,3.04,1.18
2013,1,1.605785456357608,28.274676435221767,VIIRS,72,109.88,1.47,0.23
2013,1,2.3399370461997187,28.386008932573287,MODIS,77,78.82,4.95,2.89
2013,1,1.9168870052976155,28.20120445256736,MODIS,61,72.0,1.29,0.31
2013,1,1.9276550264704422,28.723571159934856,MODIS,70,82.82,5.36,3.54
2013,1,1.34652797954798,28.64608978913708,VIIRS,91,5.89,3.88,0.47
2013,1,1.651954954498729,28.081336778529703,VIIRS,72,38.78,2.99,1.85
2013,1,1.6026046668586167,28.003539356400143,MODIS,84,35.76,4.48,1.1
2013,1,1.5036621627176399,28.553441669649654,MODIS,98,121.08,3.55,2.6
2013,1,1.4861778070279204,28.819579510758484,MODIS,69,91.88,5.97,3.12
2013,1,1.2180957105746564,28.87762739223198,MODIS,78,106.22,3.83,0.46
2013,1,2.463188189079034,28.51480614237324,MODIS,72,76.08,1.31,0.62
2013,1,2.0048649174862803,28.584636714092476,MODIS,99,48.04,1.15,0.17
2013,1,1.1828861772030166,28.766697161912568,VIIRS,74,101.67,4.46,3.49
2013,2,1.4407352833444769,28.458147428216698,MODIS,86,132.06,4.89,2.07
2013,2,1.4117211204204168,28.182781236560604,MODIS,66,140.12,2.24,0.5
2013,2,1.213857169782444,28.559873845127207,VIIRS,79,127.65,5.06,0.63
2013,2,2.2361528320121526,28.04360549737192,MODIS,79,19.7,5.19,2.19
2013,2,2.18566425271326,29.049359231344283,MODIS,89,43.79,1.63,1.03
2013,2,2.0492395461551105,28.927564492755888,MODIS,78,13.79,4.38,1.53
2013,2,1.7941721523690723,29.01205885026232,MODIS,67,104.15,1.71,0.59
2013,2,1.241313161158172,28.222610295728362,VIIRS,76,85.15,5.67,2.93
2013,2,2.397020904024266,28.985458344818237,MODIS,75,56.0,4.66,1.13
2013,2,1.677182584575963,28.759169129727734,VIIRS,78,78.83,1.26,0.88
2013,2,1.4184068791725242,29.022629909074936,VIIRS,67,145.58,5.8,4.51
2013,2,1.3279018255692332,29.072550494284325,MODIS,60,141.35,5.58,2.76
2013,2,1.0846172964221146,28.092555465768974,MODIS,68,144.54,2.95,1.92
2013,2,1.9927873173569632,28.591346333359738,MODIS,100,102.74,4.4,1.31
2013,2,2.2424270336223313,28.101550120716286,VIIRS,83,90.46,3.18,1.77
2013,2,1.576250634436243,28.85613089793946,VIIRS,64,26.86,4.56,0.73
2013,2,1.7171530085268394,28.58582819348229,VIIRS,79,102.95,2.66,1.45
2013,2,2.0903225442387328,29.101332164901898,MODIS,71,56.5,3.45,0.58
2013,2,1.7630265680291233,28.315301059859994,VIIRS,81,49.07,2.61,1.0
2013,2,1.547626183593607,28.811766145279094,VIIRS,70,84.41,4.19,2.3
2013,2,1.0623033935972284,28.315197364734946,VIIRS,94,68.75,1.55,0.35
2013,2,1.6352014549710625,28.778194387457972,VIIRS,93,20.16,5.44,1.88
2013,2,2.3885440558795956,28.40866285060544,VIIRS,98,67.24,4.88,1.65
2013,2,1.6110279121654656,28.39414259731187,MODIS,65,127.06,2.92,1.57
2013,2,2.4687764502035794,28.102196521152273,MODIS,64,10.14,5.32,3.81
2013,2,2.2002758365949484,28.81631789646895,MODIS,78,14.59,6.08,3.05
2013,2,1.8307092407480297,28.940423004476376,VIIRS,91,43.48,5.0,0.71
2013,2,1.7605196463981476,28.209775517129636,MODIS,61,94.79,1.16,0.37
2013,2,2.0292915351215735,28.352745811632722,MODIS,89,48.67,3.01,2.37
2013,2,1.767497460536701,29.020910606172123,MODIS,75,30.11,4.24,1.22
2013,2,1.7241444839630373,29.069677095586684,VIIRS,82,128.4,5.34,1.75
2013,2,1.7159838338715603,28.31893119633022,MODIS,60,119.45,1.14,0.33
2013,2,1.778215630395819,28.067769488137433,MODIS,80,26.63,1.34,0.81
2013,2,1.64344859691357,29.04975826267671,MODIS,69,78.61,3.79,2.21
2013,2,1.4416233081165566,29.038418296412537,VIIRS,74,147.89,5.22,1.06
2013,2,1.1235469728402043,28.634655600883267,MODIS,92,27.24,4.35,1.76
2013,2,2.09560007503133,29.06168064668574,VIIRS,84,12.72,5.03,1.55
2013,2,1.9015685049954818,28.780443988955312,VIIRS,88,37.97,2.37,0.51
2013,2,1.0547974518457366,28.938093423663585,VIIRS,98,28.17,4.95,1.14
2013,2,1.0244142289816083,29.16279964607824,VIIRS,96,43.08,3.01,0.59
2013,2,1.4313118472730346,28.380255312261006,MODIS,87,136.4,1.04,0.56
2013,2,2.2335960343289356,29.096442304425462,VIIRS,89,39.11,1.29,0.41
2013,2,1.5360929030618773,28.092511888237564,MODIS,83,142.44,1.82,0.72
2013,2,1.6585556528779601,28.04635631918194,VIIRS,80,107.32,4.78,2.41
2013,2,1.2095276061145075,29.045868691837203,MODIS,68,134.37,2.25,0.27
2013,2,1.3009191566807616,28.320371795791853,VIIRS,84,63.41,6.04,0.78
2013,2,1.2955261969543963,29.13298507036249,VIIRS,72,136.08,4.75,0.58
2013,2,1.2273447897667429,28.727595855984088,VIIRS,65,76.43,1.65,1.11
2013,2,2.194866602258787,29.00274405530632,MODIS,69,19.03,1.1,0.32
2013,2,1.544123678852127,28.936622966150527,MODIS,82,40.85,4.95,2.5
2013,2,1.2097680067889203,28.79614996422186,MODIS,86,130.44,5.38,1.66
2013,2,1.3720417820801232,28.03233156489674,VIIRS,85,84.18,3.6,2.19
2013,2,1.1288092694327778,29.074817544175257,MODIS,60,22.74,3.82,0.39
2013,2,1.0291321704909617,29.09717735219404,VIIRS,79,77.44,1.43,0.15
2013,2,1.296398651856208,28.818336363316536,MODIS,70,48.75,6.15,3.04
2013,2,1.0377750370258376,29.00783681678643,MODIS,91,26.51,2.76,1.71
2013,2,2.418672665096623,28.33006740325934,VIIRS,73,133.46,4.24,1.88
2013,2,1.7424693368459083,28.026953677631298,VIIRS,77,99.35,1.19,0.18
2013,2,1.7329448760943928,28.65301272094505,VIIRS,73,111.34,2.02,0.39
2013,2,1.354318600685947,28.742148188516037,MODIS,72,13.31,5.01,3.47
2013,2,1.4808428411001515,28.467906087811695,VIIRS,97,143.01,4.0,2.0
2013,2,1.3253833910493056,28.573762570208554,VIIRS,97,21.21,1.83,1.08
2013,2,2.2096410501227246,29.041522392306586,VIIRS,79,46.06,3.66,1.45
2013,2,2.3568463641297717,28.135885352821074,MODIS,92,22.36,4.95,3.48
2013,2,1.012578642291638,28.81164272751038,VIIRS,83,60.73,5.75,3.82
2013,2,2.271349614586362,28.353355272541837,MODIS,82,19.25,4.45,2.3
2013,2,2.298188172326562,28.26929973198312,MODIS,70,121.63,1.12,0.3
2013,2,1.1834765711974766,28.339360607781803,MODIS,73,122.77,5.26,0.56
2013,2,1.6646039337098482,29.178341765855183,MODIS,90,69.4,3.41,1.73
2013,2,2.170640168880505,28.41453747652435,MODIS,63,118.5,5.14,0.94
2013,2,2.1258885247826838,28.657197393570495,MODIS,82,139.79,5.36,1.64
2013,2,2.492349685424296,28.175914580045518,VIIRS,69,16.51,1.7,0.9
2013,2,2.3764143886632763,28.82400404699784,VIIRS,81,24.28,5.27,2.98
2013,2,1.0168069429921662,28.936400158294795,MODIS,95,133.69,3.26,0.38
2013,2,1.1155490115530076,28.928886634322993,VIIRS,75,105.41,6.23,2.45
2013,2,1.7730870364491895,29.189178150705306,VIIRS,77,51.45,2.54,0.4
2013,2,1.2268835054958107,28.728149059343004,VIIRS,73,125.82,3.0,2.02
2013,2,2.393610397238014,28.579428319292173,VIIRS,64,90.6,4.78,0.81
2013,2,1.8257532203470088,28.933007597310855,MODIS,63,99.38,1.34,0.72
2013,2,1.9974365133763667,28.27132081954108,MODIS,73,68.11,5.33,0.68
2013,2,1.8489343531821776,29.107275901146934,MODIS,74,110.59,1.86,0.52
2013,2,2.150487851953165,28.432668153813974,MODIS,67,6.92,3.16,1.75
2013,2,2.3501484345394767,28.17675930845058,MODIS,76,46.75,3.93,0.67
2013,2,2.310347965177685,28.35791396840812,VIIRS,88,132.49,5.62,4.38
2013,2,2.0281500385923987,28.178137225366044,VIIRS,64,89.29,4.79,0.68
2013,2,2.2875396885057895,28.22682552305181,MODIS,76,64.34,4.53,1.99
2013,2,1.5900969339186661,28.766175359441743,MODIS,62,133.04,2.65,1.91
2013,2,2.4966914230279444,28.75639835521819,MODIS,80,75.62,2.11,1.02
2013,2,1.0290803305743408,28.61321554574018,MODIS,81,25.34,5.37,3.64
2013,2,1.6698333610070693,28.194148195805308,VIIRS,75,89.08,4.28,1.04
2013,3,1.7611030087234578,28.87745838806474,MODIS,83,127.78,4.97,3.64
2013,3,2.3481201577749977,28.63548134342872,MODIS,70,133.56,5.84,2.81
2013,3,1.8161492246801472,28.433379483250963,MODIS,95,50.92,4.86,1.29
2013,3,1.0184065651755136,29.05948300711193,VIIRS,72,82.87,1.53,0.35
2013,3,1.2113426182135776,28.716362632199974,VIIRS,74,147.33,5.65,2.48
2013,3,1.3642873906386064,29.139269887916235,VIIRS,70,112.23,4.92,1.29
2013,3,1.259006925713952,28.342573006685935,MODIS,69,29.68,2.13,0.99
2013,4,2.3035457543595124,28.993935905088026,MODIS,65,63.84,1.22,0.41
2013,4,1.4323099648222835,28.576055290417226,VIIRS,83,39.4,1.22,0.26
2013,4,1.8717110080876547,28.682971990662338,VIIRS,91,106.94,1.05,0.53
2013,4,2.2429142154866577,28.874494884018233,MODIS,69,5.46,1.7,0.2
2013,4,1.3083854678199895,28.065341254390443,MODIS,91,93.81,6.12,3.89
2013,4,2.3840459882631406,28.207317905561577,VIIRS,81,88.6,4.61,2.73
2013,4,2.306164193998646,28.519649865066732,MODIS,91,71.3,2.75,0.9
2013,4,1.516154584859722,29.152304486987678,MODIS,95,11.93,5.3,3.78
2013,5,1.1035470113307433,28.340867429066698,MODIS,99,57.12,1.27,0.27
2013,5,1.9612020719190189,28.773158597179,MODIS,71,125.38,5.87,2.07
2013,5,1.6934996612097413,28.913453928363978,MODIS,75,143.25,2.14,1.6
2013,5,1.2472442874767689,28.497618539937925,VIIRS,99,58.58,5.3,2.92
2013,5,1.458295273848794,29.134057002629692,VIIRS,87,38.35,6.17,1.09
2013,5,1.743245430256724,28.171166375954044,MODIS,66,101.78,2.72,1.35
2013,6,2.0175374472990426,28.406302132032582,MODIS,71,99.4,6.11,1.76
2013,6,1.0127890064437013,28.098779336497905,VIIRS,78,129.12,1.86,0.77
2013,6,2.252187892841175,28.590776912276677,MODIS,79,70.52,6.14,4.12
2013,6,1.6385221412182602,28.22368358735948,MODIS,66,67.36,1.47,0.54
2013,6,1.51649614550844,28.111571623931614,VIIRS,63,42.73,1.81,1.31
2013,6,1.3596626990355842,28.69594677937438,MODIS,93,145.16,3.42,2.15
2013,6,2.406796940122242,28.098196494176793,VIIRS,77,132.03,3.29,0.42
2013,6,1.5936145097579013,28.297334605440614,MODIS,73,120.66,6.16,4.56
2013,6,2.094386968636103,28.684787182677606,VIIRS,97,58.03,5.73,3.0
2013,6,2.492354046151597,28.067138233417243,VIIRS,95,87.76,4.37,3.43
2013,6,2.429197508730952,28.674179314431502,VIIRS,84,144.1,4.87,2.24
2013,6,2.163387235647327,28.314030380880023,MODIS,77,6.88,3.44,1.38
2013,6,2.2724172777311793,28.721583033365835,MODIS,65,47.14,4.25,2.5
2013,6,1.6943604042842897,28.916920484495034,VIIRS,84,73.78,3.11,1.4
2013,6,1.179442546543985,28.293193633750132,VIIRS,72,35.61,3.99,2.06
2013,6,2.381843657904962,28.93350916436494,VIIRS,89,87.06,1.62,0.57
2013,6,2.483761928546926,28.180346744485504,MODIS,87,54.96,4.71,1.26
2013,6,2.0541601342177027,28.31459474265911,MODIS,64,48.49,1.06,0.83
2013,7,2.3616790615448355,28.373661591562502,VIIRS,65,75.52,3.54,0.48
2013,7,1.2286485312387114,28.248115183009137,MODIS,70,5.47,2.1,1.65
2013,7,1.3431879057649392,29.172791443591446,VIIRS,89,42.77,3.01,2.32
2013,7,1.550957023437879,29.12848883333411,MODIS,71,23.17,1.9,1.4
2013,7,1.1845932962144765,28.05057631209415,VIIRS,96,136.53,4.32,0.57
2013,7,1.1734670889488394,28.235153378545963,MODIS,86,94.54,2.59,1.04
2013,7,1.5565283601940376,29.13431007153864,VIIRS,100,50.46,1.52,0.29
2013,8,2.2772108204347536,28.893010514284455,MODIS,65,74.93,4.45,2.3
2013,8,2.274922090832458,28.992764239021323,MODIS,85,45.05,3.72,2.77
2013,8,1.9835773162686616,28.404949519286046,VIIRS,64,21.73,1.84,0.45
2013,8,2.3761364271654046,28.87891855262473,VIIRS,84,45.33,5.81,3.48
2013,8,1.9655580453602683,28.32093714311652,VIIRS,84,124.8,4.41,2.38
2013,8,1.9773846731874545,28.43821563301885,MODIS,71,149.02,4.37,1.8
2013,8,1.8226205084300084,28.193591593249362,VIIRS,68,72.66,2.11,0.4
2013,8,1.1053484167739227,28.843908685717206,MODIS,75,16.09,3.92,2.87
2013,8,1.7048626660294552,28.5417045655043,VIIRS,71,140.81,4.94,1.76
2013,8,1.382220358591876,28.02996126864565,VIIRS,70,144.28,5.17,1.17
2013,8,1.223387054961635,28.822781965252876,MODIS,87,69.69,1.82,0.42
2013,8,1.2181777005171197,28.79410948252778,MODIS,66,64.23,6.12,3.79
2013,8,1.6076479315596108,29.025106551183637,VIIRS,84,92.17,4.56,2.87
2013,8,2.259410149833282,28.08073296531301,MODIS,67,64.06,2.53,1.77
2013,8,1.6414279571878345,28.24647372620763,MODIS,91,12.85,1.69,0.61
2013,8,1.487758971897509,28.602553090277823,VIIRS,71,148.87,4.54,2.21
2013,8,1.0854343266516946,28.15272422102529,VIIRS,75,138.28,1.58,0.93
2013,8,1.099982014327073,28.562823976995023,MODIS,86,95.33,5.48,0.79
2013,8,1.8155503884993398,28.9261039586056,MODIS,65,107.8,1.49,0.72
2013,9,1.9358991846653175,29.12118516629863,MODIS,94,126.62,4.54,2.98
2013,9,2.3772119680915527,28.55028465045116,VIIRS,72,63.7,3.58,0.52
2013,9,2.3938429987250824,28.438350925240208,MODIS,80,36.84,1.45,0.68
2013,9,2.3176668377417537,28.00194599471426,VIIRS,87,58.76,3.78,1.47
2013,9,1.0183299152705232,29.000665916743575,VIIRS,85,39.04,4.78,3.67
2013,9,2.0791428011338557,29.147092501128064,MODIS,79,12.37,4.58,3.09
2013,9,2.406728875237114,28.11766163516896,MODIS,88,7.06,1.29,0.48
2013,9,1.649761951642921,28.803376802730064,VIIRS,66,141.19,4.63,0.72
2013,9,2.4609145384748263,28.510656502060296,VIIRS,92,122.83,5.68,4.54
2013,9,1.894616042636179,28.95823215787588,MODIS,69,78.93,4.93,3.81
2013,9,1.6301547587291014,28.484529678262785,MODIS,73,145.19,4.21,1.72
2013,10,1.3376155637247225,28.811666821451297,VIIRS,100,133.4,2.8,2.17
2013,10,1.177995465123396,28.195253420552685,MODIS,94,28.51,5.79,1.67
2013,10,1.5656309148284167,28.256296373435028,VIIRS,61,117.95,6.12,3.99
2013,10,1.3715795221249096,28.034273502626835,MODIS,79,144.64,3.18,0.79
2013,10,1.9541393410924006,28.356824388949384,MODIS,95,138.9,4.95,1.32
2013,10,1.8406337896116138,28.047585378580347,MODIS,79,50.43,1.97,0.76
2013,10,2.334175209806863,28.923641156569648,MODIS,73,129.53,4.66,2.38
2013,10,1.4602302350445793,28.576037333384303,MODIS,81,21.43,3.48,1.54
2013,11,1.1538002238301535,28.484342268518937,VIIRS,91,101.16,2.05,0.65
2013,11,2.3362972856696227,28.233022052281257,MODIS,83,12.84,3.45,2.4
2013,11,1.9315581391598682,28.7953503703964,MODIS,90,145.76,4.38,1.3
2013,11,1.4683620271599678,29.183752712706433,MODIS,89,21.43,3.75,1.75
2013,11,2.1522204577745625,29.19725026800517,VIIRS,70,130.51,2.06,0.29
2013,11,1.4998431029699748,28.228857975910536,VIIRS,85,120.05,3.79,0.88
2013,11,1.9940818954391548,28.56588941618676,VIIRS,68,107.87,2.44,1.42
2013,11,1.883361250766808,28.551933519893407,MODIS,85,49.08,3.58,1.22
2013,11,2.0147478020539094,28.19520934873917,VIIRS,70,40.72,4.08,0.49
2013,11,1.7723195420896738,28.0861050038803,MODIS,91,49.17,4.83,3.78
2013,11,1.2996508456733051,28.222337940541124,MODIS,68,55.87,5.82,2.55
2013,11,1.83459807736306,28.954839278259367,VIIRS,89,106.2,1.48,0.54
2013,12,1.0125244294496505,28.414225506862934,VIIRS,78,51.95,3.89,2.23
2013,12,2.248362092266922,29.131041426269462,VIIRS,99,86.57,1.47,1.05
2013,12,1.5135185473190271,29.14970935159046,MODIS,99,15.49,4.53,2.68
2013,12,1.3804121129093865,29.180733904009184,MODIS,77,68.79,2.95,1.87
2013,12,1.7837541322842974,28.633269822143603,MODIS,94,21.87,4.43,2.79
2013,12,1.260552876664827,28.12066331411888,MODIS,78,117.06,2.49,0.49
2013,12,2.446839001133777,28.083344721092022,VIIRS,72,85.4,1.45,0.86
2013,12,1.655661958456398,28.049046701116268,MODIS,69,87.66,6.14,1.73
2013,12,1.2088059408958318,28.194945986022447,MODIS,94,122.89,1.61,0.62
2013,12,1.6317025772794105,29.02168394036953,VIIRS,81,13.19,2.7,0.95
2013,12,2.2961401027719033,28.680704131878507,MODIS,62,116.68,5.45,2.8
2013,12,2.2373467119476,28.609237242540157,MODIS,91,121.48,5.11,2.27
2013,12,1.15091487277478,28.0957232388477,VIIRS,86,51.46,1.78,0.68
2013,12,2.4830706814787296,28.980989818121806,MODIS,96,28.75,2.2,0.42
2013,12,1.1589874676656216,29.09284462770939,MODIS,84,101.19,3.4,1.56
2013,12,1.253587726475552,29.141955573737846,MODIS,78,91.4,4.39,2.61
2013,12,1.2295781483866417,28.12690972926837,VIIRS,90,110.33,6.22,3.35
2013,12,1.2660941029647135,28.143773738195147,VIIRS,99,85.45,2.81,1.49
2013,12,2.280397021386562,29.148876560592246,VIIRS,87,134.93,3.75,2.89
2013,12,1.4300179954958818,28.231886525208786,VIIRS,98,129.78,4.4,0.45
2013,12,2.146330459944112,28.638840664014758,MODIS,77,131.99,1.66,1.14
2013,12,1.1317972811379229,28.601036094753184,MODIS,63,104.5,4.81,2.89
2013,12,2.1205850745334196,28.431315207446875,VIIRS,93,73.51,3.44,1.75
2013,12,2.0160596695922415,28.781866478004012,MODIS,65,100.65,4.66,2.37
2013,12,1.602471498612845,28.140671745762553,VIIRS,97,23.84,4.81,2.7
2013,12,1.529991131427236,28.49653764251911,MODIS,64,46.31,5.77,3.54
2013,12,1.7830433046340346,29.11449925780684,VIIRS,80,109.44,2.66,0.96
2013,12,1.831910352700156,28.175030656578638,VIIRS,65,56.66,1.33,0.78
2013,12,1.795319667215872,29.049513651635625,MODIS,99,140.55,3.81,0.62
2013,12,2.476153722582382,28.93523213754032,VIIRS,81,55.41,5.61,2.67
2013,12,2.042025422728035,28.46050017753088,VIIRS,72,103.32,2.93,1.83
2013,12,1.9505442547335035,28.150537688280988,VIIRS,65,47.75,1.01,0.59
2013,12,1.3484350693792724,28.421710668608025,VIIRS,94,29.78,5.82,1.92
2013,12,1.4475776868369454,29.038884607426837,VIIRS,82,33.62,1.91,0.25
2013,12,1.1178314208608464,29.0093123170478,MODIS,97,141.25,2.94,1.17
2013,12,1.8574088810995595,28.175670403969185,VIIRS,74,148.56,3.17,1.58
2013,12,1.8361438599432223,28.53710034154735,MODIS,85,39.36,5.97,2.2
2013,12,1.7101709867467036,28.703526756018647,MODIS,72,73.79,3.9,1.83
2013,12,2.4808996642872563,29.16427404531637,MODIS,99,43.26,2.62,0.92
2013,12,2.2485330814073707,28.671792294958777,VIIRS,75,46.72,3.02,1.09
2014,1,1.7582210984156061,28.49937801305973,MODIS,81,88.77,5.37,3.05
2014,1,1.836271870592676,28.50297734179569,MODIS,83,144.82,4.62,1.85
2014,1,1.1419163303234408,29.055778928014803,VIIRS,95,99.9,3.19,0.44
2014,1,1.3914050377286638,28.889026646098852,MODIS,99,68.9,3.08,0.61
2014,1,1.7511912091614024,28.44214128119284,MODIS,76,126.6,1.19,0.88
2014,1,1.581084421557069,28.197153703781545,MODIS,83,102.64,2.27,0.97
2014,1,2.0757142475122947,29.14509630996074,VIIRS,63,68.01,4.31,2.75
2014,1,2.117334471610361,28.19218068823485,VIIRS,64,140.3,1.69,0.9
2014,1,1.404374224441261,28.527091410945857,MODIS,66,123.27,2.71,1.8
2014,1,2.0579524432300462,28.407060941589805,MODIS,74,85.73,3.7,2.44
2014,1,2.275106205586523,28.970584901253023,MODIS,88,127.18,6.13,4.33
2014,1,1.2957420980921295,28.583028900577993,VIIRS,70,21.12,3.49,0.8
2014,1,2.4586417065678075,28.790176267187103,MODIS,74,146.11,1.74,0.87
2014,1,1.9042868287661983,28.025594746581334,MODIS,93,145.65,3.71,2.76
2014,1,2.453392548486841,28.636521269304833,MODIS,61,144.01,2.01,1.2
2014,1,1.1493306341120788,28.184521595951278,MODIS,86,67.33,2.4,1.88
2014,1,1.6416210838186964,28.185077493842684,VIIRS,92,141.43,1.23,0.89
2014,1,2.3560396488069473,28.398502446966315,MODIS,65,109.58,3.97,3.02
2014,1,2.0511883673325353,29.19010331741984,VIIRS,96,91.59,4.32,2.23
2014,1,1.1863487765019642,29.08101495074829,MODIS,78,14.07,5.18,0.91
2014,1,1.9529999300106369,28.398874437442135,MODIS,82,126.01,6.09,0.99
2014,1,2.0795712395397863,29.157692378922548,MODIS,90,67.05,2.31,0.45
2014,1,2.1372481341953975,28.716692208347645,MODIS,76,132.17,3.39,1.95
2014,1,1.1352989989517017,28.429677276775042,VIIRS,90,119.98,2.4,0.83
2014,1,2.091505518480475,28.328496597040466,MODIS,99,108.48,3.26,1.3
2014,1,1.9547093185844673,28.87565020596906,MODIS,93,32.56,4.36,3.08
2014,1,1.1856503147840125,28.323372874717723,VIIRS,67,73.73,3.71,2.92
2014,1,1.5064220104093258,28.193960293161084,MODIS,86,80.25,5.56,3.33
2014,1,2.4820187627180643,28.777830444779568,VIIRS,96,146.11,4.05,2.83
2014,1,2.463829879928074,28.966398749624215,MODIS,66,89.92,1.74,0.82
2014,1,1.0400056694613433,29.113394324506395,VIIRS,69,125.88,4.83,1.54
2014,1,1.958344281492022,28.71200266609544,MODIS,99,59.15,1.67,1.27
2014,1,2.359956058504303,28.739691793431724,MODIS,72,77.92,2.6,1.91
2014,1,1.1698992392096055,29.088554564176533,MODIS,76,102.36,1.06,0.12
2014,1,2.267541930267437,29.05461654286114,VIIRS,72,87.35,3.17,0.38
2014,1,2.2921148623317817,28.63762274715196,MODIS,66,47.27,2.41,1.59
2014,1,1.497360599410737,28.575195481944476,VIIRS,69,125.04,3.47,0.57
2014,1,1.6347870386732437,28.139064997563892,VIIRS,70,51.27,4.3,0.9
2014,1,2.2202307876618432,28.30964350069351,VIIRS,74,19.37,5.9,0.97
2014,1,1.4010916311838797,28.200846783624925,MODIS,63,130.72,5.05,2.77
2014,1,1.9534373910362415,29.17916177484959,VIIRS,92,138.99,1.07,0.14
2014,1,1.5785274142082393,28.302239058541236,VIIRS,76,66.37,1.99,1.34
2014,1,1.32614226836202,29.07269370821257,VIIRS,74,101.17,4.43,2.33
2014,1,2.475286782092866,28.60746271357668,VIIRS,75,100.84,4.13,0.57
2014,1,1.7987971812969528,28.528705786558785,VIIRS,67,118.5,3.7,1.6
2014,1,1.3435312373319497,28.068004726005565,MODIS,67,109.67,2.48,0.87
2014,1,1.2730464792385168,28.635977848166632,VIIRS,82,31.86,4.6,1.93
2014,1,2.234940663794168,28.08248783719429,MODIS,74,55.11,4.25,3.3
2014,1,1.60840723173689,29.11298062198745,MODIS,71,29.33,1.92,0.92
2014,1,2.1799862815850837,28.339477108645486,MODIS,77,71.93,4.21,0.58
2014,1,1.5101858518433182,28.327005189873837,MODIS,63,7.29,5.8,0.64
2014,1,2.1342248542450935,29.196085696527398,VIIRS,81,38.28,4.27,1.5
2014,1,1.3925445618147667,28.459161861489115,VIIRS,69,92.04,4.95,1.59
2014,1,2.2424976807650827,28.638784831143113,MODIS,60,85.18,6.2,2.1
2014,1,1.7024360849144289,28.021187344380106,VIIRS,66,30.97,4.05,2.96
2014,1,2.3013569946103622,28.829124769638522,VIIRS,75,28.7,2.37,1.16
2014,1,2.349145079955446,28.159408296688547,MODIS,93,17.35,2.62,1.38
2014,1,1.9533434075154927,28.996174612146273,VIIRS,67,100.65,3.71,0.6
2014,1,1.5779434043161484,29.025797148427138,MODIS,68,27.51,1.28,0.19
2014,1,1.3858729932003717,28.418985700141082,VIIRS,93,146.74,5.48,2.53
2014,1,2.2762321210852443,28.450555740367353,VIIRS,82,22.83,4.66,3.35
2014,1,1.5106445182402868,28.851527890459785,VIIRS,74,57.27,2.91,0.53
2014,1,2.098295093859179,28.302548614638173,MODIS,73,42.02,5.26,3.62
2014,1,2.2271144141185015,28.764060960131324,VIIRS,69,11.76,1.16,0.22
2014,1,2.128731411441099,28.522303292439872,MODIS,73,39.35,5.25,0.87
2014,1,2.296153704705234,28.821265999801017,MODIS,90,111.01,2.94,2.18
2014,1,1.9124261614343667,29.07659874718213,MODIS,89,89.16,2.27,1.39
2014,1,1.7202305086575338,28.573267725027076,VIIRS,73,63.22,5.16,0.75
2014,1,1.842276939566953,28.659810622229575,VIIRS,85,85.08,2.13,1.54
2014,1,1.8794638178858583,28.32748484808554,VIIRS,65,105.9,1.43,1.09
2014,1,1.616642373179152,28.83210803058803,MODIS,76,140.94,3.55,2.2
2014,1,2.321439098730736,28.925414422784385,VIIRS,93,76.36,4.11,2.72
2014,1,1.4676873843286167,28.90619433463086,VIIRS,97,139.4,4.05,1.14
2014,1,2.2583998480830343,29.041640615576547,VIIRS,69,139.08,6.02,2.94
2014,1,1.2779734371796863,28.407150426760683,MODIS,85,137.3,1.09,0.46
2014,1,1.730693447276011,28.804500754499994,VIIRS,69,40.81,5.94,4.31
2014,1,1.2144407856283326,28.290512598332626,MODIS,64,74.51,4.5,1.04
2014,1,1.1543416658157428,29.06536100241933,VIIRS,99,133.14,5.93,3.27
2014,1,2.3804209559128093,29.041656174008278,MODIS,81,145.46,4.47,3.25
2014,1,1.6108867969333824,28.76278958891438,MODIS,76,35.09,4.62,1.56
2014,1,2.4983280688811056,28.75757767244957,MODIS,76,87.38,2.14,1.14
2014,1,2.198689000927498,28.146683370588992,MODIS,67,9.6,1.96,0.89
2014,1,1.8590107622613896,28.73058626808084,VIIRS,83,28.96,4.4,1.27
2014,1,1.070513827140244,28.984027285369677,MODIS,89,114.79,2.6,1.81
2014,1,1.0285862217924335,29.102737715357502,VIIRS,73,22.85,4.74,1.1
2014,1,1.8571117412324512,28.31501145873626,MODIS,63,108.99,1.52,1.1
2014,1,1.18768464144766,28.954837732874683,VIIRS,100,109.71,2.33,0.74
2014,1,1.4223234939135299,28.380300788445926,MODIS,78,6.84,3.7,0.61
2014,1,1.9309602407389597,28.899485837894257,VIIRS,60,23.42,3.96,2.97
2014,1,2.0927399474495814,29.06570191088526,VIIRS,76,98.87,1.06,0.75
2014,1,1.6639656723098537,28.684985033628067,VIIRS,97,114.12,4.85,1.59
2014,1,2.287676627569255,28.322490317430656,MODIS,80,111.94,1.21,0.79
2014,1,1.0115884385463125,29.110744776238942,MODIS,85,123.14,2.02,0.77
2014,1,1.1194574842042742,28.91196095256825,MODIS,63,59.19,4.66,2.51
2014,1,1.7440484236758402,28.733291638142624,MODIS,63,34.26,1.78,0.97
2014,2,1.5425243603025849,28.996549775867415,MODIS,88,55.12,5.63,2.87
2014,2,1.563494899096286,28.308253256198604,MODIS,77,51.91,2.6,1.01
2014,2,1.298776529664345,28.386314808878513,MODIS,78,146.19,5.42,2.42
2014,2,2.0277806244604095,28.863965111201697,VIIRS,83,90.54,6.16,4.79
2014,2,2.324950088208168,28.908830452235463,VIIRS,63,117.85,1.89,0.69
2014,2,1.8172005359777765,28.24021486081245,MODIS,82,101.55,1.98,0.82
2014,2,1.0255526203995302,29.19508907821132,VIIRS,74,86.78,5.26,1.26
2014,2,1.5418263704010917,28.058334949451154,MODIS,84,53.06,3.43,2.59
2014,2,2.295460488609354,28.18042243946076,MODIS,66,124.3,3.37,2.63
2014,2,2.0073743994195503,28.145961103909517,MODIS,61,87.63,1.9,1.38
2014,2,2.4347938283507964,28.182377540798207,MODIS,68,74.24,3.06,0.83
2014,2,2.2500482758478215,29.05870610153397,VIIRS,81,29.99,5.72,1.16
2014,2,1.6663986424902184,29.13259057927574,VIIRS,65,51.62,5.53,0.61
2014,2,2.488321432257332,28.816472616100366,VIIRS,91,20.15,3.61,0.85
2014,2,1.6639799303011482,28.819797621215304,MODIS,77,5.75,5.43,3.9
2014,2,1.4832969129611455,29.132481247978124,VIIRS,86,120.98,5.78,3.38
2014,2,1.6238108810591594,28.46638271322882,VIIRS,98,135.55,4.31,1.11
2014,2,1.7959434930026525,29.051545011109777,MODIS,100,120.14,2.63,1.1
2014,2,1.0461206894603106,28.347956954401685,VIIRS,96,114.15,4.21,3.33
2014,2,1.3479462041536294,28.86836090585221,VIIRS,79,122.87,4.02,2.64
2014,2,1.8873556568896945,28.645364547026116,MODIS,70,72.97,2.02,0.8
2014,2,1.8649550576236271,28.752385826695892,MODIS,98,9.96,5.79,1.5
2014,2,1.3838525732804339,28.74515125668168,VIIRS,76,143.11,4.18,2.53
2014,2,1.4021603626491745,28.358616764893753,VIIRS,62,34.25,6.06,3.3
2014,2,1.061507024885006,28.337411586033866,MODIS,81,78.13,2.37,1.47
2014,2,1.1737332020924458,29.195759500899722,VIIRS,93,48.12,2.72,1.09
2014,2,2.467382340456304,28.189597411158392,VIIRS,80,25.41,4.86,1.49
2014,2,1.3073786096272069,28.55499587393072,MODIS,85,57.16,4.91,2.99
2014,2,1.1981278495006318,28.821172375016744,MODIS,98,128.96,5.66,3.59
2014,2,1.1121998134313946,28.723170750080364,VIIRS,66,35.32,5.19,1.85
2014,2,1.6129836184428252,28.691797058108378,VIIRS,89,39.04,1.63,0.63
2014,2,1.7276981001365295,28.36207539523912,MODIS,83,102.94,1.18,0.78
2014,2,1.190260323756676,29.11217809921228,MODIS,61,114.38,4.5,2.57
2014,2,1.9851154863625766,28.92232865136564,MODIS,83,82.34,2.29,0.48
2014,2,1.4290086205755572,29.018474539658488,MODIS,93,125.73,1.0,0.44
2014,2,1.5631012245690017,28.419633514462124,MODIS,99,110.01,1.39,0.46
2014,2,1.658912781908238,28.129337309124534,MODIS,63,93.04,3.8,1.3
2014,2,1.0940324478616683,28.026874130391654,MODIS,68,69.53,1.7,0.35
2014,2,2.2124628252855976,29.16438412374944,VIIRS,77,30.96,3.97,1.57
2014,2,2.1310486408815237,28.213379474264435,MODIS,91,39.73,1.56,1.16
2014,2,1.9759644842532178,28.359446924110433,VIIRS,71,116.53,5.18,1.75
2014,2,1.23790070018511,28.47712843728282,VIIRS,89,29.77,3.0,0.83
2014,2,2.332121907743994,28.955276968951235,MODIS,77,133.32,2.66,0.91
2014,2,1.091102221970467,28.69284807467011,MODIS,90,87.43,1.48,0.37
2014,2,1.6270856165568934,28.259946388541955,VIIRS,79,36.9,2.68,1.13
2014,2,1.854411891354971,28.086534292977227,VIIRS,82,53.05,5.95,2.45
2014,2,2.2797467296718605,28.42139922554074,VIIRS,63,135.21,1.18,0.31
2014,2,1.5210700606578176,28.214668079447513,MODIS,72,133.13,4.39,1.59
2014,2,1.7502840537595012,28.49533674102215,MODIS,89,128.16,3.48,2.09
2014,2,1.4742569979551132,28.8854341649862,VIIRS,77,79.31,4.15,2.76
2014,2,1.2194490021021287,28.141803458512484,MODIS,90,48.15,3.17,1.73
2014,2,1.6887988394261633,28.202601694389354,VIIRS,100,22.7,3.64,1.61
2014,2,1.5969441640912705,29.142661158072965,VIIRS,77,122.82,6.0,3.55
2014,2,2.1315888886729293,28.702642264270686,VIIRS,77,62.31,6.05,2.08
2014,2,2.150795153458833,28.566317220861514,VIIRS,68,116.76,5.52,1.03
2014,2,1.448837590342397,28.25414973022644,MODIS,90,146.12,3.06,1.58
2014,2,1.1216092091386098,28.397723107714828,VIIRS,95,129.05,5.53,4.01
2014,2,1.6913976710293706,28.87438486551045,MODIS,87,17.24,4.3,2.43
2014,2,2.322929152873912,28.107542888946448,MODIS,86,24.36,3.37,0.73
2014,2,1.0382966555898732,28.445674346811426,MODIS,67,22.03,4.96,3.67
2014,2,1.970759314779469,28.744381951279557,MODIS,74,76.48,5.59,2.06
2014,2,1.167633103568883,28.809552776366452,VIIRS,64,144.39,1.95,0.56
2014,2,2.1939202350630893,28.372372801795013,MODIS,77,6.56,4.24,1.38
2014,2,1.2080323684290675,28.84205982918586,VIIRS,79,28.14,4.55,2.43
2014,2,1.0072030898268884,29.04197776383425,VIIRS,67,105.1,4.36,0.81
2014,2,2.273866055764609,28.77117500805392,MODIS,90,103.64,1.19,0.65
2014,2,1.8449125256447985,29.032052552311832,VIIRS,97,91.27,3.17,1.82
2014,2,1.6447117494017367,29.079571355724738,MODIS,81,10.21,3.73,2.83
2014,2,1.675411381590614,28.49093998737999,VIIRS,88,70.55,3.68,2.17
2014,2,1.662662182856148,28.242310716108705,VIIRS,81,40.48,2.79,0.28
2014,2,2.452424139302388,28.665978706583243,VIIRS,94,49.68,1.7,0.62
2014,2,1.8789333538149662,28.360079771946715,MODIS,92,135.72,2.38,1.89
2014,2,1.7650933320440072,28.73828160225336,MODIS,94,13.3,3.37,0.92
2014,2,2.1967946763001365,28.556401094416437,MODIS,71,36.95,5.1,1.08
2014,2,2.393077673057796,28.5417162071259,VIIRS,98,51.62,2.42,0.58
2014,2,1.3802478366748177,28.020093676861485,MODIS,94,107.74,1.84,0.86
2014,2,2.269310940562433,28.265273791710584,MODIS,61,144.26,2.12,1.4
2014,2,1.2379390677632662,28.489639424513044,MODIS,64,79.75,4.89,1.94
2014,2,2.051474896131718,28.626907371558588,VIIRS,100,140.3,5.95,3.98
2014,2,1.4227179913160048,28.998137094188255,VIIRS,95,33.52,2.14,0.62
2014,3,1.8143698826098562,28.282338553333076,MODIS,88,96.77,1.17,0.45
2014,3,2.1039235845392055,28.99518330401054,MODIS,63,46.82,5.63,3.93
2014,3,2.2326888678269285,29.160689885115403,VIIRS,77,110.72,6.02,3.08
2014,3,1.2051558597989203,28.125079113137573,VIIRS,83,5.24,3.23,1.75
2014,3,2.0888535790437257,28.241936499462852,VIIRS,60,55.25,5.39,1.05
2014,3,2.0981444401798917,28.733683718093243,VIIRS,93,73.19,3.1,1.13
2014,3,1.2479128004357523,28.64054519595784,VIIRS,79,59.13,5.67,4.05
2014,3,1.002222186819186,28.52788051404571,MODIS,80,16.56,4.48,2.68
2014,3,1.0147801705561301,28.49573520516954,MODIS,61,8.04,2.86,1.26
2014,3,2.3148833605405845,28.982262149571767,VIIRS,87,19.72,2.55,1.62
2014,3,1.679975810397519,28.38640063204434,VIIRS,88,32.19,5.93,2.41
2014,3,1.6353010444136133,28.08463957738179,VIIRS,67,78.71,2.03,0.98
2014,3,1.6127195075323042,29.09930665113357,VIIRS,61,73.13,3.32,2.22
2014,3,1.1719558684140217,28.939666057058705,MODIS,71,37.04,4.83,0.75
2014,3,2.4935734162650114,28.75475417098334,MODIS,83,102.6,5.07,3.49
2014,3,1.0470731085027438,28.01878574345464,MODIS,82,74.54,5.73,3.36
2014,3,1.6691306969001136,28.942288958354514,MODIS,83,27.74,2.69,0.63
2014,3,1.2855292148583457,28.35241108193516,MODIS,89,63.0,3.18,1.63
2014,3,1.948627213390694,29.156362887061402,VIIRS,84,62.14,1.29,0.49
2014,4,2.2544865090547783,28.208502900153796,MODIS,85,12.39,1.93,0.59
2014,4,1.9825376313552987,28.553528976361,MODIS,87,48.29,1.15,0.34
2014,4,1.171187413910126,28.284807166249006,MODIS,96,79.19,3.51,1.5
2014,4,2.2143543119807445,28.01778934716283,VIIRS,71,33.63,3.45,2.17
2014,4,1.0273149761970446,28.54045005961693,MODIS,90,44.81,5.19,0.64
2014,4,2.3998066970477465,28.952725502774765,VIIRS,92,66.64,2.05,1.05
2014,4,1.6353867661278347,28.469905058424093,VIIRS,69,98.35,5.43,3.34
2014,4,1.6653329901354477,29.105997678063837,MODIS,96,21.61,3.49,0.48
2014,4,1.3537160120520815,28.457851169192942,VIIRS,71,129.21,1.13,0.34
2014,4,1.94436343215453,29.17773148879452,VIIRS,82,7.38,2.02,0.61
2014,4,1.6028481477003709,28.705580575889755,VIIRS,81,50.93,4.22,1.25
2014,4,1.568744952788871,29.09642319202927,VIIRS,94,9.84,6.02,3.41
2014,4,1.0311570402740677,28.553681526891776,MODIS,73,30.2,5.19,3.83
2014,4,2.483130960142666,28.125106479746666,VIIRS,69,100.75,2.35,0.3
2014,4,1.738284702979362,28.367367261055314,VIIRS,85,10.75,5.6,0.93
2014,4,1.0469820723435292,28.611541189068905,VIIRS,96,76.98,6.03,2.11
2014,5,1.3069310179224711,29.16627486338641,VIIRS,81,106.9,2.19,1.73
2014,5,1.9202646317634389,28.587617019935095,VIIRS,81,123.67,1.96,1.09
2014,5,1.6178261981981008,28.327714770087642,VIIRS,76,85.48,3.16,1.57
2014,5,1.4251293021911968,28.10577820831042,MODIS,91,16.91,2.29,1.75
2014,5,1.8240038192358146,28.16628625904896,MODIS,94,81.39,2.83,1.76
2014,5,1.9895731625936723,28.50864612006498,VIIRS,100,79.62,2.98,1.67
2014,5,1.7469922370137618,28.994993508090673,VIIRS,75,146.4,5.07,2.86
2014,5,1.4976371602718233,28.121613494651374,VIIRS,93,13.03,6.06,2.65
2014,5,1.767629171271468,28.42442145578304,VIIRS,90,146.36,5.18,2.83
2014,5,1.6421347515086986,28.914381866334566,VIIRS,82,48.75,4.13,1.11
2014,5,2.221692840967635,28.84466898035521,MODIS,99,80.89,2.82,1.61
2014,6,2.1423306037978116,28.151467708293865,MODIS,60,74.63,1.88,0.71
2014,6,2.2832035402826776,28.243778893025127,VIIRS,65,130.74,2.78,1.67
2014,6,1.7743698963026973,28.084645223937212,VIIRS,88,38.73,3.87,2.75
2014,6,2.3451580577847766,28.462284456703713,MODIS,88,36.4,3.88,3.06
2014,6,2.0017355549041627,28.593127011315087,MODIS,70,33.8,5.24,1.48
2014,7,1.9513604440952639,28.88772841636366,VIIRS,98,95.23,5.79,3.63
2014,7,1.1793807603030024,28.09357527428367,MODIS,65,55.29,4.58,1.81
2014,7,2.1411629221735753,28.560704177159746,MODIS,65,111.71,4.48,0.75
2014,7,2.349293266074603,28.005184065644894,MODIS,78,144.74,5.35,0.92
2014,7,1.6480408852635309,28.331824959600635,MODIS,88,86.48,1.13,0.36
2014,7,1.632936889532208,28.13297263622638,VIIRS,84,90.52,1.74,0.18
2014,7,1.787757758329815,28.077197099806018,VIIRS,70,140.72,5.52,3.88
2014,7,2.216771908838017,28.313975792374265,VIIRS,91,119.15,1.75,0.37
2014,7,2.375813806020259,28.10245733109592,MODIS,95,111.55,1.23,0.91
2014,7,2.4843515481477914,28.628002199218166,VIIRS,76,38.98,3.66,1.69
2014,8,1.8028302629191895,28.11810514800742,MODIS,90,115.97,3.98,2.28
2014,8,2.4180028845647215,28.303368756611356,MODIS,77,125.85,5.18,2.96
2014,8,1.0007615370937901,28.977607533253483,VIIRS,91,141.43,1.83,0.26
2014,8,1.679132607055284,28.283422430833856,VIIRS,66,80.51,4.31,1.58
2014,8,2.379302505985467,28.262057467937243,VIIRS,64,83.45,1.29,0.96
2014,8,2.1227703222732925,28.975868805313176,MODIS,67,55.09,1.88,0.72
2014,8,1.4060660096896527,28.929317190118315,VIIRS,62,59.27,3.38,0.57
2014,8,1.5074491798835141,28.018263384237187,MODIS,67,54.54,5.98,1.26
2014,8,1.3874870001881052,28.697530851957904,VIIRS,71,99.38,1.77,1.31
2014,8,2.1323722480402685,28.11910764355888,VIIRS,72,48.93,2.53,0.42
2014,8,1.7749787641833112,28.408836916833536,VIIRS,88,28.44,1.49,0.21
2014,8,1.5756124457923573,28.766654729606582,MODIS,62,140.65,3.58,1.95
2014,8,1.5960793087678948,28.457618022152175,VIIRS,73,64.74,1.25,0.64
2014,8,1.3402016247432016,28.97457345705585,MODIS,72,24.39,3.66,1.83
2014,8,1.2760251930591067,28.213216667003735,VIIRS,70,16.93,5.56,4.1
2014,8,2.0416830031210527,28.029503655145962,VIIRS,95,62.84,2.68,1.72
2014,9,2.344092727101585,29.174470760068463,MODIS,62,94.51,1.05,0.65
2014,9,1.0308315674528516,29.076767497590428,MODIS,79,112.95,2.04,1.25
2014,9,1.6523338881950056,28.935364742826135,VIIRS,95,109.28,3.28,1.44
2014,9,1.275599909158798,28.243296285542293,VIIRS,88,115.27,2.84,0.6
2014,9,1.8749958855711333,28.047898201251755,MODIS,83,91.23,3.44,1.07
2014,9,1.6324504766570385,28.14672656380221,MODIS,75,92.75,5.71,3.79
2014,9,2.00539642561139,28.36759656603138,MODIS,82,109.25,4.4,2.89
2014,9,2.4183422815765887,28.334643512550016,MODIS,85,55.96,4.08,1.95
2014,9,1.558981694788512,29.048103488397818,MODIS,76,54.51,2.1,0.62
2014,10,1.1659727905504056,28.348721530557498,MODIS,63,136.36,3.81,0.91
2014,10,1.3777513271800508,28.454475886317226,MODIS,61,128.48,5.21,2.43
2014,10,2.4722092714760855,28.14436830055,VIIRS,86,109.92,2.27,0.58
2014,10,2.43377725407935,28.337302605481216,MODIS,99,142.93,1.13,0.31
2014,10,1.3002830228899023,28.26203225020079,MODIS,62,89.46,3.61,1.3
2014,10,2.1474770263129797,29.002163755715966,MODIS,89,80.7,1.25,0.6
2014,10,1.095686625512479,28.789318243224038,MODIS,94,42.36,1.87,1.11
2014,10,1.2923743286940161,28.95425253749372,VIIRS,65,12.77,4.56,1.27
2014,10,1.6053453589605478,28.857238802408943,VIIRS,68,115.08,1.25,0.52
2014,10,1.4681109853924597,28.51945906754926,VIIRS,76,101.69,4.65,2.1
2014,10,1.903778283872767,28.16219628230451,MODIS,99,41.42,2.38,1.32
2014,10,2.2410281201816624,28.9933861657872,VIIRS,78,49.12,3.05,1.24
2014,10,1.5072637904309074,28.595894720706276,VIIRS,88,29.75,1.2,0.9
2014,10,1.0754546077189748,28.157309483770767,VIIRS,94,100.67,2.56,1.71
2014,10,1.17541231156893,28.15590758768665,VIIRS,63,37.55,5.23,3.19
2014,10,1.739778320779952,28.49856321088455,MODIS,77,93.45,1.25,0.73
2014,10,1.2031842876947345,28.212014399579516,MODIS,94,82.01,4.03,0.89
2014,10,1.6570222225040352,29.187385194115897,VIIRS,69,68.17,3.46,2.51
2014,10,1.9535939927589918,28.68249563954636,MODIS,82,132.48,5.75,4.02
2014,10,2.0419828567976035,29.033978071141632,MODIS,87,125.92,3.71,2.52
2014,11,1.255356844520063,28.038094524641128,MODIS,79,103.84,2.73,1.03
2014,11,1.6455450323050136,29.026129986967316,VIIRS,84,33.45,1.15,0.25
2014,11,2.1258860823328902,29.190127320198435,VIIRS,77,139.9,1.71,0.37
2014,11,2.222568432295419,28.865330959434107,VIIRS,97,7.47,4.6,1.53
2014,11,1.1559099651832048,28.612786071239153,MODIS,98,63.46,3.24,0.51
2014,11,1.8822273251850345,28.641128407456076,VIIRS,81,102.31,3.12,1.59
2014,11,1.7034179298248286,28.075095568394136,VIIRS,92,40.8,5.65,3.66
2014,11,1.374396264064824,28.22081008760934,VIIRS,80,44.25,1.55,1.08
2014,11,2.3704900598046654,29.12931742177915,VIIRS,85,46.98,5.21,1.32
2014,11,1.3893980818111278,29.076185518342214,VIIRS,67,96.81,1.63,1.28
2014,11,1.2142675210132512,28.782062765116148,VIIRS,87,93.84,1.08,0.46
2014,11,2.022845789238138,29.04494013694045,VIIRS,75,133.05,3.0,0.82
2014,11,1.6806131292561268,28.236175017886715,MODIS,92,131.88,3.52,2.75
2014,11,1.8163339592591137,28.997281088327508,MODIS,79,60.59,2.49,1.84
2014,11,1.3530426963985134,29.0452824716199,VIIRS,90,51.04,2.78,0.59
2014,11,2.106012108482777,28.358246380737494,MODIS,72,84.14,4.23,0.72
2014,12,2.0471257266762484,29.032386505383975,MODIS,83,15.87,3.49,0.5
2014,12,2.029993937568894,28.661886430218875,VIIRS,72,137.67,4.13,0.85
2014,12,1.465839152230756,28.57346186894909,VIIRS,67,133.65,5.04,1.08
2014,12,1.8091764031711157,28.893468566059916,VIIRS,84,14.06,5.21,3.16
2014,12,1.3216286792553134,28.56036060770964,VIIRS,93,90.83,4.19,0.51
2014,12,2.3869035112885637,29.168665774937587,VIIRS,82,121.54,2.37,1.42
2014,12,1.7348255688472363,28.46057514278079,VIIRS,94,109.64,1.01,0.73
2014,12,1.4170575237797904,28.522741448238584,MODIS,98,83.63,4.95,2.38
2014,12,1.3433941056003456,28.93469241237582,VIIRS,76,69.62,1.16,0.88
2014,12,1.3456832636240579,28.73219872905661,MODIS,60,67.29,3.47,2.15
2014,12,1.0139546869062168,28.866282052445268,VIIRS,62,140.97,2.82,0.53
2014,12,2.1903482640718557,28.02984793105628,VIIRS,78,102.11,1.64,0.23
2014,12,1.4203883157868185,28.390756425838266,VIIRS,83,72.11,5.01,1.31
2014,12,1.438660643940847,29.136929258916894,MODIS,66,98.91,3.63,2.44
2014,12,2.1026390943064985,28.330244304875286,VIIRS,68,34.85,1.06,0.62
2014,12,2.3609428144033413,28.785882077623153,VIIRS,64,87.08,4.24,2.88
2014,12,1.076268534236114,28.922289464617702,MODIS,83,54.72,1.69,0.95
2014,12,1.589501482539296,29.011900535339255,MODIS,80,144.67,2.76,2.11
2014,12,1.9470191584122585,28.29055069680962,MODIS,73,95.06,3.28,1.26
2014,12,2.1775676239866995,28.637360541855575,MODIS,62,75.69,2.67,1.73
2014,12,1.064264810644038,28.21396393536052,MODIS,81,50.68,2.47,1.11
2014,12,1.4018506918231823,28.428555401831314,MODIS,86,101.84,4.04,0.79
2014,12,1.6528992526763262,28.938727734245035,MODIS,89,64.21,1.51,0.38
2014,12,2.4243536588370915,28.553067605644824,MODIS,70,139.04,2.38,1.45
2014,12,1.597554813286865,28.39575146900216,VIIRS,90,96.68,4.59,2.13
2014,12,1.5868596211523842,28.226984048882024,MODIS,79,99.95,4.57,0.8
2014,12,1.5252513819250115,28.152580605682303,VIIRS,91,31.69,5.53,3.94
2014,12,1.993706225364766,29.14967418793955,MODIS,91,16.53,2.12,0.62
2014,12,1.122777333739907,29.030911035580043,MODIS,98,60.27,3.38,2.3
2014,12,2.094767356405144,29.003703875248696,VIIRS,99,74.8,1.11,0.22
2014,12,2.0758683538665696,29.11913410392803,VIIRS,72,100.07,1.08,0.84
2014,12,1.306310679259033,28.482446698239364,VIIRS,71,24.26,5.6,3.06
2014,12,2.4792166044636037,28.220669283038898,MODIS,66,31.85,5.28,1.27
2014,12,1.095145835539792,28.11906842455995,MODIS,98,54.39,5.54,1.16
2014,12,1.3221920759398698,28.371258124794128,VIIRS,96,25.09,3.24,2.1
2014,12,2.2214899163493804,28.420915182198144,MODIS,88,38.34,3.08,1.32
2014,12,2.2791271474166637,28.22483317607106,VIIRS,91,54.19,4.03,1.04
2014,12,1.247094058715455,28.094677123519087,VIIRS,66,25.21,1.91,1.25
2014,12,1.0015159614141664,29.184715041531277,VIIRS,97,100.62,1.94,0.33
2014,12,2.1766272131371034,28.003097150862025,MODIS,96,54.75,3.97,2.31
2014,12,1.591791335960632,28.405251992062013,VIIRS,66,54.15,4.12,2.56
2014,12,1.4907306936779292,28.424660089035005,MODIS,73,90.15,5.86,2.04
2014,12,1.8068333376901324,28.631414377726287,VIIRS,90,70.19,1.16,0.25
2014,12,2.2360359286600215,28.669653380765567,VIIRS,84,86.38,2.57,1.44
2014,12,1.4901532676404476,28.451460871197096,VIIRS,95,100.04,6.22,1.87
2014,12,2.1881060140233206,28.396668746295592,MODIS,63,29.7,3.12,1.57
2014,12,1.7855710482593161,28.310246063954796,MODIS,71,71.48,4.71,2.08
2014,12,2.4116150330631694,28.99912415925397,MODIS,75,89.29,3.98,0.71
2014,12,2.4260130506421196,28.377843966610932,VIIRS,88,59.84,1.92,1.39
2014,12,2.4105029680999106,29.024327719336988,MODIS,60,97.07,3.85,1.28
2014,12,1.6808896206660942,28.848277445528424,MODIS,99,84.61,4.85,0.61
2014,12,1.8085027952743045,28.63416604319595,VIIRS,74,113.13,5.94,4.0
2014,12,1.0183353471138679,28.89097429889727,VIIRS,94,9.46,1.61,0.3
2014,12,2.143972218004779,28.86833607967799,VIIRS,94,96.97,2.44,1.65
2014,12,1.1180492698182898,28.3722796022876,MODIS,73,141.36,1.29,0.9
2014,12,2.0733963375958457,29.052129306779033,VIIRS,73,107.18,1.58,0.46
2014,12,1.6645978914091744,28.187215812146786,MODIS,74,132.73,5.3,2.43
2014,12,1.4733884019545296,28.134546071287073,MODIS,77,33.81,5.87,3.23
2014,12,1.081742249505353,29.018529391189816,MODIS,70,147.86,5.98,1.81
2014,12,1.6915214155043286,28.902440494169515,VIIRS,70,74.37,6.03,2.32
2014,12,2.1595007656759013,28.214861380693975,VIIRS,84,47.33,6.02,2.95
2014,12,1.1407564752453623,28.594727311513026,MODIS,95,23.02,3.1,1.73
2014,12,1.7845675157909942,28.905058160854516,MODIS,88,8.8,4.98,1.79
2014,12,2.3797530316528546,28.478677690458184,VIIRS,88,147.48,6.06,4.62
2014,12,1.9498282106046223,28.727745088354943,VIIRS,70,24.07,2.81,1.31
2014,12,2.4465202719142467,28.636068737704292,MODIS,84,36.28,5.9,3.21
2014,12,2.4902550618708137,29.186558983061452,VIIRS,88,46.78,5.9,0.73
2014,12,1.054746330499036,28.1083429199214,VIIRS,82,21.51,4.36,1.05
2014,12,1.4219006349387593,28.600088840692763,MODIS,64,107.21,1.63,0.23
2014,12,1.3913246439582654,28.51476422251066,MODIS,90,65.18,5.48,2.24
2014,12,1.503611010037793,28.331495260169444,MODIS,67,36.32,1.83,0.9
2014,12,1.367317787567124,28.197051107775465,MODIS,60,65.92,5.09,3.28
2014,12,1.2346648543419139,28.544938563805218,VIIRS,84,54.1,3.24,2.15
2014,12,1.1736989288045905,28.269403961869397,MODIS,78,80.64,1.73,0.58
2014,12,1.7290126122678109,28.685729892547197,MODIS,83,90.18,5.15,0.84
2014,12,1.7265640750819835,28.124805056711462,VIIRS,69,47.66,2.69,1.88
2014,12,2.146503476360549,28.661383033670546,MODIS,82,36.52,5.2,1.9
2014,12,1.5094029918247045,28.823919572319056,MODIS,72,140.51,1.11,0.47
2014,12,1.0592553256048423,28.54944838539336,VIIRS,67,100.8,5.32,4.04
2014,12,2.1171576813313178,28.059639244597417,MODIS,80,65.43,5.7,3.22
2014,12,1.7303887539260583,28.202155480119366,VIIRS,93,146.72,2.43,1.61
2014,12,2.3059212103189637,28.43172053568101,MODIS,88,52.32,1.21,0.72
2014,12,1.2527499932358024,28.490938261282658,MODIS,82,106.77,4.94,1.04
2014,12,1.196205883117809,28.909265360907625,MODIS,84,30.3,4.89,1.53
2014,12,1.0904336091726003,28.068617678779816,VIIRS,96,43.36,5.35,0.9
2014,12,2.1569997314495715,28.98044982442155,VIIRS,85,112.73,2.75,1.94
2014,12,2.1226057343702527,28.76976218649742,MODIS,69,56.23,4.17,1.24
2014,12,1.3519450270026485,28.97586591549385,MODIS,87,59.97,3.4,1.66
2014,12,1.318882960957938,29.008042174589324,MODIS,76,44.36,4.03,0.87
2014,12,1.056096436695051,28.391593506143657,VIIRS,80,99.17,3.48,2.01
2014,12,2.491014241519623,28.490207016343682,MODIS,98,53.35,4.53,2.33
2014,12,1.6857010628037505,28.971110778822116,MODIS,72,149.06,3.95,2.96
2014,12,1.3977299263228375,28.9716154497932,MODIS,74,107.75,3.31,0.45
2014,12,2.251166601756319,28.62030818830898,VIIRS,96,91.91,3.9,1.04
2014,12,2.4386913801636023,29.09025059152381,VIIRS,81,12.04,2.15,0.55
2015,1,1.298215825397822,28.10162334743649,MODIS,80,56.1,5.01,1.01
2015,1,1.0829549437583224,28.02718954692324,MODIS,90,62.39,3.03,1.89
2015,1,2.4475738833653278,28.62037373856336,MODIS,95,46.87,5.47,0.89
2015,1,2.3069929627504466,28.287352206245817,MODIS,88,137.06,5.81,2.94
2015,1,1.706513257132619,28.176255943684435,VIIRS,79,11.64,5.29,2.48
2015,1,2.4994986983874425,28.02191779615873,VIIRS,83,70.32,3.46,0.65
2015,1,1.9057980791664249,28.59847540683721,VIIRS,61,149.45,4.52,3.07
2015,1,2.42194692307065,28.46305672343971,VIIRS,99,46.63,5.86,3.24
2015,1,1.5059300391701211,29.07379743437055,MODIS,77,77.08,4.93,2.02
2015,1,1.425978547503381,28.8143873808337,MODIS,61,10.06,5.46,1.04
2015,1,2.123451009800556,28.203573050715463,MODIS,92,131.0,2.01,1.08
2015,1,1.9376173297842907,28.513423493449736,MODIS,66,44.02,3.32,1.0
2015,1,1.4938123920528676,28.243086617352837,VIIRS,62,135.85,3.86,2.54
2015,1,1.597719101524403,28.302572766249426,VIIRS,76,47.5,6.05,2.64
2015,1,1.4703162178391063,28.009686293537047,MODIS,98,114.9,2.31,0.41
2015,1,1.9056771818328109,29.13906598307557,VIIRS,89,18.62,1.09,0.19
2015,1,1.928262160154602,28.672133314845894,MODIS,64,37.44,4.03,2.9
2015,1,2.329680329913545,28.748952071409263,MODIS,66,25.24,1.06,0.81
2015,1,2.2633051011921506,28.467448103583624,VIIRS,88,26.25,5.84,0.9
2015,1,1.119882544645857,28.868441968881562,MODIS,90,57.96,1.31,0.28
2015,1,2.2348070478379203,29.117726814868217,VIIRS,99,47.52,1.49,0.55
2015,1,1.3013476469025609,29.189314602213745,MODIS,91,90.82,5.06,2.01
2015,1,1.6489032997108368,28.447589303828774,MODIS,89,48.21,5.49,0.94
2015,1,2.2982470324644213,28.018451604032766,MODIS,66,110.46,3.96,2.61
2015,1,1.6093982623954783,28.45123475560087,MODIS,90,144.43,5.89,1.81
2015,2,1.8141565962482504,28.545684096685584,VIIRS,96,118.1,2.98,0.69
2015,2,1.4410974855873635,28.78169808821304,VIIRS,89,116.53,1.95,0.28
2015,2,1.9841046000825489,28.012801172282323,MODIS,82,111.31,6.12,0.94
2015,2,1.059287411309505,28.96972865830197,VIIRS,78,131.17,2.37,1.05
2015,2,1.6145616589552791,29.19667901322986,VIIRS,68,139.42,2.47,0.41
2015,2,1.951730274649071,28.951329292601617,VIIRS,72,39.64,1.44,1.09
2015,2,1.9066932930124312,28.03370988446277,VIIRS,67,41.75,1.72,1.2
2015,2,2.002527006349939,28.70537185163845,VIIRS,63,27.96,1.65,0.72
2015,2,1.231302852720047,29.097138191881225,VIIRS,72,72.18,5.17,2.11
2015,2,1.2093706830448312,28.754311281155648,VIIRS,61,109.29,2.85,1.26
2015,2,2.433446092146668,28.577362076162494,VIIRS,60,73.05,2.14,0.89
2015,2,1.2459708754904777,29.149648620136322,MODIS,91,131.02,3.82,2.53
2015,2,1.4051301519828714,28.399041154482525,MODIS,65,78.61,4.05,1.57
2015,2,2.032501909480318,28.334585324564138,VIIRS,78,103.2,5.4,0.62
2015,2,2.342517486354219,28.850411399976487,MODIS,64,85.87,1.44,0.98
2015,2,2.0994675736799655,28.35198448415888,MODIS,100,60.2,1.85,1.36
2015,2,1.0147015470907448,28.729672484016113,VIIRS,76,30.79,2.24,0.32
2015,2,1.9934395928379636,28.434200368792848,VIIRS,81,66.69,3.84,2.26
2015,2,2.1904854874018787,29.17539914113472,VIIRS,61,60.06,4.43,1.87
2015,2,2.445865019806422,28.069731252773757,VIIRS,78,120.71,4.97,2.26
2015,2,1.8752882865559246,28.28091303779328,MODIS,86,139.11,3.9,2.08
2015,2,2.1788792134378343,28.995084770514918,MODIS,65,57.04,6.15,4.07
2015,2,1.5805832336213135,28.018469284232907,MODIS,99,74.52,2.88,0.68
2015,2,1.4034660562107955,28.76128738732501,MODIS,95,13.8,3.78,2.27
2015,2,1.313311332885149,29.104317533420936,MODIS,96,137.59,3.02,0.82
2015,2,1.6357714399100007,29.0295027483747,VIIRS,62,34.92,6.17,3.78
2015,2,2.2957966333947706,28.66755837545472,VIIRS,99,110.94,5.14,2.66
2015,2,1.4677049945678984,28.521699757766246,VIIRS,77,83.8,3.6,0.49
2015,2,1.6380139465462966,29.149802733936,MODIS,78,93.26,1.88,0.28
2015,2,1.6230210491265669,28.411919967692867,VIIRS,87,134.93,3.16,1.39
2015,2,1.7106835715710906,28.151310251533662,VIIRS,78,12.33,5.0,1.28
2015,2,1.0170253887212248,28.58126795198874,MODIS,88,33.59,5.8,3.51
2015,2,1.3154157016547385,28.273208040763308,MODIS,84,6.83,4.3,3.4
2015,2,2.2982585871477887,28.56045513257442,VIIRS,60,58.13,3.93,1.63
2015,2,2.4763017553413658,28.560346512032606,VIIRS,73,46.7,4.29,1.57
2015,2,1.118035914444599,28.012629589272898,VIIRS,98,56.98,5.3,2.72
2015,2,1.7086691780909784,28.676203181685324,VIIRS,93,27.56,1.5,0.21
2015,2,1.5175305109643034,29.162915907120073,VIIRS,82,147.57,2.43,1.16
2015,2,1.184563341096728,28.340066232753596,VIIRS,62,27.77,3.78,0.6
2015,2,2.262911522332125,29.18875818402236,MODIS,99,144.59,3.4,0.86
2015,2,1.530158633283192,29.078089627876366,MODIS,86,80.6,1.02,0.49
2015,2,2.064134254112046,29.007673076747555,VIIRS,85,137.33,3.63,0.45
2015,2,1.559255575527537,28.73511898556914,VIIRS,64,86.35,3.32,2.52
2015,2,1.6267614562309352,28.460042507970943,VIIRS,73,38.67,1.02,0.11
2015,2,2.3780001773122565,28.400997685458492,VIIRS,95,80.48,1.2,0.17
2015,2,1.3049055483342051,28.10993926084427,VIIRS,67,67.22,2.36,0.92
2015,2,2.2509633026095823,28.03776377532337,MODIS,61,13.42,1.28,0.52
2015,2,1.473626199393254,28.072537261730695,VIIRS,90,66.5,4.59,0.87
2015,2,2.2077926239253527,29.128597399465477,MODIS,70,104.03,2.11,1.24
2015,2,2.094749804356479,28.106654476126902,MODIS,75,25.04,2.16,0.98
2015,2,2.3021541296800656,29.10759692524613,VIIRS,89,113.61,3.76,0.59
2015,2,2.001383224903498,28.72115635151139,MODIS,67,101.19,4.38,1.88
2015,2,1.7386490307100744,28.598105532531548,VIIRS,87,123.51,1.64,0.65
2015,2,1.5818801324924834,28.09495703784199,VIIRS,80,107.05,5.14,1.82
2015,2,1.5915803359240586,28.068178102846073,MODIS,62,130.53,6.04,4.58
2015,3,2.2303057638670767,28.247278435889246,MODIS,90,21.58,1.13,0.71
2015,3,1.9505290065800016,28.435107056269807,MODIS,60,45.67,3.66,0.41
2015,3,1.278256724327768,28.671408585066434,VIIRS,69,112.47,3.28,1.36
2015,3,1.1433373699982066,28.293775199754595,VIIRS,92,68.86,2.6,1.28
2015,3,2.0936519369194233,28.71205669964494,VIIRS,94,137.73,5.17,0.97
2015,3,2.076682196200897,28.07058600355029,VIIRS,64,64.31,3.63,0.48
2015,3,1.9647095454277048,28.499054036306067,VIIRS,78,55.76,1.33,0.34
2015,4,1.7472953891971192,28.40213492922926,MODIS,67,12.28,6.03,3.71
2015,4,1.007775937061404,28.65538160645298,VIIRS,62,42.55,5.26,1.08
2015,4,2.0290609421148775,28.991712001534754,VIIRS,97,88.04,3.26,1.12
2015,4,1.5760810230464504,28.82114705554556,VIIRS,76,104.39,2.35,0.98
2015,4,1.6383460698758545,28.948268546753056,VIIRS,68,102.8,3.41,2.19
2015,4,1.5067008258278531,28.141296073716234,MODIS,64,69.7,4.23,2.41
2015,4,1.7767565562423342,29.14452724902293,VIIRS,69,131.64,2.97,0.91
2015,4,2.128779485321157,29.12150779495309,VIIRS,75,12.1,2.58,0.53
2015,4,2.481231004658734,28.657793251777434,MODIS,78,123.8,4.95,3.49
2015,4,2.075777614675773,29.125597094827082,VIIRS,64,77.03,6.11,4.27
2015,4,1.81085387470574,28.348142989807606,MODIS,83,77.17,2.72,1.28
2015,4,1.2025266130490984,28.29724205933299,MODIS,87,77.19,5.02,1.3
2015,4,2.4678184085801327,29.187226464591,VIIRS,80,95.61,4.56,0.71
2015,5,1.8337504361584027,28.048255791337336,MODIS,70,9.6,5.27,1.14
2015,5,1.399925240927984,28.731323072466196,VIIRS,72,119.26,3.18,1.33
2015,5,1.2114774050524293,28.98290110553276,VIIRS,91,31.29,1.9,0.96
2015,5,1.3091567111440776,29.111216256758393,VIIRS,62,58.72,5.31,0.88
2015,5,2.4347162923095014,28.471661649413953,MODIS,97,130.73,4.63,1.75
2015,5,2.3545022943996186,28.116667510060644,MODIS,82,143.4,1.7,1.13
2015,5,1.3435416238002176,28.263727628773523,MODIS,82,106.45,2.27,0.43
2015,5,2.115491192825461,28.547095332089622,MODIS,80,90.57,2.1,0.49
2015,5,1.991235123657281,28.251654607491346,VIIRS,62,78.52,3.24,1.77
2015,5,1.1424545433366826,28.040816860430425,MODIS,92,69.49,4.79,1.3
2015,5,2.4453797802460855,28.682502903712393,VIIRS,97,88.88,5.2,3.97
2015,5,1.3720088866581857,29.05001242188749,VIIRS,100,12.01,4.74,3.54
2015,5,2.172759496146134,29.099481888679957,VIIRS,95,134.04,1.16,0.14
2015,5,1.5039658189934297,28.519398974031542,VIIRS,87,8.98,6.04,2.07
2015,5,1.6703494382593367,28.05429788849344,VIIRS,84,114.08,4.3,2.87
2015,5,1.1894306960679975,28.5838474755248,VIIRS,62,59.19,3.08,1.31
2015,5,2.3326759822168697,28.285954095130435,MODIS,73,51.25,6.11,3.41
2015,5,2.221019396144891,28.419622401561025,VIIRS,71,75.18,5.18,2.12
2015,5,1.2528657949929451,28.149330025905016,VIIRS,65,125.81,2.58,0.42
2015,5,1.7939471490878702,28.036580073005762,MODIS,66,18.54,2.76,1.76
2015,6,1.494461829638582,28.456891545366318,VIIRS,92,92.99,3.7,1.92
2015,6,1.039604835828274,28.169490646297913,VIIRS,89,116.38,5.12,3.59
2015,6,1.5079946339728807,28.552380804869514,VIIRS,86,99.62,5.4,2.24
2015,6,1.4100568343058817,28.106920666439542,VIIRS,61,135.56,5.82,2.03
2015,6,1.7575009607107053,28.427769882597286,VIIRS,61,37.05,3.34,2.49
2015,6,2.305229082880592,28.98493739364884,MODIS,90,147.93,4.4,2.24
2015,6,1.2495208741825736,28.526174565127068,MODIS,73,105.83,6.24,4.92
2015,6,1.0761311370955,29.012555807536557,VIIRS,71,87.63,2.91,0.44
2015,6,1.8470965966974018,29.107577822344386,VIIRS,62,95.35,2.22,0.48
2015,6,1.9297009740081716,28.506892540731,VIIRS,71,121.75,2.31,1.36
2015,6,1.940824162957139,28.23314299242221,MODIS,67,95.25,3.93,1.16
2015,6,1.3737094529084939,28.0189164005673,VIIRS,81,57.08,4.53,0.62
2015,6,2.1099572151533024,28.820890035723004,VIIRS,67,146.02,1.26,0.27
2015,6,1.82266871835462,28.009508114760873,MODIS,64,82.82,3.13,2.36
2015,6,1.5766850850354408,28.95483787618057,MODIS,69,25.35,4.5,0.8
2015,6,1.457871981502197,28.66609156735155,MODIS,78,21.41,5.34,2.51
2015,6,1.6870832442511188,28.235305124511434,MODIS,100,43.18,3.46,0.59
2015,6,1.0167055924739248,29.114033937909312,MODIS,92,102.77,5.23,0.82
2015,6,1.5567140254228535,28.489045031401492,VIIRS,99,147.23,1.22,0.92
2015,7,1.9158047138026932,29.160806461536755,MODIS,81,147.08,5.29,1.51
2015,7,2.486976081223511,28.625963242846666,MODIS,77,37.2,5.37,2.04
2015,7,2.2850527587828684,28.25913256825521,VIIRS,75,126.38,5.23,3.84
2015,7,2.4370236748723273,28.419506817420103,MODIS,93,63.16,5.81,2.67
2015,7,2.3646588412092875,28.33004998657049,VIIRS,77,20.89,1.22,0.87
2015,8,1.003568151203244,28.731551875829997,MODIS,91,30.22,5.86,2.98
2015,8,2.4357724022160454,28.1856327445105,VIIRS,86,148.54,6.03,3.69
2015,8,1.3492222934482454,28.704874364513707,MODIS,87,93.35,4.16,1.9
2015,8,2.0222182554053583,29.065934468355824,MODIS,84,114.5,2.01,0.31
2015,8,2.3326802166905516,29.15884552347802,MODIS,74,8.81,5.08,3.54
2015,8,1.9608739967002,29.06263073068108,MODIS,82,131.76,1.74,0.37
2015,8,1.6765893576276865,28.016946044255455,MODIS,86,95.4,4.57,1.58
2015,8,1.3922936268726784,29.034361475620774,MODIS,65,95.87,1.89,0.36
2015,8,1.5088760137094492,28.36949929611013,MODIS,89,13.23,2.88,0.45
2015,8,1.6761465894486964,28.476404933853335,MODIS,63,51.37,2.7,1.83
2015,8,2.433537546149973,29.130445733058778,MODIS,71,48.85,6.12,2.73
2015,8,1.6985076220678663,28.932552300230974,VIIRS,91,59.79,4.15,2.52
2015,8,2.288347165497338,28.220569270001157,VIIRS,65,35.3,1.87,1.33
2015,8,1.6039020419903276,28.799584455684116,VIIRS,62,37.11,4.81,1.44
2015,8,1.8397405663583517,29.082348752329096,MODIS,75,54.88,3.01,0.66
2015,8,2.225709541605337,28.78856999447621,MODIS,91,56.52,1.1,0.68
2015,9,1.1689790574938206,28.03333426687557,VIIRS,63,25.29,1.31,0.59
2015,9,1.0037747316174674,28.625614677613914,VIIRS,66,70.1,6.03,0.65
2015,9,1.946389201932408,28.570645913641652,MODIS,86,36.67,1.75,0.47
2015,9,2.0917353436931396,28.82210550095674,MODIS,90,126.7,5.89,1.85
2015,9,2.101350531378254,28.899536587433452,VIIRS,67,144.36,5.49,1.88
2015,9,2.326007543216525,28.17852498472737,VIIRS,79,82.39,1.2,0.31
2015,9,1.808384522708331,28.294631038648713,MODIS,63,96.72,2.2,0.28
2015,9,1.9592484127058953,28.57509736785037,VIIRS,100,85.49,4.68,2.04
2015,9,2.0163479745535478,28.293003089584182,VIIRS,87,120.21,4.28,3.16
2015,10,2.211931477581393,28.638810359804484,MODIS,92,57.24,4.45,0.55
2015,10,2.4455318507881216,28.448305315661568,MODIS,60,9.05,5.29,3.95
2015,10,2.4008098806763125,28.642000832209686,VIIRS,60,6.21,5.97,0.75
2015,10,2.0122795224914647,28.882942847221432,MODIS,63,32.63,3.11,1.79
2015,10,1.166976795992174,28.154763424432478,MODIS,89,110.54,1.11,0.48
2015,10,1.656876635784532,28.89399051712125,VIIRS,62,146.86,6.0,1.33
2015,10,1.9906083352108572,28.47214916631494,VIIRS,96,84.29,3.45,0.87
2015,10,2.4444965783031805,29.108243634468383,VIIRS,85,33.19,5.62,3.24
2015,10,2.030871601062715,28.649098255259037,MODIS,62,48.58,5.95,2.73
2015,10,1.7806527955116207,28.314672439765957,VIIRS,88,149.06,5.03,2.88
2015,10,1.6777995320873558,28.343376339758244,MODIS,97,45.26,1.24,0.95
2015,10,1.405145417699777,28.84494490905933,VIIRS,76,96.16,3.37,1.0
2015,10,1.1391861003742412,28.181706346066907,MODIS,83,116.44,1.52,0.75
2015,10,1.4080995151763747,28.040441321879467,MODIS,66,123.38,4.22,3.22
2015,11,2.043113830284777,28.282634741903042,MODIS,82,60.47,3.7,1.78
2015,11,2.336819350693471,28.943960064332746,VIIRS,87,27.82,4.69,0.65
2015,11,1.2990305124394883,28.046366619501324,MODIS,85,117.57,3.27,1.89
2015,11,1.7641758544126307,28.46163935977646,MODIS,79,91.15,2.53,0.86
2015,11,1.2116326806998718,28.600876156944494,VIIRS,71,39.05,5.12,2.57
2015,11,2.2143030631343343,28.776327809808773,VIIRS,82,145.76,1.92,0.32
2015,11,1.0394098627817046,28.566360522486058,MODIS,96,27.55,3.32,2.07
2015,11,1.3420969626756636,28.101848758490846,VIIRS,69,9.83,2.3,1.69
2015,11,1.812003498440323,29.047102928903108,MODIS,89,12.02,5.1,3.23
2015,11,1.083728456749528,28.60218308407341,MODIS,66,47.05,5.87,2.03
2015,11,2.3657281039792775,28.35736809607566,MODIS,90,124.41,1.39,0.74
2015,11,2.1050566030306985,28.423873281528007,MODIS,66,143.52,6.24,1.66
2015,11,1.2336111090319823,28.50483858972184,MODIS,84,31.31,3.02,1.89
2015,11,1.4941062139503742,28.86269743496496,MODIS,96,119.77,4.32,1.03
2015,11,1.036479535400689,28.948716472689437,VIIRS,82,94.56,2.12,0.31
2015,12,2.29507296247016,28.843765575609115,VIIRS,81,6.69,4.54,2.11
2015,12,1.6501429521932498,29.138439289584557,VIIRS,81,16.28,4.13,0.92
2015,12,2.3215281004859056,28.77779957757189,MODIS,97,14.04,6.21,1.08
2015,12,1.9409147293003215,28.571677127300042,MODIS,80,10.3,1.4,0.65
2015,12,2.247163009306261,28.532617491873964,VIIRS,99,144.96,4.54,1.1
2015,12,1.0440981791616906,29.079936286865806,VIIRS,98,106.83,4.67,2.62
2015,12,1.9303165289714774,28.03618746052057,MODIS,71,30.29,3.78,0.79
2015,12,1.924899267501408,28.249637095601308,MODIS,70,141.53,4.75,0.55
2015,12,1.5382700020971318,28.333228341100448,VIIRS,60,117.19,5.94,4.46
2015,12,2.097224235668882,29.171904449725503,MODIS,89,17.83,3.59,1.06
2015,12,1.568453924175665,28.58133557370149,MODIS,67,48.9,1.64,0.2
2015,12,2.2647978932977537,28.20351924777849,VIIRS,97,15.66,4.18,3.19
2015,12,2.2928866714628557,28.112757479465984,MODIS,73,147.53,5.14,0.58
2015,12,1.6452700735961674,28.146911893230012,MODIS,85,53.4,1.32,0.13
2015,12,2.430005900341169,29.03607135388716,VIIRS,85,100.55,3.71,1.11
2015,12,2.1370367703282427,28.047535135257885,VIIRS,69,139.7,6.04,4.11
2015,12,1.6267998341299783,28.012304285885428,MODIS,67,19.79,3.85,0.56
2015,12,1.7759185873505396,29.036874074523194,VIIRS,87,30.23,5.88,1.67
2015,12,1.0236852751010659,29.080652222316477,VIIRS,80,29.49,1.36,0.74
2015,12,1.611105665540331,28.207550027926242,MODIS,71,69.34,3.18,2.01
2015,12,1.7737948651773874,28.162780130495577,VIIRS,69,65.2,5.73,3.33
2015,12,1.4056620087531833,28.530962155239678,MODIS,78,58.08,2.18,0.98
2015,12,1.8023824673689959,28.19549774902634,MODIS,94,64.03,3.68,1.42
2015,12,1.8759427735603493,28.478941577237016,MODIS,74,144.78,4.1,0.66
2015,12,2.1856639682316654,28.197174966232883,MODIS,63,119.28,5.34,1.48
2015,12,2.3904722129246334,29.162741554962693,VIIRS,94,68.37,4.63,0.78
2015,12,1.803558670934017,28.515147546514864,VIIRS,84,46.15,2.49,1.72
2015,12,2.2514402922963557,28.16693262070575,MODIS,65,32.84,3.13,0.64
2015,12,1.331777229090946,29.04026602178212,VIIRS,86,96.92,5.42,3.75
2015,12,2.4959070472885823,28.036944946156265,MODIS,89,96.78,2.67,0.83
2015,12,1.6708949569585712,28.291179542006308,VIIRS,76,79.25,6.14,2.77
2015,12,1.5932624169096128,28.73751717083742,MODIS,89,68.32,1.86,0.37
2015,12,1.5403676816679681,28.44022840254358,MODIS,91,105.51,5.87,4.56
2015,12,2.479806136921314,28.015789463507964,MODIS,85,56.04,6.17,1.12
2015,12,1.567805523530967,28.803681402429877,VIIRS,83,98.91,4.4,2.63
2015,12,1.521551849297705,29.084417727085217,VIIRS,72,144.74,1.61,0.94
2015,12,2.0141006678949696,28.316546023227705,VIIRS,89,148.18,3.82,2.14
2015,12,1.6471718442693706,28.08825069659347,MODIS,66,33.86,5.56,1.24
2015,12,1.4732774041699566,28.702381094545473,VIIRS,92,66.68,5.27,2.74
2015,12,2.4641000403780877,28.37944635550139,VIIRS,88,107.25,4.66,3.54
2015,12,1.574596579013064,28.791904878221892,VIIRS,74,77.94,4.0,0.41
2015,12,2.330213454752033,28.312512287637663,VIIRS,83,129.55,2.69,0.93
2015,12,1.4040017948900267,28.88820947466261,VIIRS,81,41.32,5.39,1.53
2015,12,2.1018680652056467,28.771283872088787,VIIRS,85,144.93,2.61,1.87
2015,12,1.7653599883171476,28.235164655793884,VIIRS,66,60.63,2.54,0.5
2015,12,2.2506687756304684,28.003737338876565,VIIRS,88,72.46,1.45,0.91
2015,12,2.3111260549912016,28.651076187940884,VIIRS,78,130.95,4.48,3.42
2015,12,1.7648842036857548,28.746932905002907,MODIS,73,123.52,2.85,2.03
2015,12,1.2798167453763702,28.694899693180787,MODIS,71,10.19,4.04,0.94
2015,12,1.4771212950210364,28.667495428573137,VIIRS,76,84.35,4.65,1.79
2015,12,2.1321682503378434,28.231599235676754,MODIS,86,82.83,4.54,2.55
2015,12,1.416438875996013,28.013245970510884,VIIRS,98,134.05,4.41,1.75
2015,12,1.5846495300914918,28.972752572778315,MODIS,96,24.87,1.01,0.65
2015,12,2.1332876784533474,28.797510932572724,VIIRS,99,50.93,3.62,0.58
2015,12,1.7176914923529882,28.37162423225027,VIIRS,67,133.03,2.43,1.16
2015,12,1.3596144441936753,28.242481839833577,VIIRS,81,138.07,4.1,1.59
2015,12,1.9532911828011115,29.1681712660399,VIIRS,65,126.45,5.82,1.62
2015,12,1.791010421835605,28.543380157667265,MODIS,64,5.32,6.24,1.72
2015,12,2.015770597826417,28.620841260560606,MODIS,60,96.24,4.98,3.37
2015,12,2.3633909920773175,28.290849264100192,VIIRS,94,118.85,3.99,2.2
2015,12,1.7697204751406541,28.25018012463607,VIIRS,65,90.87,3.27,2.54
2015,12,2.310021709546755,28.709306298289945,MODIS,78,71.66,4.71,2.18
2015,12,1.9252202523406414,28.97596115453684,MODIS,100,102.32,1.42,0.81
2015,12,1.9317911551418567,28.928148558499366,MODIS,63,143.91,4.37,3.03
2015,12,2.1533028306018074,29.176651703011697,VIIRS,81,125.39,4.85,1.17
2015,12,1.0244719727005087,28.302171631707218,MODIS,87,57.61,5.14,3.11
2015,12,2.111945954417689,28.659909465817396,MODIS,62,93.47,5.47,3.77
2015,12,1.2928278156629445,28.245209393690104,VIIRS,81,74.27,4.23,2.47
2015,12,1.6928108888857385,29.054180276002263,VIIRS,98,26.59,5.52,2.23
2015,12,1.3399894763621292,28.135279021349827,MODIS,63,143.21,4.64,3.17
2016,1,1.0054892255183114,28.130782004672444,VIIRS,78,25.87,1.39,0.26
2016,1,1.1284732611370314,28.93123014699327,VIIRS,89,99.15,5.28,2.24
2016,1,2.1589750849842293,28.96576697716612,VIIRS,86,142.87,3.94,1.88
2016,1,1.710031468765249,28.902344117023283,MODIS,68,104.32,1.18,0.5
2016,1,1.159084010344516,28.015791586904662,MODIS,91,85.22,2.49,0.97
2016,1,1.8804908090882804,28.829129363806565,VIIRS,95,76.45,3.24,2.14
2016,1,1.4392912535495492,29.092495301726508,MODIS,75,7.53,5.54,4.2
2016,1,2.4577789545888273,28.431721281333022,MODIS,62,20.31,4.6,2.72
2016,1,1.930970833262058,28.78824518779792,VIIRS,63,149.34,4.54,3.45
2016,1,2.3141598908796337,28.245050895227976,MODIS,93,20.07,4.88,0.98
2016,1,1.4144156854103764,28.63971463384816,MODIS,71,142.24,3.75,1.04
2016,1,1.1918038587694237,28.92871529245803,VIIRS,99,120.97,2.33,1.4
2016,1,2.0245738814299425,28.81733756517917,VIIRS,82,45.41,4.2,1.05
2016,1,1.7221656420276967,28.003466200239263,VIIRS,82,132.59,3.52,1.2
2016,1,2.3022796624297763,28.820223356683385,VIIRS,72,14.9,2.77,1.11
2016,1,1.1929587955376535,28.16827154216009,VIIRS,82,101.59,3.53,2.69
2016,1,1.8951246376400275,29.002209388177953,MODIS,73,113.35,4.61,1.35
2016,1,1.0303092540826821,28.998959389049617,VIIRS,97,11.87,3.65,0.44
2016,1,2.1170126904948194,28.006128922116325,MODIS,64,35.22,6.15,1.51
2016,1,2.397675342034649,28.61198766497705,VIIRS,76,135.21,3.4,1.31
2016,1,1.7648381591651423,28.870391483005314,VIIRS,69,11.96,2.27,0.43
2016,1,2.2286093202854915,28.446494459514643,VIIRS,78,72.56,3.01,0.77
2016,1,1.8346713663501382,28.90553124176643,VIIRS,74,51.09,2.69,1.33
2016,1,1.1247535663402748,28.5173000820402,MODIS,64,11.54,1.27,0.92
2016,1,1.641196616309062,28.974655374438242,MODIS,62,126.14,1.83,0.75
2016,1,1.2181967954733643,28.145188868035603,VIIRS,77,145.9,5.52,3.49
2016,1,2.262314973582801,29.145485248397563,MODIS,61,56.11,6.14,1.98
2016,1,2.491984365370201,28.28808269933462,MODIS,74,101.06,3.31,0.39
2016,1,2.0919876203963756,28.919935533893444,MODIS,62,116.58,2.65,0.73
2016,1,2.192909419268508,29.169246049029717,MODIS,81,92.33,6.03,4.63
2016,1,2.145096800286782,28.74620792935741,MODIS,63,118.58,1.32,0.56
2016,1,1.349871070178413,28.77636372603511,VIIRS,88,77.61,3.52,0.81
2016,1,1.9733663444010974,29.140685453053965,MODIS,80,59.44,5.74,4.42
2016,1,1.009331149128069,28.02039136328855,MODIS,79,5.6,2.56,1.29
2016,1,1.527476773460389,28.00360362311747,VIIRS,97,140.97,1.99,1.52
2016,1,2.1998737373100186,28.41338291174152,VIIRS,80,134.18,2.26,0.75
2016,1,1.5992858079445114,28.982441078831723,VIIRS,63,72.76,1.86,1.36
2016,1,1.9957798328229974,29.113981362705182,MODIS,85,143.79,5.87,2.56
2016,1,2.0753958630226537,28.452675350513427,VIIRS,80,124.53,4.09,2.02
2016,1,2.385882697178049,28.516910846965505,MODIS,73,96.86,3.15,0.63
2016,1,2.4500118983442185,28.25283098145472,MODIS,80,103.65,2.54,0.88
2016,1,2.065177618579767,28.008779041959503,MODIS,71,126.26,6.08,1.41
2016,1,1.5152770818760013,28.70132453920851,MODIS,82,83.55,4.86,3.07
2016,1,2.333346592940928,28.304386242236863,VIIRS,87,60.72,2.17,0.24
2016,1,1.8171369841162381,29.11925677768828,MODIS,83,140.37,3.7,2.46
2016,1,1.6995512164056983,28.985533489913394,VIIRS,82,78.25,3.98,0.93
2016,1,1.8591271641412308,28.88580203509792,MODIS,81,56.4,4.19,2.02
2016,1,2.2746778208020255,28.193791251415057,MODIS,81,107.01,3.64,2.26
2016,1,1.440145093360873,29.198195377073027,MODIS,88,38.87,2.78,1.13
2016,1,1.205141615750029,28.264360846074627,VIIRS,72,72.22,3.26,0.38
2016,1,1.0596417874486779,29.09127389019368,MODIS,89,69.59,1.56,0.81
2016,1,2.3165339158472507,28.532944894158273,VIIRS,96,102.16,2.28,0.58
2016,1,1.984114403098979,28.45878332809076,MODIS,91,149.6,4.37,2.09
2016,1,1.1394293949816023,28.773541031131735,MODIS,83,88.58,2.7,2.05
2016,1,1.5771012523736396,29.097088267784656,VIIRS,96,25.66,3.46,1.58
2016,1,1.3381550569478013,28.951470388629268,MODIS,68,37.38,3.9,2.59
2016,1,1.3385193422800101,28.24296428690357,MODIS,98,113.86,5.71,0.82
2016,1,1.5969489639097407,28.019394750696208,VIIRS,98,10.7,4.35,2.76
2016,1,1.427879627094358,28.29667792837359,MODIS,71,68.9,1.51,0.35
2016,1,1.4950954741375309,28.4630532962537,VIIRS,60,49.85,1.85,0.39
2016,1,1.7605772819318384,28.09750393272061,VIIRS,69,36.64,1.24,0.76
2016,1,2.1585358183168992,28.70220549379428,VIIRS,65,83.53,3.56,2.76
2016,1,1.2606168474054043,28.63286227685628,VIIRS,73,48.38,4.75,0.76
2016,1,1.690229274719329,28.75175230059254,MODIS,71,7.05,4.33,2.61
2016,1,1.8968366585972103,28.629058146724564,MODIS,89,59.26,5.33,2.66
2016,1,1.2775679615545317,28.015961817424106,MODIS,88,30.21,5.62,1.61
2016,1,1.8308796675560108,28.027935049410868,MODIS,95,73.9,4.29,1.3
2016,1,1.9493005695150107,28.066100541282847,VIIRS,98,8.43,4.12,2.39
2016,1,1.215000974304935,28.312947949725277,MODIS,64,149.22,1.59,0.59
2016,1,1.7142361868666334,29.08904560326414,MODIS,93,41.03,2.82,0.69
2016,1,1.655579359239624,28.60696282685642,VIIRS,90,14.35,2.55,0.87
2016,1,1.0235466831297906,28.028104697248754,MODIS,97,47.6,1.88,1.14
2016,1,1.0497343834089825,28.727820349900625,MODIS,99,6.18,5.19,0.56
2016,1,2.257257008899397,28.626695979311382,MODIS,96,120.95,1.09,0.23
2016,1,1.684648637017411,28.804028506997323,VIIRS,63,109.77,5.04,3.26
2016,1,2.370309905339981,28.611974212852825,VIIRS,71,94.87,5.3,4.17
2016,1,2.100485320311484,29.06818499153795,MODIS,84,113.78,4.15,1.15
2016,1,1.0794399064716542,28.678145448967523,MODIS,63,124.23,2.11,0.65
2016,1,1.6604840755939827,29.042493708361757,VIIRS,62,55.55,2.89,1.48
2016,1,2.2272144837710184,28.340290728297134,VIIRS,63,74.8,2.8,1.65
2016,1,1.7763730549109615,29.03238075164795,VIIRS,91,89.59,3.72,2.23
2016,1,1.5287041470589995,28.101226125190532,VIIRS,99,86.88,6.05,4.47
2016,1,1.452418737933545,28.552247370806604,VIIRS,63,137.44,5.93,1.69
2016,1,1.3337417994575544,28.732138985207197,MODIS,76,136.47,4.8,2.95
2016,1,2.340517141449121,28.421998965722658,VIIRS,68,105.06,4.93,3.51
2016,2,1.4229158259385317,28.57723964723043,MODIS,68,27.17,4.81,3.3
2016,2,1.7556852949850876,29.015253271366763,VIIRS,96,52.5,3.35,2.0
2016,2,1.7966797327608397,28.035205470693825,VIIRS,77,42.49,1.04,0.17
2016,2,2.430037578073896,28.411484618567613,MODIS,87,141.57,3.53,2.66
2016,2,1.1472214762794932,29.012468767709915,MODIS,77,24.01,3.95,3.08
2016,2,1.8765346790518223,29.18502048125881,MODIS,99,120.35,4.13,2.77
2016,2,1.097106303126123,28.399360039750526,VIIRS,97,74.74,4.53,1.07
2016,2,2.3298165923743075,28.50145374381564,VIIRS,67,118.5,5.8,4.45
2016,2,1.2188823918324203,29.041800929020464,VIIRS,85,56.47,4.99,0.59
2016,2,1.2358031900122788,28.15748784513558,MODIS,63,143.82,2.21,1.73
2016,2,1.8353528349645467,29.103800815470404,VIIRS,92,144.92,3.27,1.55
2016,2,1.5579043848383651,28.491547303966694,VIIRS,65,85.04,4.46,2.59
2016,2,1.9415505117244964,28.522368608010055,MODIS,63,131.44,2.91,0.69
2016,2,2.012700245629956,28.493977113699955,MODIS,82,35.97,2.65,1.58
2016,2,1.8962142920830443,29.13426514051084,VIIRS,65,111.15,4.67,1.43
2016,2,1.696168792407934,28.089277703201393,VIIRS,69,109.21,1.52,0.32
2016,2,1.885443831906434,28.87598222105221,VIIRS,65,70.44,3.03,1.92
2016,2,1.739496522264792,28.792094132175432,VIIRS,81,10.87,6.19,2.8
2016,2,1.5142153883673752,28.53565225978292,MODIS,62,23.24,1.68,0.23
2016,2,1.9241434692794692,28.749173374050358,VIIRS,81,141.14,2.34,1.7
2016,2,1.7889329716362519,28.98512771884223,VIIRS,72,84.08,4.7,3.43
2016,2,1.854674315146862,29.074419305551434,MODIS,98,98.1,2.84,1.12
2016,2,1.9717040781274988,28.108823784529648,MODIS,84,34.63,3.38,2.2
2016,2,1.7520292696887907,28.534963044787233,VIIRS,62,71.2,4.61,3.07
2016,2,2.0159574888453387,29.152119521758607,VIIRS,87,49.2,4.18,1.84
2016,2,2.45502889489323,28.717172446842223,VIIRS,80,124.95,1.29,0.16
2016,2,1.833478418911,28.922958534873295,MODIS,73,107.56,2.11,0.81
2016,2,1.1586749802440304,28.145206643687978,VIIRS,89,140.37,6.07,4.82
2016,2,2.3556313848336408,28.643458134576594,VIIRS,99,108.27,1.76,0.53
2016,2,1.8673167965312658,28.497369882110608,VIIRS,83,69.88,6.15,1.81
2016,2,2.0354396444126106,28.44804030923517,MODIS,98,37.95,3.69,2.26
2016,2,1.8982280260749678,28.530146393480234,VIIRS,89,56.08,1.72,1.13
2016,2,2.3581566508690974,29.171661995548014,VIIRS,97,109.16,3.14,1.54
2016,2,1.7738056872832721,28.099592722477382,MODIS,85,80.19,5.95,2.29
2016,2,1.1417842962398508,28.869789278782143,MODIS,100,139.66,5.49,3.36
2016,2,2.1518023490001994,29.123362647297423,VIIRS,79,109.33,1.44,0.35
2016,2,1.0434213153696532,28.404273911235588,MODIS,76,37.39,2.99,1.15
2016,2,1.566648995463896,28.35310865045966,VIIRS,96,32.67,2.34,1.35
2016,2,1.4340652133275573,28.722053045802568,VIIRS,72,140.34,5.34,2.03
2016,2,1.8732161941606051,29.132742464071065,MODIS,72,14.56,3.86,0.9
2016,2,1.2123936114037486,28.571414675565926,VIIRS,60,101.59,2.75,1.22
2016,2,2.4430041064981403,28.479272508474008,MODIS,93,31.33,3.27,1.22
2016,2,1.6233548439223267,28.847628141617644,VIIRS,100,100.26,4.66,2.21
2016,2,2.397685440898136,29.187438963781418,MODIS,71,30.65,3.96,2.49
2016,2,1.6884815220214353,28.755692156073316,VIIRS,68,61.46,5.29,2.13
2016,2,1.1845898329250477,29.13454680540733,VIIRS,64,9.21,2.48,1.39
2016,2,2.1513436715782572,28.79966335304704,MODIS,63,75.52,3.01,1.65
2016,2,1.8038192331035903,28.37748231808432,MODIS,67,133.84,5.02,2.93
2016,2,1.5107373931853205,29.06962487120133,MODIS,81,131.91,4.49,2.5
2016,2,1.751876769419281,29.102460927584254,VIIRS,74,133.14,3.23,0.54
2016,2,1.9771073361043814,28.10497170799634,MODIS,78,82.1,2.3,1.15
2016,2,2.3526236269892644,28.132345996543844,MODIS,87,9.11,5.7,3.94
2016,2,1.0355740750462037,28.186960459837923,MODIS,77,54.85,3.98,0.88
2016,2,2.3113616262490937,28.019567390964298,VIIRS,84,41.83,1.85,1.19
2016,2,2.438727306672875,28.992849727367837,VIIRS,86,141.0,5.15,0.73
2016,2,2.296739860121552,28.91039016573101,MODIS,79,110.92,5.9,4.53
2016,2,1.2803183814692707,29.041385159142635,VIIRS,64,91.22,1.91,1.14
2016,2,1.2382708412660772,28.68400663899927,MODIS,69,54.14,5.93,4.19
2016,2,1.9137846803697718,28.764142382199566,VIIRS,61,113.17,2.37,0.66
2016,2,2.105951295394086,28.2402611685866,VIIRS,67,98.33,2.51,1.65
2016,2,1.8960936767470025,28.06864699207918,MODIS,72,12.12,6.22,4.56
2016,2,1.6989690596999352,28.661623718287345,VIIRS,84,59.74,3.58,2.14
2016,2,2.184169701845698,28.543653563051016,VIIRS,78,32.25,1.19,0.67
2016,2,1.2017404305539365,29.140673385136257,VIIRS,90,42.34,5.57,1.29
2016,2,1.2914755434767946,28.871831041464567,MODIS,97,14.8,4.38,0.84
2016,2,1.5936410386069915,28.538901617783452,VIIRS,93,75.02,1.03,0.5
2016,2,2.0255205117385846,28.310130353685672,MODIS,96,12.38,4.28,3.19
2016,2,1.0694640851116424,28.8736343195421,MODIS,62,12.65,4.33,1.75
2016,2,1.0950633341236973,28.47465625079476,VIIRS,82,52.41,5.96,1.54
2016,2,2.410366103211944,28.186910994446254,VIIRS,63,90.84,4.07,2.41
2016,2,1.2119654187054747,28.358272226805898,VIIRS,69,22.94,3.9,1.13
2016,2,1.3322569487396168,28.50941745851024,VIIRS,90,58.93,2.66,2.06
2016,2,2.4514570718279147,28.770444312326013,MODIS,82,42.64,2.53,1.83
2016,2,2.4350367195169986,28.093772248879983,MODIS,74,11.79,3.59,2.36
2016,2,2.056513874244224,28.804373085069926,MODIS,61,58.52,5.93,0.77
2016,2,1.7822086660607348,28.218540654700977,VIIRS,60,34.23,6.0,1.06
2016,2,1.7155463275872047,28.15539926028436,VIIRS,80,55.79,2.06,0.46
2016,2,1.7578083331204317,28.47424112518232,VIIRS,97,54.96,4.53,0.73
2016,2,1.0618966511375063,28.61598844938908,VIIRS,83,81.59,3.42,2.15
2016,2,1.6629122498051543,28.94912914248479,VIIRS,81,33.35,4.85,1.08
2016,2,1.458064455165344,28.57432843839372,VIIRS,75,92.65,5.52,3.82
2016,2,1.75546289608079,28.85338146354156,MODIS,60,5.74,5.83,0.69
2016,2,2.310398956274128,29.103422052138267,MODIS,92,36.59,5.57,2.54
2016,2,2.440570028909522,29.12329747316993,MODIS,83,85.58,3.03,1.42
2016,2,1.0853284534866037,28.66580852364685,MODIS,92,33.43,3.49,0.56
2016,3,1.0718083637206817,28.910738674255953,VIIRS,93,100.68,1.01,0.56
2016,3,1.8016393393828865,28.667546177295662,VIIRS,89,21.46,2.05,0.5
2016,3,1.4178496676250836,28.631256032259856,MODIS,86,24.49,1.14,0.12
2016,3,2.1476008668501207,28.158512233161986,MODIS,91,96.05,5.87,3.47
2016,3,2.0140169520080127,28.876963969601604,MODIS,69,132.49,5.01,1.73
2016,3,2.2842688216147966,28.074241059694142,MODIS,82,14.88,2.01,0.76
2016,3,1.7816188935940116,29.086175758544353,MODIS,82,107.41,3.58,0.75
2016,3,2.296308955634254,28.157115359242166,VIIRS,86,34.21,2.39,1.75
2016,3,2.1814926832046067,28.218268749739703,VIIRS,75,43.29,3.18,1.49
2016,3,1.6595641025756862,28.749933795288477,MODIS,98,19.65,4.11,1.65
2016,3,1.409386566632852,28.248540423069606,MODIS,84,11.02,4.82,3.14
2016,3,1.052464055661166,28.600971950065432,VIIRS,91,111.82,5.08,1.49
2016,3,2.286700578569117,28.53965080726124,VIIRS,90,20.87,5.82,1.16
2016,3,1.3416037739165212,28.225234974371382,VIIRS,85,81.69,2.64,1.41
2016,3,1.2728912864662703,28.871551900803386,VIIRS,84,108.21,4.55,1.11
2016,3,1.0492512207986586,28.82850672739081,VIIRS,93,112.94,3.45,2.23
2016,3,1.5940911324705223,28.83655912153685,VIIRS,75,66.18,3.32,0.59
2016,4,2.0406045490699483,29.108967838764354,VIIRS,72,136.92,1.93,1.13
2016,4,1.1281442808001154,28.104797796071875,VIIRS,74,62.76,3.35,2.36
2016,4,1.1909497599557093,28.625431346255947,VIIRS,80,134.53,5.94,4.34
2016,4,1.0176503872209013,29.146327983129094,VIIRS,84,21.41,3.21,0.85
2016,4,1.6712838324904356,28.632626675068522,VIIRS,61,30.43,3.15,1.55
2016,4,1.2799517663279896,28.010716204486187,MODIS,79,16.12,6.0,1.7
2016,4,1.430842129841018,28.917103243040977,MODIS,81,101.63,1.4,1.1
2016,4,1.1312797379172368,28.353573882170068,MODIS,76,146.21,3.06,0.86
2016,4,1.5096162015523271,28.00886338752407,VIIRS,85,50.52,1.43,0.54
2016,4,2.135137162618483,29.06346329789298,MODIS,92,19.42,2.42,0.32
2016,4,2.102217623601235,28.223220381023495,MODIS,88,43.96,5.35,0.99
2016,4,2.1523304873836713,28.289420130451855,VIIRS,92,64.22,6.21,3.97
2016,4,2.4401748241564323,28.801888824157395,VIIRS,60,40.96,3.11,0.84
2016,5,1.629814419239229,28.556505073169074,MODIS,93,105.3,2.9,1.59
2016,5,2.1647282376132635,28.794500591736824,MODIS,100,34.6,3.17,1.4
2016,5,1.9800920052501354,28.57476032195875,MODIS,91,41.52,4.2,1.36
2016,5,2.1793646204330828,28.509763661189247,VIIRS,80,107.85,2.69,2.09
2016,5,1.693109498967298,28.49186766670804,MODIS,84,134.65,1.78,0.58
2016,5,1.7718485449049095,28.438935949874665,VIIRS,86,89.44,6.23,1.25
2016,5,1.8319138897939846,28.107708597034804,VIIRS,65,110.24,5.41,3.2
2016,5,2.144590072233787,28.7624481786829,VIIRS,91,138.26,3.07,2.0
2016,5,2.085879271505812,28.407868751280617,MODIS,87,107.21,2.36,0.26
2016,5,1.49516488076912,28.132656382720825,MODIS,79,113.91,6.1,2.13
2016,5,2.428273069408637,28.59819521303563,VIIRS,72,62.22,1.98,1.44
2016,5,2.4795504649823057,28.59225883997632,VIIRS,79,37.11,2.47,1.59
2016,5,1.0433501092439095,28.098564335693098,MODIS,62,21.2,2.63,1.21
2016,5,1.4793492452589994,28.60072620810403,VIIRS,74,52.77,2.77,1.12
2016,5,1.4325310633596953,28.447526304426425,MODIS,97,50.32,5.04,1.03
2016,5,1.176835944633431,28.30006356360046,VIIRS,81,48.27,3.11,1.34
2016,6,1.36545763044521,28.863130045554595,VIIRS,71,19.82,2.78,1.26
2016,6,1.960617475546211,28.143592384898252,MODIS,69,5.36,1.82,0.25
2016,6,1.2650201376265844,28.224507238478342,MODIS,94,121.21,5.18,1.98
2016,6,1.68149090899292,28.317986188199576,MODIS,99,131.06,5.49,1.88
2016,6,1.4615315023211597,28.38671080812133,VIIRS,91,138.85,3.54,1.54
2016,6,1.4163939695917784,28.490986366223694,VIIRS,78,79.58,4.96,3.5
2016,6,2.1147371304201448,28.997070525847224,VIIRS,94,10.95,3.96,2.81
2016,6,1.7195280564111775,28.374288986141647,MODIS,99,80.83,2.57,1.47
2016,6,1.808665014670367,28.381524653677765,MODIS,65,25.01,5.15,1.91
2016,7,1.452747961350469,28.491247418496098,VIIRS,77,96.55,6.11,0.66
2016,7,1.2961661176253956,28.657259902602586,MODIS,79,32.38,6.17,4.64
2016,7,1.384979774943314,28.381614571312454,MODIS,86,41.22,2.44,1.35
2016,7,1.1608283223410436,29.07587405697648,MODIS,88,31.62,2.96,2.03
2016,7,1.6800124866046224,28.57749782795883,VIIRS,68,118.68,4.67,3.03
2016,7,1.7900961924749814,29.02319687869855,VIIRS,76,67.14,2.7,1.32
2016,7,2.2221608091654352,28.29691670566543,VIIRS,64,124.96,2.5,0.5
2016,7,1.8635075207158591,28.003488502439357,MODIS,76,75.15,2.68,1.37
2016,7,1.9495394169146325,29.126582646910048,MODIS,97,146.07,3.87,2.02
2016,7,1.4467854854267554,28.419195583446385,MODIS,88,26.62,4.11,2.61
2016,8,1.8582131721828168,28.19691469163977,VIIRS,97,8.14,4.0,1.69
2016,8,1.9926312542803308,28.00315406230622,MODIS,74,15.04,5.81,2.47
2016,8,1.4482975689956625,28.232829853365168,VIIRS,77,61.46,4.83,1.4
2016,8,1.9669333098030908,29.18122355852836,MODIS,92,85.47,1.48,0.36
2016,8,1.034553331052579,28.92538868251411,MODIS,62,18.87,4.43,1.13
2016,9,2.0850643389208963,29.12930306480136,MODIS,78,51.07,2.97,1.32
2016,9,1.976499097169295,28.87193548145437,MODIS,79,55.94,3.63,1.01
2016,9,1.2515696319713256,28.697760357421632,MODIS,95,44.76,1.49,0.35
2016,9,1.8512218012246697,28.786849979317406,MODIS,70,63.24,6.09,3.11
2016,9,2.088888860097253,28.401648976412716,VIIRS,98,37.94,5.42,0.83
2016,9,2.1392815606533904,28.586162144423433,VIIRS,84,108.35,5.95,0.76
2016,9,1.7316666447226652,28.079739099308924,VIIRS,67,65.53,3.05,0.86
2016,9,1.449523661450172,28.329220777682487,MODIS,68,18.66,4.35,0.69
2016,9,2.2420341818312,28.74673457070495,MODIS,88,86.94,3.17,1.82
2016,9,1.779670946902088,28.318078203377496,MODIS,79,137.55,1.08,0.32
2016,9,2.101222118901547,29.186453441785847,MODIS,94,58.51,2.39,0.27
2016,9,1.7707309229940857,28.848626062360612,VIIRS,95,10.7,3.91,1.89
2016,10,2.4795385468558777,29.019184944694246,MODIS,79,8.52,6.03,1.61
2016,10,1.443227006722084,28.086280306937432,MODIS,74,57.95,5.35,4.0
2016,10,2.056041685548146,28.80824950853574,MODIS,70,80.95,1.37,0.66
2016,10,1.2881674601878426,28.34281713242417,VIIRS,76,81.8,4.05,1.02
2016,10,1.5367124732322077,29.017432274325916,MODIS,82,17.69,3.1,0.4
2016,10,1.9827674736160996,28.641331303123707,VIIRS,65,21.9,5.65,2.98
2016,11,1.79296843122152,28.980717852099506,VIIRS,83,114.96,1.95,0.5
2016,11,2.2052728928936425,28.707831718171885,VIIRS,97,42.89,4.26,1.06
2016,11,2.377657803281185,28.816766267404766,MODIS,75,103.59,3.71,2.0
2016,11,2.3484681876783333,28.554457296044944,MODIS,84,124.91,2.06,1.37
2016,11,1.6745356182495317,28.43481856281887,MODIS,72,28.2,2.43,1.84
2016,11,2.4621943873634184,28.02966953581635,VIIRS,99,67.37,4.12,2.69
2016,11,1.996854215054416,28.005748897692953,VIIRS,60,17.96,6.11,2.91
2016,11,2.452120423525436,28.671141796048435,VIIRS,89,108.86,2.75,1.94
2016,12,2.3987876322096984,28.227542140168687,VIIRS,80,142.64,3.2,2.49
2016,12,1.8487333016810437,28.83093337330796,MODIS,85,135.78,1.93,1.02
2016,12,1.8663949978449055,28.534837179806605,MODIS,79,5.18,3.81,2.04
2016,12,2.01843506163513,28.72823838762256,VIIRS,84,95.12,4.02,2.55
2016,12,1.7861780504398062,28.685053573826526,MODIS,99,136.87,1.57,0.91
2016,12,1.1188559905104518,28.58824701129294,VIIRS,69,10.78,5.43,4.16
2016,12,1.1399509615022185,28.607095325743476,VIIRS,91,127.47,5.7,1.36
2016,12,2.1655292850586587,28.872159791143126,MODIS,99,123.65,3.31,2.14
2016,12,1.5780890386386008,29.064904365300396,VIIRS,61,35.9,1.48,0.36
2016,12,1.8005154502362077,28.69500467756089,MODIS,81,18.23,3.75,2.2
2016,12,2.4714755520769423,29.141868836807895,MODIS,93,82.01,6.04,3.26
2016,12,1.7433208920756547,28.579988135029804,VIIRS,90,93.99,3.78,2.44
2016,12,1.3229255392841766,28.619051423850582,VIIRS,83,100.08,4.54,1.88
2016,12,1.628561110753576,28.461319375454202,VIIRS,78,34.64,4.36,1.45
2016,12,1.5130484748909028,28.35405137635515,MODIS,100,53.19,3.67,1.6
2016,12,2.0822277836990417,28.78695095109741,VIIRS,80,61.97,4.25,2.32
2016,12,2.2617541220814745,28.763414032133355,VIIRS,76,110.47,6.21,2.88
2016,12,1.4719623363423593,28.835574107129183,VIIRS,91,118.3,5.37,1.35
2016,12,1.5351089189295257,28.181066130816298,VIIRS,82,101.27,3.24,0.59
2016,12,1.027284770104243,28.729573729032452,MODIS,70,123.66,2.78,2.15
2016,12,1.7273556309078881,29.05625667993953,MODIS,99,27.49,5.89,1.25
2016,12,1.6605280123264203,28.155677412921005,VIIRS,62,51.6,6.25,1.8
2016,12,1.8787900810203413,28.892920194650156,MODIS,77,116.52,4.73,1.71
2016,12,2.23657489187922,28.40801119415127,VIIRS,69,43.78,4.32,1.02
2016,12,1.1009439927701088,28.3623996886247,MODIS,97,59.1,4.02,0.53
2016,12,2.025041761754255,28.183400908205126,VIIRS,60,117.72,3.74,1.99
2016,12,2.3586508235195507,29.198974621988004,MODIS,97,78.95,5.09,3.26
2016,12,1.31611114864475,28.280116112600794,VIIRS,82,111.8,5.43,3.04
2016,12,1.8645927392100825,28.839600480638126,MODIS,76,134.12,1.25,0.17
2016,12,1.7621713863510613,28.688463925515094,VIIRS,66,148.89,2.51,1.8
2016,12,1.990167363770601,28.593512751463276,VIIRS,85,119.43,1.7,0.64
2016,12,1.3995995444531628,28.819906892778427,MODIS,99,48.27,5.21,1.8
2016,12,2.370947802444264,28.43216357409356,MODIS,90,130.54,5.85,3.75
2016,12,1.7257408567892811,28.93660690633873,VIIRS,99,72.25,5.24,1.61
2016,12,1.1762830824220591,28.852353544774324,VIIRS,93,62.17,5.91,3.13
2016,12,2.268138468241555,28.21621598265685,VIIRS,63,89.87,3.29,0.94
2016,12,1.3270095343033463,28.040067300010637,VIIRS,96,16.78,3.19,2.34
2016,12,1.9066273483789062,28.523622232160868,MODIS,64,36.18,3.25,1.01
2016,12,1.46856371067816,28.289979172119065,VIIRS,92,83.62,5.62,2.55
2016,12,2.065541942744391,28.448009851435422,VIIRS,99,140.44,4.75,2.59
2016,12,1.6704031551327652,28.21890388534538,MODIS,61,15.75,5.71,1.75
2016,12,1.03158134518817,28.255365758726636,VIIRS,83,149.51,1.44,1.14
2016,12,2.43576720473681,28.74575119081098,MODIS,80,96.69,5.77,4.34
2016,12,1.3127307543994802,28.696172752236304,MODIS,99,97.31,1.84,0.87
2016,12,2.283068028022286,28.828291340164615,MODIS,86,37.27,3.9,1.69
2016,12,2.242147591484026,28.704524931655587,MODIS,79,99.92,2.97,1.06
2016,12,2.2975140061850343,28.08741719704928,VIIRS,85,77.82,5.68,3.99
2016,12,1.1043973241081595,28.938954037947685,VIIRS,76,126.56,3.01,2.3
2016,12,2.3218899343222645,29.002481988279992,VIIRS,64,86.88,4.36,3.45
2016,12,2.4790779674332084,28.509076413498125,VIIRS,68,20.23,3.12,0.92
2016,12,2.2361540207144395,28.04723053029998,VIIRS,61,135.74,3.03,1.28
2016,12,2.18508553208987,28.343460020623265,VIIRS,83,9.95,2.06,1.48
2016,12,2.0316019431773524,28.403363952767148,MODIS,84,103.46,4.77,1.54
2016,12,1.4109074145756297,28.210683066218532,MODIS,85,8.81,4.19,0.86
2016,12,1.5295873967755984,28.81778982888764,MODIS,85,23.18,5.54,0.94
2016,12,1.7621089815915545,28.928330817994304,MODIS,62,131.2,2.85,1.72
2016,12,1.7213245492443392,28.28172967734687,MODIS,89,21.4,2.29,1.57
2016,12,1.1925191077670731,28.57297108050794,VIIRS,63,148.3,4.67,1.07
2016,12,1.8878383351130639,28.873171532152465,MODIS,68,5.78,1.26,1.0
2016,12,1.4010255124203714,28.863227863894583,VIIRS,67,20.08,2.49,0.76
2016,12,2.042692490440861,28.26268400164731,MODIS,66,90.39,1.36,0.3
2016,12,1.3934434127922042,29.075641060913537,MODIS,88,123.41,3.66,1.82
2016,12,1.3614863685060716,28.57152510048703,VIIRS,82,9.59,6.07,4.49
2016,12,1.1723263846551795,28.760281176283854,MODIS,66,60.4,1.93,0.98
2016,12,2.3506867772434683,28.832731950648487,VIIRS,81,112.91,3.12,0.49
2016,12,2.309842741147608,29.01224729801713,VIIRS,93,34.42,1.03,0.56
2016,12,1.542385119919702,29.13455295518006,VIIRS,61,73.49,3.18,1.81
2016,12,1.1178520665349851,28.55179448741647,VIIRS,63,51.95,1.18,0.91
2016,12,2.071929980496722,28.397919712297856,VIIRS,74,20.47,2.75,0.3
2016,12,2.4583473076845666,28.886010571717488,MODIS,84,62.01,1.78,0.41
2016,12,2.2527031576560033,28.591167539331806,MODIS,100,17.26,5.4,1.63
2016,12,2.000559915092478,29.181824559525072,VIIRS,83,35.28,1.08,0.82
2016,12,1.5663999519100353,28.022972015386596,VIIRS,65,15.25,5.04,0.58
2016,12,1.96602504089272,29.038576296274783,VIIRS,81,40.33,4.27,1.38
2016,12,1.6732136156621986,29.043130402761474,VIIRS,93,18.17,3.6,1.91
2016,12,2.2717343827671375,28.73694640880411,VIIRS,83,15.41,2.6,0.66
2016,12,1.3303056712552417,28.829175224329965,MODIS,60,102.6,5.72,2.96
2016,12,2.089863603699365,28.73848142347213,VIIRS,90,98.05,1.05,0.12
2016,12,1.3075213026314167,28.334796899568296,MODIS,97,125.36,5.53,0.98
2016,12,1.3281003813669887,28.824605398063415,MODIS,87,64.63,4.0,0.94
2016,12,1.3504015535241842,28.207607164260583,MODIS,94,17.19,2.98,1.42
2016,12,1.619674615923567,29.18529394450602,VIIRS,87,17.68,5.65,3.13
2016,12,1.51887907962846,28.124202350477585,MODIS,63,112.61,4.77,2.07
2016,12,1.444988186213596,28.257888900771952,MODIS,69,80.24,5.23,2.31
2016,12,2.250226624687339,28.47399666751338,MODIS,89,100.96,2.99,1.69
2016,12,2.3392483094060337,28.864011965994084,MODIS,93,44.31,4.08,2.05
2016,12,1.2106836413330506,28.59251878467487,VIIRS,79,43.7,2.66,0.51
2016,12,1.3297564703767368,28.623448655179025,MODIS,75,102.93,3.64,1.31
2016,12,1.5018807153542881,28.257463893076256,VIIRS,75,35.26,3.18,0.67
2016,12,1.2640227608162262,28.771401203669956,VIIRS,91,109.86,6.23,3.86
2017,1,2.07259209434499,28.41671818451594,MODIS,79,106.2,5.54,0.97
2017,1,2.2824490084675184,28.78973576306517,MODIS,67,85.11,5.95,1.35
2017,1,1.4752765350635675,29.023877911133646,VIIRS,64,22.28,6.11,3.81
2017,1,2.493694659726028,28.15166682029942,VIIRS,84,109.84,2.51,0.32
2017,1,1.09139950768234,29.163838220514503,VIIRS,61,134.88,1.2,0.53
2017,1,1.4310589122658717,29.155665210511266,VIIRS,61,63.18,2.66,1.91
2017,1,2.204407295583257,28.859520981023397,MODIS,97,90.72,3.32,2.13
2017,1,1.5663220608909354,28.27757661863909,MODIS,70,5.67,2.56,0.93
2017,1,1.2986854967550885,29.162091082824347,VIIRS,97,134.55,4.96,2.91
2017,1,1.0644404871862858,29.170423525834202,MODIS,93,7.77,4.41,2.71
2017,1,1.7666162039540234,29.16158200883863,VIIRS,73,11.97,4.96,1.87
2017,1,1.792272914361198,28.33382005997221,VIIRS,75,111.96,3.71,1.43
2017,1,1.3887611986978803,28.796564307624216,MODIS,90,79.49,4.99,1.22
2017,1,1.6270745091916425,28.716144821348863,VIIRS,62,71.25,2.86,0.95
2017,1,1.9716084651159833,28.102900520989174,MODIS,80,27.85,4.78,1.01
2017,1,2.318768859903407,28.66005536097305,MODIS,83,120.47,2.82,1.63
2017,1,1.7172351241515198,29.10941225331058,VIIRS,81,28.97,1.02,0.38
2017,1,1.0531319531372847,28.211404812303407,MODIS,70,31.94,5.64,2.23
2017,1,1.3203728582777237,29.054045306821955,VIIRS,70,112.7,1.74,1.07
2017,1,1.621754956382091,28.487124133139023,VIIRS,64,47.68,1.32,1.02
2017,1,2.255758803791045,28.32930431898242,MODIS,100,119.82,2.59,0.28
2017,1,2.064812774427245,28.846927989348316,MODIS,68,94.02,4.09,1.98
2017,1,1.1670019440323067,28.728917261470354,MODIS,75,40.56,1.31,0.69
2017,1,1.8458184536264404,28.590867298219095,MODIS,77,71.99,3.09,1.45
2017,1,2.464082147913942,28.26026127743155,VIIRS,65,38.28,4.08,1.13
2017,1,1.4569641642637072,29.061303958116046,MODIS,98,105.98,1.16,0.29
2017,1,1.7984778659283929,28.720202602843464,VIIRS,91,17.28,3.35,1.29
2017,1,1.580619202560748,28.01780718665671,VIIRS,74,110.54,5.54,2.34
2017,1,2.2081131277450554,29.122936218926085,VIIRS,66,105.74,1.77,0.64
2017,1,1.032701738631319,28.79991763502251,MODIS,98,100.92,1.29,0.21
2017,1,2.1094637680639345,28.93873694981639,MODIS,62,104.98,4.5,1.32
2017,1,1.744089583900246,28.55528315993776,VIIRS,75,60.31,3.59,1.68
2017,1,2.143738450230696,28.733023508266662,MODIS,88,120.85,3.84,2.24
2017,1,1.3363289033938384,29.12231870706055,MODIS,100,135.96,1.91,0.77
2017,1,2.000065632173632,28.8908730862492,MODIS,88,136.74,1.41,1.07
2017,1,1.466215118957711,28.919213895328017,VIIRS,60,147.37,1.44,0.19
2017,1,2.2556724169899636,28.966536444538416,VIIRS,74,81.12,1.93,0.79
2017,1,1.9392237909432388,28.57540499237483,MODIS,95,36.12,5.17,2.11
2017,1,1.8273763514153711,28.878145004050825,MODIS,73,79.05,2.27,1.41
2017,1,1.6626108582281791,28.791773281963945,VIIRS,71,125.75,4.97,2.82
2017,1,1.5027164411995682,29.111733296127444,VIIRS,81,42.64,6.0,1.16
2017,1,1.2273407780533632,28.547268681554826,VIIRS,60,144.8,3.97,0.73
2017,1,1.579441863261867,28.642176257934022,VIIRS,75,71.47,5.45,2.21
2017,1,2.206289753061323,28.18639763028548,VIIRS,61,148.9,2.94,1.38
2017,1,1.0843037566919764,28.560073646496868,VIIRS,69,51.37,2.9,0.4
2017,1,1.3934466144990467,28.714837589976298,VIIRS,63,27.64,3.3,1.61
2017,1,1.8820807603541703,28.684015626117436,VIIRS,94,7.1,4.28,2.54
2017,1,1.997027899791903,29.048724436952824,MODIS,91,81.67,3.2,1.76
2017,1,1.1978888939685552,28.363318346823327,MODIS,63,13.56,5.87,0.67
2017,1,2.2109077864925775,28.181716881459913,VIIRS,96,110.49,3.2,1.63
2017,1,1.596988934642734,28.47554235198434,VIIRS,98,69.46,1.7,1.09
2017,1,2.0520571854958587,29.129429560927772,MODIS,69,87.16,6.17,3.1
2017,1,1.0608515200250785,28.716382615664493,VIIRS,75,87.29,3.32,0.76
2017,1,1.9819309612965204,29.025291838680715,VIIRS,79,132.0,5.94,0.88
2017,1,2.02249035202823,28.481983905147104,VIIRS,75,111.35,3.09,2.4
2017,2,1.1967170343384554,29.03379691387682,MODIS,79,13.65,5.89,0.64
2017,2,2.3401502733298534,28.118766312216394,VIIRS,77,95.62,5.25,3.79
2017,2,1.0360340129108114,28.71390293199789,MODIS,69,35.74,2.15,1.66
2017,2,1.865024935302765,28.24638589964571,MODIS,80,13.49,2.5,1.0
2017,2,1.8419360863414553,28.44870733364736,VIIRS,78,18.19,3.04,0.5
2017,2,1.1987672482029523,28.485642444418378,MODIS,91,85.15,4.57,2.42
2017,2,1.52858638052879,28.935728551535732,MODIS,95,123.73,3.58,1.25
2017,2,1.9576375993600326,28.231301449699803,VIIRS,88,131.0,5.06,2.3
2017,2,2.3284969810709946,28.466167265478802,VIIRS,94,98.59,4.2,0.83
2017,2,1.2346896054306011,28.093837791277476,VIIRS,81,113.89,6.16,4.81
2017,2,2.1488607938591047,28.019092339237332,MODIS,64,140.38,4.16,2.83
2017,2,1.8230592421668277,28.28571108411358,MODIS,61,101.63,3.69,1.82
2017,2,1.858432854957164,28.625290382769645,MODIS,95,43.37,4.69,2.82
2017,2,1.2866283750975445,29.173185559049,MODIS,92,38.38,3.12,2.07
2017,2,1.7461989365321604,29.013910645336843,VIIRS,91,133.39,1.64,0.44
2017,2,1.0287108109861773,28.31838660522972,VIIRS,93,13.51,4.01,2.93
2017,2,1.5854976197656943,28.238909479900418,MODIS,75,94.2,3.06,0.81
2017,2,1.1927849861172126,28.584824561656355,VIIRS,97,87.53,3.54,2.01
2017,2,2.0520771452794326,28.55650694673897,VIIRS,78,105.74,2.15,1.08
2017,2,1.1257571572843543,28.350294474440364,VIIRS,85,80.58,4.38,0.96
2017,2,1.5771287249819754,28.669999930733756,MODIS,64,52.64,3.29,1.81
2017,2,2.381685618745703,28.732024600006714,VIIRS,68,101.06,3.43,1.69
2017,2,2.162278787718681,28.087552036224537,MODIS,88,101.47,1.46,0.73
2017,2,1.800727707938187,28.083654642814015,MODIS,63,23.91,1.39,1.05
2017,2,1.0002853657411506,28.469956220843084,MODIS,79,121.13,3.32,2.57
2017,2,1.7646095270036044,29.05148121845076,MODIS,97,59.37,3.52,2.48
2017,2,1.9103827759507008,28.54732389874277,VIIRS,78,94.05,1.8,1.02
2017,2,1.8010758561209663,28.27516230504696,VIIRS,81,101.08,5.34,2.7
2017,2,1.1628413503707684,28.780356898648137,MODIS,90,14.34,5.2,1.48
2017,2,1.572214234869368,28.859485061082655,VIIRS,100,70.62,3.64,1.78
2017,3,1.6898455782827546,28.9719064443682,VIIRS,76,37.45,3.2,2.07
2017,3,2.183428952590794,28.5487082171895,MODIS,92,74.65,5.2,2.85
2017,3,2.1508353294130287,28.39505588974112,MODIS,98,89.72,6.08,2.89
2017,3,1.0266373145356695,28.925161262695394,MODIS,95,94.0,3.66,1.92
2017,3,1.837383410178861,28.830464441436465,MODIS,90,115.12,1.91,0.86
2017,3,2.051219250283083,28.778202631067995,MODIS,93,14.05,5.7,3.84
2017,3,1.761798588118907,28.329440540469555,VIIRS,67,40.88,1.57,0.45
2017,3,1.3988211560943982,28.08620352473169,VIIRS,62,113.46,5.4,1.54
2017,3,1.098356199552692,29.182572176475475,VIIRS,91,147.27,3.74,0.6
2017,3,1.5366629089788626,28.457933228796314,MODIS,72,5.26,5.69,0.72
2017,3,1.629655194194091,28.992925597361126,MODIS,98,105.08,4.81,3.84
2017,3,1.8722522978635354,28.18769296969933,MODIS,100,26.6,1.12,0.22
2017,3,1.2075607827266435,29.135018366800995,VIIRS,64,22.44,5.89,3.69
2017,3,1.2983493469145755,29.084756251438847,MODIS,83,37.98,4.72,1.25
2017,3,1.442959662717944,28.788986408839804,VIIRS,91,148.19,4.99,0.59
2017,3,1.8414306831582512,28.384051530650737,VIIRS,85,21.85,3.23,0.72
2017,3,2.104470562072464,29.105851102573528,MODIS,91,136.94,2.0,0.44
2017,3,1.2160655560884415,28.965718177918667,VIIRS,83,143.9,2.17,0.63
2017,3,1.5703904567953266,28.195866213890614,VIIRS,100,112.94,3.78,2.42
2017,3,1.0670696028902003,28.862610404207214,VIIRS,70,32.55,3.53,1.96
2017,4,1.0464079208414045,28.455954670178855,MODIS,70,22.76,5.93,2.97
2017,4,1.0409616379759932,28.177903792453947,MODIS,77,60.59,5.59,2.79
2017,4,1.6513193457639763,28.659152753979672,VIIRS,97,107.76,5.06,1.29
2017,4,1.0062441821585821,28.555757310804978,VIIRS,70,119.81,4.05,2.98
2017,4,1.993005660807266,29.078338281912824,MODIS,90,85.13,1.63,0.63
2017,4,1.6072140175379885,28.82105305912897,MODIS,63,39.34,3.08,0.92
2017,4,2.3647471196967533,28.503059199796194,VIIRS,93,84.66,5.08,2.43
2017,4,1.240343997376078,28.08081795206743,VIIRS,77,48.53,3.86,3.02
2017,4,1.2079134122756547,29.118373162400367,MODIS,62,108.53,5.55,2.99
2017,4,2.497391357429896,28.943312131165428,MODIS,66,63.22,4.71,2.69
2017,4,2.172238519397523,28.69480584574777,MODIS,81,43.87,5.76,3.36
2017,4,1.5648373196467622,28.111569213076724,MODIS,92,21.33,2.09,1.38
2017,5,2.2812291432360423,28.62243573443341,MODIS,70,114.37,5.51,3.5
2017,5,1.244804236585047,28.461387405828567,VIIRS,97,77.71,5.6,3.91
2017,5,1.7294623359919659,28.594186756684405,VIIRS,99,8.67,2.52,0.36
2017,5,1.1036895680432786,28.220150765448192,MODIS,87,111.78,5.86,4.31
2017,5,2.3664427110215613,28.041514891046333,VIIRS,97,135.85,1.36,1.06
2017,5,1.7804147517882378,28.093277310237234,MODIS,85,105.12,4.87,3.09
2017,5,2.4111058348488816,28.461976137070156,VIIRS,84,136.04,5.87,4.17
2017,5,1.3891479496032906,29.071553691945585,VIIRS,79,59.41,4.89,1.71
2017,5,1.4735017521299196,28.174402184787066,VIIRS,85,146.77,1.15,0.83
2017,5,1.6112252873675308,28.820897800896265,MODIS,72,33.21,2.7,0.53
2017,6,1.0827000217650906,28.80133867416723,MODIS,68,130.46,5.27,0.68
2017,6,2.220555251687502,28.3460553260562,VIIRS,82,120.26,1.51,0.16
2017,6,2.2355580089040394,28.54415155530772,MODIS,100,53.23,4.69,2.8
2017,6,1.616326891231242,28.869041484074117,VIIRS,97,8.74,1.59,1.24
2017,6,1.5336392672680426,28.880487698141955,VIIRS,95,147.03,1.62,1.09
2017,6,2.0978126329275977,28.00925723056836,VIIRS,84,86.33,5.98,1.41
2017,6,1.4393925009283435,28.090611541508906,VIIRS,62,33.9,2.79,1.75
2017,6,2.1860061510400524,28.93873792209181,VIIRS,94,44.57,2.44,0.45
2017,6,1.4081377445805547,28.74394678490317,VIIRS,61,20.04,4.9,1.86
2017,6,1.6078304649143413,28.694067970041004,MODIS,94,31.18,1.18,0.25
2017,6,1.8171058153429263,28.6835824041703,MODIS,64,50.55,5.66,3.17
2017,6,2.3626929235937637,28.085466990793904,VIIRS,84,10.44,2.14,0.92
2017,6,1.5195038212811154,28.51443844341618,VIIRS,98,16.38,3.68,2.11
2017,6,2.2374639777008265,29.16291100078383,VIIRS,77,144.11,6.12,1.08
2017,6,1.7651891514850053,28.381137978262366,MODIS,79,143.01,4.78,1.75
2017,6,2.496277106408036,28.432297866951725,VIIRS,73,19.77,3.75,1.6
2017,6,1.393895398743762,29.037041017644945,VIIRS,66,120.37,5.06,3.34
2017,6,2.282373217450641,28.450678822144532,MODIS,85,66.26,4.11,1.79
2017,6,1.0860814406695163,28.675649366891257,MODIS,98,82.71,5.06,1.49
2017,7,1.9320287519082942,28.2355989573238,MODIS,65,61.77,5.87,3.93
2017,7,1.8418810038597144,28.996031417612652,VIIRS,77,108.41,5.85,2.9
2017,7,1.2288944894673306,28.147913851116396,MODIS,93,53.85,3.17,1.14
2017,7,2.3406768219465697,28.2366911734413,MODIS,69,67.14,5.26,0.93
2017,7,1.7565312602441974,28.852101932275197,VIIRS,68,115.25,1.22,0.66
2017,7,2.4807851425497236,28.946748680607193,MODIS,69,129.51,5.41,2.28
2017,7,2.4350119154385172,29.096203534651863,VIIRS,76,48.23,3.01,1.52
2017,7,1.8397176883128836,28.531485116095162,MODIS,63,135.6,4.6,3.07
2017,7,2.2483903766023516,28.07555081257468,VIIRS,89,83.49,3.22,1.35
2017,7,2.4360951001048265,28.977014584577976,VIIRS,77,15.7,3.67,0.41
2017,7,1.8093085905441284,29.089409565849166,MODIS,86,96.09,1.63,0.74
2017,7,1.6782490719527037,28.783893136982247,MODIS,69,98.19,2.21,1.67
2017,7,1.1621843403230154,28.367653821362406,VIIRS,69,91.28,2.77,0.89
2017,8,1.1829799597217554,28.56961384263722,MODIS,79,108.24,1.24,0.39
2017,8,1.1300193752038825,28.25627375162757,MODIS,66,128.25,2.8,0.38
2017,8,1.112981302788742,28.24438979116799,MODIS,87,35.06,5.0,1.42
2017,8,1.831135358476406,28.902661479735116,MODIS,89,127.3,2.31,0.63
2017,8,1.9067719726422645,28.06956730434268,VIIRS,93,113.52,1.12,0.67
2017,8,2.0424168937614273,28.101592605314263,VIIRS,68,49.23,5.9,3.56
2017,8,1.726192745110929,28.67374593293551,MODIS,82,95.07,1.82,1.06
2017,8,2.299058585712449,28.48194689516566,VIIRS,84,18.23,3.76,1.72
2017,8,2.4214385119883297,28.71615853283826,MODIS,60,51.84,4.32,1.62
2017,8,2.1604622230310975,28.603154223989254,MODIS,87,98.72,2.0,0.69
2017,8,1.2949413552656917,28.63089601734715,VIIRS,81,22.27,2.8,0.67
2017,8,1.9360533725751932,28.163584188018415,MODIS,77,66.11,2.78,1.72
2017,8,1.0925140419283488,29.152458475736225,VIIRS,94,45.66,3.16,2.04
2017,9,2.155004637568188,28.915674455425485,MODIS,91,83.95,1.81,1.13
2017,9,1.2628255771469403,28.048015551965758,VIIRS,61,43.42,1.79,0.64
2017,9,1.2350530315134725,28.920055428064945,VIIRS,72,80.54,3.87,1.34
2017,9,1.6203798216204484,28.416813179320705,MODIS,85,78.85,3.96,2.93
2017,9,1.2112243020783928,28.92549121071053,MODIS,97,42.12,5.04,1.34
2017,9,2.295292152093115,29.153334932627534,MODIS,85,48.19,3.77,1.93
2017,9,2.3206133681016397,28.089232259373514,VIIRS,64,70.12,2.99,1.81
2017,9,1.8590850835346373,28.56275761332687,MODIS,85,29.63,1.78,0.55
2017,9,2.135263545974375,29.172488449380342,VIIRS,95,57.82,5.88,4.33
2017,9,2.3152024004767062,28.438179512741982,MODIS,96,77.31,2.37,1.26
2017,9,1.6508223128431614,28.63138850061797,VIIRS,69,99.9,2.19,0.81
2017,9,2.465888922892191,29.012218803972548,MODIS,79,36.08,2.28,1.5
2017,9,2.1189749287831834,28.08540018823855,MODIS,88,109.39,1.4,0.79
2017,9,1.6468169319437038,28.28371412794647,MODIS,97,45.09,4.11,2.45
2017,9,1.580221020502526,28.9362898606921,MODIS,98,143.66,1.18,0.21
2017,9,1.775053855462986,28.714738851347555,MODIS,94,93.95,4.66,0.82
2017,9,1.1996478769847017,29.108358364407906,VIIRS,77,84.06,4.17,2.02
2017,10,1.3466119517311097,28.310073714496966,MODIS,81,17.27,2.81,0.3
2017,10,2.222155678423036,28.20243943446481,MODIS,66,142.39,2.1,0.86
2017,10,1.0748327286799988,28.76123723145078,MODIS,82,58.85,2.76,1.0
2017,10,1.8376336954700854,28.108196134228425,VIIRS,68,70.42,1.26,0.17
2017,10,2.146276560704121,28.228908422037392,VIIRS,74,68.8,2.3,0.71
2017,10,1.9274804293437169,28.172650745418604,VIIRS,80,144.71,1.19,0.34
2017,11,2.157201403998931,28.41249616922878,MODIS,63,93.82,1.76,1.32
2017,11,2.2758821159993685,28.652525456844728,MODIS,75,122.45,2.67,1.78
2017,11,2.3775201994474577,28.446853229878013,MODIS,94,109.47,4.47,3.28
2017,11,2.4236627460584073,28.622767313628778,MODIS,65,97.15,3.98,2.79
2017,11,2.3828349364166934,28.893255325379005,VIIRS,75,78.78,2.14,0.68
2017,11,2.363838406114049,28.474187327398496,VIIRS,61,113.58,2.87,0.64
2017,11,1.615721623275477,28.783382371107212,VIIRS,90,96.95,5.21,1.38
2017,11,2.34662695350053,28.358540424859907,MODIS,66,89.97,5.73,3.67
2017,11,1.5635565848024762,28.313425158636704,VIIRS,67,96.7,4.79,2.78
2017,11,1.4693302464886198,28.25929030622194,MODIS,98,35.0,1.13,0.68
2017,12,1.5783434153827494,28.038063067305423,VIIRS,62,6.42,2.05,1.3
2017,12,2.1188432275972406,28.1589666283334,VIIRS,65,106.24,2.13,0.71
2017,12,1.982730078104495,28.567047740878664,VIIRS,78,86.58,3.06,1.68
2017,12,1.303189721991697,28.940052325636234,MODIS,99,145.6,4.26,2.23
2017,12,1.2987739327503518,28.261762886747366,VIIRS,69,56.55,5.98,3.08
2017,12,1.1400816705987304,28.157800265562965,VIIRS,64,99.88,5.88,2.85
2017,12,2.0089324054908166,28.931765831862894,MODIS,82,106.09,2.48,0.81
2017,12,1.9450151520563332,28.96136565185868,VIIRS,77,72.72,3.96,0.45
2017,12,1.2925575983685305,28.539570489007346,VIIRS,77,128.34,3.23,0.75
2017,12,1.7361929208340845,28.722022299075515,VIIRS,69,132.8,5.22,1.43
2017,12,2.356618617495428,28.98670655187062,VIIRS,82,96.64,2.83,1.02
2017,12,1.993064131079396,29.11457045683055,MODIS,90,70.89,5.77,1.58
2017,12,1.1875346469100845,28.618963122505452,MODIS,70,141.2,2.8,2.09
2017,12,2.0354463412831683,28.21859261788627,MODIS,79,99.22,1.11,0.51
2017,12,1.0335022334993313,28.559227366131626,VIIRS,65,24.3,4.1,0.8
2017,12,1.6236438854557327,28.747902188568467,MODIS,79,130.99,4.54,1.45
2017,12,1.1160783464704438,28.10840925861071,MODIS,80,135.39,3.6,1.2
2017,12,1.5784932783928811,29.01441205123565,MODIS,82,138.28,4.74,3.64
2017,12,2.179383933579901,28.876221677606562,MODIS,92,80.79,2.46,1.6
2017,12,1.111727103618751,28.345503522798488,VIIRS,80,127.54,3.26,1.26
2017,12,1.302900286603534,29.19688374173559,VIIRS,81,127.79,1.82,0.74
2017,12,1.7478533891304109,28.68197605530447,MODIS,68,95.44,6.22,0.83
2017,12,1.3804742616286372,28.681488495488896,VIIRS,80,134.5,3.46,2.47
2017,12,1.4918225349540912,28.281582648692332,MODIS,66,86.97,6.14,0.78
2017,12,1.0119067577325027,28.534050231147816,MODIS,64,66.93,2.36,0.29
2017,12,2.147190231495072,28.820414393609607,VIIRS,60,45.49,2.38,0.77
2017,12,2.302466076429221,28.12001799464146,VIIRS,72,31.85,5.02,3.97
2017,12,1.893501201316656,28.450423515561813,MODIS,62,75.27,4.3,2.31
2017,12,1.4426533764707585,28.02650202109628,MODIS,89,95.01,4.18,1.69
2017,12,1.953741679611517,28.216492933028988,MODIS,88,41.48,5.03,3.95
2017,12,2.03646131519615,28.751164354708457,MODIS,75,67.58,3.19,1.45
2017,12,1.177677857367208,28.881590810883544,VIIRS,67,103.84,2.16,1.47
2017,12,1.7755508960520616,28.460015313237452,VIIRS,90,52.12,4.76,2.05
2017,12,2.4231228156349878,28.08857418672892,MODIS,99,93.49,4.32,1.31
2017,12,1.3645945500414973,28.626567589004633,MODIS,98,73.67,1.73,1.22
2017,12,1.3274838689037827,28.604670213732074,VIIRS,63,12.2,5.85,1.67
2017,12,2.035182007058764,28.567216241043077,MODIS,78,115.87,3.47,1.55
2017,12,2.479685867752579,28.901399164642765,VIIRS,73,85.27,5.25,3.57
2017,12,1.9542165235360192,28.49289981523321,MODIS,76,93.22,3.69,2.18
2017,12,1.6747779886687604,28.092365590946976,MODIS,100,128.92,5.75,3.54
2017,12,1.4680156630877061,28.3188771441604,VIIRS,63,118.63,1.59,0.29
2017,12,1.4272329793604,29.19528520037592,VIIRS,61,39.97,1.26,0.95
2017,12,1.172556119699423,29.10629246909755,VIIRS,87,9.98,4.33,0.46
2017,12,1.3098054094313238,29.17616392962516,MODIS,94,95.88,3.2,0.67
2017,12,1.8569000346466826,28.63194902917245,VIIRS,77,89.07,5.86,3.72
2017,12,2.1269576779679262,28.216462530758214,MODIS,64,148.17,5.24,2.28
2017,12,1.3552257249005653,28.02042076690129,MODIS,90,65.8,2.64,1.62
2017,12,1.7051488382820736,28.110417148694395,MODIS,93,8.86,5.88,1.05
2017,12,2.057826319300957,28.767187965820675,VIIRS,82,29.1,4.55,2.05
2017,12,2.497547147209266,28.369516545911562,MODIS,73,105.76,2.87,0.51
2017,12,2.2995774132429263,28.41863807952941,VIIRS,83,63.03,5.54,3.96
2017,12,1.7126019780076756,28.15136973651869,MODIS,94,51.34,5.23,3.85
2017,12,1.4512317807061956,28.17819634702369,VIIRS,92,72.04,3.94,2.96
2017,12,1.7227092127679793,28.824683260016645,MODIS,60,84.35,1.82,1.01
2017,12,1.7047158767787596,28.060535027970857,VIIRS,73,112.71,5.42,2.19
2018,1,1.6849606263020271,28.649880773782744,MODIS,78,43.71,4.18,1.56
2018,1,1.479706099743631,29.0946595237831,VIIRS,65,24.01,4.02,0.79
2018,1,2.3535063719712985,29.040456822624392,VIIRS,96,7.19,3.57,2.68
2018,1,1.581414277731798,28.150336919780745,MODIS,71,29.91,1.89,1.23
2018,1,1.7068551104836327,29.139832227775965,MODIS,84,81.66,2.57,1.6
2018,1,1.9737222551741975,28.87489617142408,MODIS,91,117.4,3.55,2.34
2018,1,1.0965371235927615,29.062032571250423,MODIS,68,14.59,2.38,1.58
2018,1,2.461621461692068,28.523445884870853,MODIS,72,25.44,1.57,0.21
2018,1,2.087846105395598,28.68492420689829,MODIS,74,28.72,3.35,2.11
2018,1,1.0271530634870853,29.019167243830612,VIIRS,95,104.71,4.22,3.0
2018,1,1.758957520761048,29.113201632668545,MODIS,64,68.26,3.13,2.47
2018,1,1.3073038522566773,28.683014009007657,VIIRS,90,41.8,4.2,2.99
2018,1,1.6668922220373514,28.726873718291642,VIIRS,89,82.73,2.27,1.76
2018,1,2.316022878737404,28.444077841733012,VIIRS,100,108.53,3.7,0.54
2018,1,1.6019709976950154,28.643861552250225,VIIRS,80,24.03,4.2,2.14
2018,1,1.6148147032801952,28.859408322821675,MODIS,70,34.91,3.11,1.29
2018,1,1.3225412399419796,28.585965771890155,VIIRS,65,100.55,2.85,1.95
2018,1,2.2496257886313704,28.910577674727893,MODIS,66,113.96,1.22,0.3
2018,1,2.2625630602441165,28.76638322552416,MODIS,87,109.8,5.51,4.12
2018,1,1.0085996435066573,28.592497996712684,VIIRS,61,55.12,5.19,2.0
2018,1,1.318019152487063,28.855047949469856,MODIS,71,92.9,6.09,1.07
2018,1,1.3625896920880598,28.971407324763994,VIIRS,97,71.55,3.12,1.94
2018,1,1.6484581216048675,28.19767831963609,VIIRS,98,96.14,1.33,0.52
2018,1,1.9142750651085028,28.62904265519297,MODIS,68,137.27,3.63,1.68
2018,1,1.605696152930769,28.750068097939888,VIIRS,73,72.91,6.17,4.34
2018,1,2.47743604426834,29.103881286993847,MODIS,69,107.64,4.72,1.13
2018,1,1.1571616956833977,28.746688528463395,VIIRS,65,109.98,3.75,2.34
2018,1,1.6456122679708143,28.752097911341238,VIIRS,91,11.78,5.77,1.96
2018,1,1.2940289792908197,28.127683134433507,VIIRS,80,50.04,1.34,0.55
2018,1,1.6513330781234883,29.11931055053026,VIIRS,75,32.77,5.18,3.85
2018,1,1.023516897679038,28.79476132799253,MODIS,74,120.94,1.7,0.83
2018,1,1.0431010725475396,28.178099945877204,MODIS,65,47.03,2.82,1.71
2018,1,1.1674699476348873,28.137016248329633,MODIS,73,85.39,1.74,0.89
2018,1,1.8276415195378521,28.54076261438657,VIIRS,66,28.76,4.73,3.2
2018,1,2.1559171598061186,28.61886205369472,MODIS,80,43.1,1.39,0.21
2018,1,1.5191696948026212,28.858318010135783,VIIRS,61,58.16,6.06,0.8
2018,1,2.0118496225370626,28.68367730217407,VIIRS,64,47.14,2.56,0.37
2018,1,1.4377825455117632,28.35074337297649,MODIS,98,97.73,4.29,2.73
2018,1,1.934031587921993,28.30809988944075,MODIS,85,145.69,1.5,0.29
2018,1,1.5011529571037754,28.318071676708293,VIIRS,81,104.8,3.7,1.25
2018,1,2.4493220963199915,28.71477428446501,VIIRS,84,25.13,4.48,0.48
2018,1,1.6140081382684326,28.654778523525188,VIIRS,87,44.74,3.9,2.44
2018,1,1.5356422302685042,28.798307090883295,MODIS,61,88.36,3.25,0.64
2018,1,2.0630980271250605,28.839641930711373,VIIRS,83,116.88,2.72,1.79
2018,1,1.0793739688033093,29.17889226774314,VIIRS,96,127.84,2.78,1.51
2018,1,1.8890448378984648,28.586657544356402,VIIRS,92,7.44,4.33,1.58
2018,1,2.0312640518528426,28.872305994362158,MODIS,89,26.36,5.46,2.65
2018,1,1.8701000487499204,28.395508453037802,MODIS,78,42.84,2.62,0.6
2018,1,2.140912629827943,29.018651583671552,MODIS,100,124.48,3.79,2.54
2018,1,1.1170255665288034,29.093650749602507,VIIRS,78,88.12,2.45,1.47
2018,1,1.085813829182348,29.112838079915875,VIIRS,93,97.16,2.04,1.01
2018,1,1.0005729281953029,29.107079052476514,MODIS,97,107.24,1.83,1.39
2018,1,1.7913620978768163,28.236402771447356,VIIRS,74,112.04,4.48,1.55
2018,1,1.168954681583179,28.974225623485843,MODIS,63,139.46,6.23,1.72
2018,1,1.4393968116694493,28.36960726106909,VIIRS,88,96.08,5.26,3.31
2018,1,1.4741140621958353,28.351805125078798,MODIS,80,92.74,3.78,2.69
2018,1,1.481710948872471,28.347898655847963,VIIRS,68,30.92,1.76,1.19
2018,1,1.3937105354396098,28.460559129904812,VIIRS,63,39.33,4.6,2.16
2018,1,1.5023058125786122,29.121017107909648,MODIS,90,40.79,1.71,1.01
2018,1,1.3121340991120198,28.205102275422984,VIIRS,88,60.87,2.61,0.64
2018,1,2.3173775790012217,28.00458665377089,MODIS,89,122.77,2.27,0.81
2018,1,2.407951020415047,28.520567124910674,MODIS,85,33.54,5.14,0.78
2018,1,1.3125992325226312,28.33633510020876,VIIRS,88,102.2,5.99,4.01
2018,1,1.9815554753703903,28.786753565978174,MODIS,93,12.83,2.85,0.56
2018,1,1.5149748056164443,29.171961404019605,VIIRS,62,58.55,3.64,1.1
2018,1,2.161132710879028,28.849275228451184,VIIRS,87,38.21,4.6,1.39
2018,1,2.4686726604471056,29.114927852613484,VIIRS,100,28.5,3.73,2.86
2018,1,1.5164695881580543,28.604652544590106,VIIRS,91,34.41,5.3,2.66
2018,1,1.8320719460419481,29.076825457660888,MODIS,97,78.46,5.22,3.49
2018,1,1.4499073616746219,28.263746489936445,MODIS,65,18.5,1.57,0.27
2018,1,1.4911521005679567,28.945583650625384,VIIRS,66,68.11,2.65,1.41
2018,1,1.6503322908269777,28.197722453064348,MODIS,66,58.5,3.82,2.27
2018,1,1.1531041173073544,28.087777516616313,MODIS,72,86.57,5.63,3.94
2018,1,1.1083422458136445,29.011233502446878,VIIRS,94,76.78,6.16,2.27
2018,1,1.4504278392393846,28.721959128436495,VIIRS,85,140.35,1.33,1.01
2018,1,1.7964010553539884,28.3989299141107,MODIS,84,97.3,3.05,1.78
2018,1,2.404267829223568,29.048016842650256,MODIS,84,10.77,1.97,0.89
2018,1,2.1936025682344633,28.089615286464152,VIIRS,85,138.58,3.38,1.27
2018,1,2.4294010457739965,29.048353340964514,VIIRS,65,45.92,6.23,2.21
2018,1,1.8142098419341042,29.02960759020526,VIIRS,72,61.38,4.11,1.58
2018,1,1.8061395982648687,28.732580229253696,VIIRS,74,89.74,2.78,0.41
2018,1,1.6005597162458673,28.48364473750719,MODIS,91,54.04,3.69,1.53
2018,1,1.019706171308603,28.649987046049826,VIIRS,75,69.2,2.79,1.04
2018,1,1.9787160498277643,28.82768366514096,MODIS,82,132.68,3.91,2.97
2018,1,1.1680648857514129,29.196298440621543,VIIRS,95,148.33,2.3,0.39
2018,1,2.1525424512666227,29.120380781399543,VIIRS,63,56.44,6.01,1.02
2018,1,2.322826970290618,28.855166973326835,MODIS,63,24.26,4.22,0.74
2018,1,1.50898577662191,28.148660725256956,VIIRS,91,37.08,5.62,2.47
2018,1,1.5726240233236377,28.933569797253718,VIIRS,73,131.6,3.93,2.34
2018,1,1.2071990529469228,28.1403890643406,MODIS,73,15.63,5.38,3.77
2018,2,1.910089032857396,29.048394426619975,VIIRS,78,37.23,4.52,1.79
2018,2,1.0619563552946722,29.050637700103017,MODIS,89,103.01,3.12,1.98
2018,2,2.451827448870455,28.749867993840493,VIIRS,96,144.53,2.48,0.6
2018,2,1.0584919485490065,28.767473095657394,MODIS,71,141.48,5.94,3.3
2018,2,2.1489012700769656,28.99064404935506,MODIS,96,144.42,5.75,2.98
2018,2,2.1719136075560104,28.646736034617795,VIIRS,96,34.68,2.28,1.46
2018,2,1.7724230602967785,28.870223385925375,MODIS,63,79.64,5.63,1.55
2018,2,2.208142376017789,28.94352041570712,VIIRS,67,130.95,1.79,0.28
2018,2,1.0353311271659447,28.107584202529715,MODIS,86,107.31,4.32,3.04
2018,2,1.4169884844298872,29.024913484921054,VIIRS,87,28.72,1.16,0.15
2018,2,1.5332129664288099,28.944203267201033,VIIRS,88,32.16,4.94,3.63
2018,2,2.1796719728723537,28.282998388057926,MODIS,77,119.62,5.94,1.08
2018,2,1.5887105050951718,28.480513888499665,MODIS,79,35.85,3.0,1.75
2018,2,2.081799211508505,28.434947000478086,MODIS,78,42.12,2.42,1.34
2018,2,1.7231004517008839,28.907120589558673,VIIRS,94,122.28,3.0,1.07
2018,2,1.8505521473282216,28.021003093408137,VIIRS,79,40.51,5.21,2.78
2018,2,1.398068477416421,28.68875300595507,MODIS,85,25.7,3.44,1.77
2018,2,2.3959502343214054,28.49573085027422,MODIS,70,46.81,3.24,2.31
2018,2,1.454484213082944,29.059384325728427,MODIS,77,113.77,4.44,0.49
2018,2,1.6339059429103706,28.260002332939244,VIIRS,95,144.61,5.76,1.22
2018,2,1.667675707844847,28.95342148179733,MODIS,66,7.85,4.57,2.08
2018,2,1.7170853870160299,28.665792687479275,VIIRS,87,80.91,4.09,0.69
2018,2,1.8435322438188262,28.760805881405457,MODIS,90,100.84,3.99,0.51
2018,2,2.0360109506772717,28.632373874504765,MODIS,95,6.23,5.06,2.62
2018,2,1.9971587169494494,29.15129333066541,VIIRS,80,143.1,6.25,1.86
2018,2,2.3056004660718354,29.031737464641463,MODIS,65,130.47,1.27,1.01
2018,2,1.9204411851851981,28.61447999638975,MODIS,98,32.7,4.54,2.55
2018,2,1.5569356065981708,28.01549015707229,MODIS,61,23.71,1.06,0.32
2018,2,1.864469619057559,28.974913522968954,MODIS,82,144.86,3.69,1.49
2018,2,2.2021883209390136,29.074263530276184,MODIS,92,113.26,3.89,2.94
2018,2,2.4477347677101684,28.08876737031544,MODIS,97,30.35,5.64,3.87
2018,2,1.1938738573350327,28.046813185672,MODIS,89,22.32,4.96,2.85
2018,2,2.118343219023248,28.48475731035651,VIIRS,95,63.92,4.96,2.41
2018,2,1.9364888086832115,29.124233928115753,MODIS,95,76.26,1.86,1.42
2018,2,1.946193317849358,28.43029211247758,MODIS,91,28.46,3.25,0.92
2018,2,1.662034499192096,28.97528253372248,MODIS,71,74.54,3.45,2.68
2018,2,1.867473960337296,28.183109110491927,VIIRS,60,19.84,1.44,0.64
2018,2,1.40680512780054,28.637135975000664,VIIRS,65,41.46,2.39,0.29
2018,2,2.123970352147136,29.014485902354732,VIIRS,60,139.8,3.18,1.59
2018,2,2.1804265594482275,28.886613199118443,MODIS,66,19.99,5.45,1.47
2018,2,1.6771698216638733,28.615115290642017,VIIRS,71,69.9,2.18,1.66
2018,2,1.3251277908653372,28.97847285887252,VIIRS,63,122.16,1.02,0.3
2018,2,1.6764995038865453,28.322283667057366,MODIS,61,100.92,4.6,3.06
2018,2,2.4831289139974766,29.148236520341648,VIIRS,91,44.11,2.61,0.32
2018,2,1.6550039314455987,28.670659124499117,VIIRS,78,135.38,5.8,1.3
2018,2,1.460007483400131,28.23985373905804,VIIRS,69,92.07,3.65,1.64
2018,2,1.4384938775637637,28.867762107038793,MODIS,67,143.32,3.57,0.84
2018,2,2.474826242405437,28.909595186453785,VIIRS,82,36.42,3.2,1.76
2018,2,1.6047022479465598,28.210862351408107,VIIRS,71,42.29,5.53,1.7
2018,2,1.3932286165748353,28.85573505479347,MODIS,62,25.12,2.91,0.61
2018,2,1.001739397598358,29.164511608509457,VIIRS,78,131.29,4.75,1.83
2018,2,1.5746559602895918,28.53247181689295,MODIS,85,24.28,1.93,0.84
2018,2,2.407113956612622,28.8855360438724,MODIS,85,48.75,5.44,2.75
2018,2,2.2769583232252923,28.58830667507996,MODIS,86,27.27,1.65,0.71
2018,2,1.92265413011643,29.07811295860887,VIIRS,75,106.67,5.92,1.79
2018,2,2.3411539071844563,28.50005096127579,VIIRS,98,48.3,1.18,0.22
2018,2,1.6331591110672488,29.027445225102575,VIIRS,71,97.99,1.09,0.24
2018,2,1.6051203457374175,28.442381236985458,VIIRS,64,17.49,4.51,1.15
2018,2,1.0069004188574002,28.83416230794399,VIIRS,90,27.49,1.68,0.84
2018,2,1.0809010269078176,28.70538878826984,VIIRS,61,65.48,5.9,4.23
2018,2,1.0722359207861316,29.111005025307445,MODIS,88,67.22,4.73,3.73
2018,2,2.1405124037136543,28.03887611727734,MODIS,80,133.08,1.08,0.15
2018,2,2.455056074810935,29.005444775274768,MODIS,86,135.68,1.48,1.11
2018,2,1.4050803376251437,28.984399068918925,VIIRS,73,73.21,5.2,0.74
2018,2,2.278181414593297,29.11871183078766,MODIS,75,117.52,5.46,1.98
2018,2,2.2912588835884726,29.015590337113444,VIIRS,89,47.2,5.58,0.95
2018,2,1.4748583890722489,28.846022141553657,MODIS,96,28.09,3.93,0.77
2018,2,1.2808314305523902,28.812239767415324,VIIRS,84,45.61,3.44,0.65
2018,2,1.7216664097106913,28.890718413485068,VIIRS,76,49.21,1.17,0.32
2018,2,1.9917968005339688,29.17021303512254,VIIRS,60,138.43,4.26,0.62
2018,2,2.344122382848086,28.746077840480655,VIIRS,97,113.91,1.09,0.35
2018,2,2.326307905939051,28.32051995726966,MODIS,91,88.81,1.46,0.71
2018,2,1.0440848960837603,28.96190839415094,MODIS,94,41.82,5.51,3.81
2018,2,1.3281754035167859,28.74163614830199,MODIS,99,114.57,1.95,0.64
2018,2,1.5216169614801633,28.412558578693687,MODIS,92,88.27,2.57,0.91
2018,3,2.431703882050649,28.147118622168,VIIRS,89,13.78,5.18,1.67
2018,3,2.1305435970444684,28.31564312658586,MODIS,82,24.8,3.07,0.75
2018,3,1.4536345289055297,28.256962735389273,MODIS,72,26.74,4.6,2.01
2018,3,1.0250622122927882,28.166115335722374,VIIRS,77,128.89,1.61,0.2
2018,3,1.8697806255247171,28.542086788031447,MODIS,71,110.95,2.75,1.52
2018,3,2.0515431400099375,28.36497047987089,MODIS,68,88.19,1.86,0.45
2018,3,1.5432806869017424,28.723259397399307,VIIRS,90,70.3,5.36,2.12
2018,3,1.4644369576334229,28.056078723431305,MODIS,83,35.46,1.94,1.35
2018,3,1.678245215459307,28.569805052984226,MODIS,80,139.14,4.46,1.57
2018,3,1.4687183812214095,28.4441679950883,MODIS,87,121.45,1.57,0.3
2018,3,2.192358993705665,28.73962436042823,VIIRS,73,109.76,1.2,0.37
2018,3,2.3132736000860366,28.987414294480423,MODIS,100,77.33,1.89,0.57
2018,3,1.8749757641306406,28.4046250511512,VIIRS,61,100.4,3.37,0.47
2018,3,2.1534958799961217,28.43662594256423,MODIS,97,46.03,4.03,2.7
2018,4,1.363178762639722,29.09268973598642,VIIRS,87,5.75,2.1,1.53
2018,4,1.202551031069346,28.083136223504827,MODIS,87,131.69,3.6,2.29
2018,4,1.6398953330718133,28.654006843715383,VIIRS,98,12.64,1.95,1.53
2018,4,1.318397339552423,28.98773830626479,MODIS,93,12.72,3.42,1.89
2018,4,1.7298800439417166,28.38114653651295,VIIRS,72,57.22,4.81,3.14
2018,4,2.2504216369370824,28.450149803592975,MODIS,98,68.27,2.38,0.5
2018,4,1.5407525835478957,28.11927942792698,VIIRS,71,27.28,5.39,2.1
2018,4,1.0830044848322595,28.419755558928028,MODIS,74,91.31,2.13,0.36
2018,4,1.7502876265937046,28.562719793774413,VIIRS,82,135.62,3.95,1.31
2018,4,1.8967301200341717,28.572351424354146,MODIS,70,101.53,1.11,0.38
2018,5,2.107161383435744,28.033794632864893,MODIS,68,142.22,1.24,0.18
2018,5,1.5642691416923378,29.010273787850824,VIIRS,76,22.71,2.36,1.4
2018,5,1.888532344241648,28.38739329957744,VIIRS,71,34.74,1.08,0.27
2018,5,1.0234961395116242,28.071456889128378,VIIRS,63,86.45,2.99,1.41
2018,5,1.5924913838690127,28.03630176238754,MODIS,63,107.51,3.6,1.06
2018,5,1.1035850593465029,28.257422014542882,VIIRS,68,101.16,4.31,3.01
2018,5,1.8795804312057631,29.100700169712027,VIIRS,74,93.08,1.2,0.51
2018,5,1.1006647655586905,28.056363453018687,MODIS,97,120.39,5.86,1.81
2018,5,1.4231725970174174,28.941671848568827,VIIRS,93,81.38,5.68,3.93
2018,5,2.4630355903480403,28.90278089950407,VIIRS,95,64.37,3.43,2.38
2018,5,1.0833748338142093,28.294333316872507,MODIS,89,126.97,1.82,1.22
2018,5,1.0222292225578822,28.49996885646846,MODIS,85,35.26,5.98,1.49
2018,5,1.7275366535900938,28.04818160674159,VIIRS,66,7.27,3.07,0.96
2018,5,1.4029379043550516,28.791322604840982,MODIS,94,145.65,3.41,2.04
2018,5,1.5888326567592737,28.628630035928506,VIIRS,69,146.54,2.42,0.45
2018,5,1.808395050145163,28.305758451329684,MODIS,68,35.34,3.76,0.76
2018,6,1.2749604606537694,28.24482540745288,MODIS,98,41.63,3.5,1.45
2018,6,1.0671285792235499,28.479562730291146,VIIRS,76,17.04,6.12,3.73
2018,6,2.3667926984331165,28.689251074689356,VIIRS,89,120.9,5.96,4.23
2018,6,1.4542903109091787,28.54038268051758,VIIRS,64,116.69,4.66,1.96
2018,6,2.1004116776277444,29.088163142918972,MODIS,83,69.01,5.28,2.32
2018,6,1.0800037310651922,28.165785852008323,MODIS,68,32.39,1.98,0.72
2018,6,2.370284755855697,29.126427687203968,MODIS,76,111.63,6.23,2.83
2018,6,2.3406851705187375,28.42142418457596,VIIRS,83,40.42,3.48,2.73
2018,7,2.4932081952248186,28.127722621790042,VIIRS,61,108.81,5.03,2.56
2018,7,2.0966738483433685,28.904766528311658,VIIRS,92,24.13,6.14,1.5
2018,7,2.1314693764884263,28.032642879437702,MODIS,95,29.32,4.34,3.13
2018,7,2.101794216328889,28.422714085383962,VIIRS,79,73.19,3.09,0.92
2018,7,1.2908633453643634,28.304930396602717,VIIRS,75,136.62,5.02,2.84
2018,7,2.1762748721304934,29.13154730346681,MODIS,95,67.9,4.53,2.56
2018,7,2.2735877827091757,29.06579631023164,MODIS,94,87.0,1.52,0.33
2018,7,2.450443360094134,29.186181444819084,VIIRS,87,131.2,5.88,2.06
2018,7,1.8154760355792423,28.252771812169264,VIIRS,73,23.71,5.43,1.43
2018,7,2.278637017641434,28.50321143314959,MODIS,83,21.92,6.11,4.24
2018,7,1.2255082641825665,28.674585554953687,VIIRS,91,124.43,3.19,1.14
2018,7,2.1627008614117122,28.350058387309264,MODIS,71,40.52,2.61,0.9
2018,7,1.563737929797171,28.91180559687801,MODIS,100,35.29,5.28,1.34
2018,8,2.181756694223127,29.155470522636534,VIIRS,83,26.7,4.07,2.87
2018,8,2.134421204814704,29.009553654943236,MODIS,76,108.7,6.15,1.21
2018,8,1.728702129694578,28.20157917615882,MODIS,69,44.02,5.04,1.37
2018,8,2.4155035428965013,28.565819257276907,MODIS,78,107.12,4.29,0.92
2018,8,1.9534397239467973,28.24243895122805,VIIRS,77,44.11,5.71,2.7
2018,8,2.4483912556417566,28.29185466069331,MODIS,83,71.22,5.0,1.14
2018,8,1.7060139617750238,28.70327347732124,VIIRS,65,47.1,2.06,0.83
2018,8,2.3346141667915816,28.276319733175697,MODIS,91,28.84,6.19,3.87
2018,8,1.8002227395317565,28.77243292433149,MODIS,98,15.21,1.97,0.49
2018,8,1.0365810795907098,28.059287627488665,MODIS,85,40.94,5.9,1.01
2018,8,1.4085123168806364,28.19128445425027,MODIS,84,140.42,3.32,0.66
2018,8,2.245918427910458,28.076486324323277,MODIS,77,80.61,2.66,0.81
2018,8,1.5468375742354934,28.213573091006477,MODIS,99,148.22,5.83,4.61
2018,8,1.408934089209781,28.67677374194418,VIIRS,67,18.6,2.32,0.88
2018,9,1.055266300630049,28.552732349850046,VIIRS,96,109.89,3.5,0.57
2018,9,1.653762978727502,28.285124052499825,VIIRS,76,48.7,5.12,1.91
2018,9,1.8897837792388668,28.22411291071868,MODIS,89,125.22,3.28,2.38
2018,9,1.0813178623815352,28.23353630431146,VIIRS,89,15.82,4.98,1.81
2018,9,1.7162411891809213,28.347660362771183,MODIS,93,119.03,1.43,0.49
2018,10,2.4315946448151236,28.396031975283684,VIIRS,92,6.71,2.24,1.35
2018,10,1.7874492142205582,28.123382041409428,VIIRS,77,14.7,2.1,1.21
2018,10,2.251635074136333,28.044375497262255,VIIRS,69,32.58,1.87,0.46
2018,10,1.5258296548534553,29.143008538382407,MODIS,67,63.99,3.99,0.72
2018,10,2.2304367820432756,28.241194434901388,VIIRS,76,75.5,5.6,4.43
2018,10,1.8221366017248761,28.51401170444742,VIIRS,73,93.4,3.65,1.3
2018,10,1.6909582993101848,28.079814406880445,VIIRS,71,126.57,5.42,3.59
2018,10,1.4682900750424541,28.708892589215875,MODIS,71,61.73,6.14,2.2
2018,10,2.085218467107583,28.85211774142609,MODIS,60,100.3,2.69,0.48
2018,10,1.9010422292549438,28.231821193476495,MODIS,64,78.88,4.78,2.15
2018,10,1.5508479625471392,28.248062005992892,MODIS,60,124.44,1.81,0.23
2018,10,1.7642306074646255,28.538520393300008,MODIS,92,76.19,3.39,1.54
2018,10,2.344054858309993,28.31870916341435,VIIRS,61,25.56,3.78,2.24
2018,10,1.5792024604170734,28.243316446638246,VIIRS,93,92.05,2.06,1.53
2018,11,1.9360776121689642,28.87590019407855,MODIS,94,43.51,1.84,0.91
2018,11,1.855144717759824,28.264647848940378,VIIRS,61,53.14,1.84,1.05
2018,11,2.186694362965836,28.901375946457122,MODIS,66,14.96,2.03,0.95
2018,11,2.1205049875615867,28.45535484103157,MODIS,73,67.06,5.68,4.13
2018,11,1.0074033829754652,28.24449346805863,MODIS,79,121.45,5.37,1.47
2018,11,2.34651360248981,28.331052673357796,VIIRS,65,77.15,2.04,1.55
2018,11,1.1463310353355292,29.091312243656336,VIIRS,60,71.22,2.05,0.69
2018,11,1.8446201797846087,28.008213589902315,VIIRS,60,59.48,1.62,0.94
2018,12,1.195874529278076,28.86067998730076,MODIS,76,80.26,3.89,1.71
2018,12,1.0072824917675516,28.855976735911952,MODIS,97,94.81,5.42,2.85
2018,12,1.1296504302104098,28.16462540346469,VIIRS,70,64.17,6.09,0.94
2018,12,1.4473372474829331,28.938251125190252,VIIRS,76,31.24,5.17,1.29
2018,12,2.3984939335847693,28.964015274653928,MODIS,83,30.45,1.22,0.47
2018,12,1.1162944858404107,28.913841729401806,VIIRS,70,147.4,2.75,2.02
2018,12,1.4783701558762712,28.06497834917604,VIIRS,98,29.39,2.31,1.32
2018,12,1.1677249685782862,28.792384096651283,VIIRS,81,146.88,5.82,3.36
2018,12,1.1886821982359903,28.888902622100368,MODIS,89,36.13,2.59,1.83
2018,12,1.4715788771076017,28.03977428553849,VIIRS,84,45.16,2.17,1.61
2018,12,1.5626884471463893,28.421916790191847,MODIS,74,99.76,1.97,0.58
2018,12,1.7155295539567272,28.876493898698108,VIIRS,61,7.87,2.98,2.19
2018,12,2.147193801409183,28.714543225795303,MODIS,79,40.26,1.9,1.38
2018,12,1.3407636460778232,28.236299495483593,MODIS,89,8.71,1.1,0.66
2018,12,1.1356128314862808,28.552328079357878,MODIS,74,122.82,4.83,1.11
2018,12,1.3721695039497925,28.625847096508533,VIIRS,91,44.24,3.58,0.77
2018,12,2.3807422981511532,28.817220420041043,VIIRS,70,145.93,3.39,2.25
2018,12,2.134835311200864,28.922643059233685,MODIS,93,33.06,4.88,0.53
2018,12,1.341194326585841,28.575183138386535,VIIRS,78,40.69,6.19,2.2
2018,12,1.3305692691686966,28.442493467584352,VIIRS,62,89.24,3.91,1.41
2018,12,2.292071638418542,28.44233789621716,MODIS,92,117.07,5.22,0.57
2018,12,1.917615170120882,28.226462305712303,VIIRS,60,60.39,6.13,1.93
2018,12,1.1808737440717867,28.059884742714814,VIIRS,79,29.0,3.47,2.09
2018,12,1.922679817523864,28.3260776455781,VIIRS,67,5.28,1.33,0.22
2018,12,2.4177715304911382,29.016014975926534,VIIRS,77,148.46,1.26,0.82
2018,12,2.0598173087857563,28.117175351866308,MODIS,80,67.74,1.77,0.76
2018,12,1.4838025658215928,28.69586777216325,VIIRS,62,129.3,3.01,1.21
2018,12,1.644117345692498,28.890751874241253,MODIS,66,110.87,4.7,3.29
2018,12,1.2192583950407243,28.676903641496086,MODIS,72,116.17,4.1,1.45
2018,12,1.0640126694003311,29.113916163594713,VIIRS,73,80.23,4.78,2.28
2018,12,2.388424948090197,29.093592778098003,MODIS,95,23.78,5.33,2.92
2018,12,1.424147196467241,28.660961031992812,VIIRS,75,95.57,5.08,3.25
2018,12,1.7764182068837935,28.258649168367715,VIIRS,100,35.82,4.9,1.16
2018,12,2.0856291774713616,28.097871126969274,VIIRS,77,53.47,4.34,1.89
2018,12,1.1755931429213144,29.133626788708575,VIIRS,60,34.11,1.16,0.46
2018,12,1.4349741474261755,28.96625290888683,MODIS,98,7.12,2.11,1.45
2018,12,1.6375785927122244,28.09882790994778,MODIS,69,121.53,3.87,2.24
2018,12,1.1701370016994441,28.161759961900025,MODIS,72,138.45,6.22,4.09
2018,12,1.658659144673729,28.287178373853145,MODIS,64,20.01,5.4,2.32
2018,12,1.1085530235595384,28.057359239993968,MODIS,95,80.04,2.86,1.27
2018,12,2.491077298975836,28.38348362565585,VIIRS,64,149.63,2.31,1.59
2018,12,2.1199726636820806,28.164143578755986,VIIRS,80,104.31,3.97,1.26
2018,12,1.7478844572324468,29.044138100622835,MODIS,99,42.61,5.58,3.26
2018,12,1.0586933826600289,28.222635267447785,VIIRS,72,26.82,1.2,0.66
2018,12,2.174692198785951,28.41416356145271,VIIRS,77,147.2,1.18,0.73
2018,12,1.7336321690334766,28.382796175273462,VIIRS,62,111.55,3.44,2.05
2018,12,2.071556109341011,28.40139621725494,MODIS,67,73.99,3.56,2.74
2018,12,2.3195973962669125,29.030469763763094,MODIS,100,99.34,4.45,0.64
2018,12,1.5381373496623636,29.02123607828328,VIIRS,88,132.09,3.4,1.91
2018,12,2.206264400930352,28.583570372926964,MODIS,67,148.5,4.36,1.45
2018,12,2.0573892825804925,28.772914905161414,VIIRS,91,88.57,3.55,0.43
2018,12,1.3425570859386944,28.573554584870386,MODIS,66,61.01,1.88,0.93
2018,12,2.069077072689947,29.173825046677788,MODIS,74,85.37,3.06,2.1
2018,12,1.9244910914715008,29.196462273227265,VIIRS,69,109.16,1.6,0.62
2018,12,2.0129028707371113,28.31542411102666,MODIS,62,111.51,1.36,0.37
2018,12,2.299671707069592,28.77207439817543,MODIS,80,143.31,1.63,0.51
2018,12,2.2427165432999274,28.732566102165453,MODIS,94,25.16,6.15,2.69
2018,12,1.3318210574677838,28.799447470349083,MODIS,100,124.85,3.76,0.75
2018,12,1.1015804474895337,29.123682223807325,VIIRS,92,16.95,4.77,2.06
2018,12,2.1323506859300365,28.515095754250282,MODIS,78,110.1,3.4,0.37
2018,12,2.2640706542394007,28.795242586766197,VIIRS,85,36.33,5.65,1.69
2018,12,2.4945906952051353,28.851849544811632,MODIS,65,24.02,3.07,0.58
2018,12,1.7911830539053697,28.489452466180758,MODIS,83,16.46,5.72,1.76
2018,12,1.3289707650332299,28.208284712369373,MODIS,83,12.08,3.11,1.31
2018,12,1.0046418948961817,28.96037569678383,MODIS,74,81.66,2.15,1.23
2018,12,1.2125760432921442,28.9264276983313,VIIRS,78,129.69,1.71,0.51
2018,12,1.2742291392423093,28.343122954490415,VIIRS,78,24.23,3.88,1.39
2018,12,1.1675906668898346,28.69332524574581,VIIRS,68,125.0,4.45,3.42
2018,12,2.1006355114869257,28.77708133811188,VIIRS,88,92.93,5.55,1.17
2018,12,2.2915853625677496,28.89781446116047,MODIS,67,147.13,3.2,1.14
2018,12,1.1938335464753598,28.297494916589525,MODIS,67,114.3,1.61,0.17
2018,12,2.120450357819549,28.936388154185888,MODIS,86,7.79,1.11,0.41
2018,12,2.355499596426344,28.1846145406502,VIIRS,78,79.28,6.03,2.31
2018,12,2.0759907350799134,28.199688408303814,MODIS,67,99.67,5.12,2.04
2018,12,2.4015875411185363,28.659321823953782,MODIS,78,100.49,2.86,1.8
2018,12,2.301327761520044,28.087531732541585,VIIRS,77,119.04,5.67,3.63
2018,12,1.9185528488344263,28.8353869479451,VIIRS,79,105.49,4.48,3.17
2018,12,2.1086022102818265,28.165308238979936,MODIS,76,130.0,1.04,0.77
2018,12,1.2940579902025573,28.020135852873313,VIIRS,81,95.5,1.0,0.4
2018,12,1.29816755110219,28.474141239317273,MODIS,73,8.29,3.45,1.34
2019,1,2.4433755042285488,28.797086331513306,VIIRS,89,121.91,4.73,1.78
2019,1,1.2646388184203339,28.53917974585069,VIIRS,66,110.43,1.93,1.15
2019,1,1.0877656549264227,28.10320032582008,VIIRS,78,32.95,1.55,0.48
2019,1,1.4418926248085602,29.050588575917466,VIIRS,67,55.63,1.72,0.46
2019,1,1.3243524386932608,28.888163013730836,MODIS,72,98.17,2.62,0.8
2019,1,1.8441053806235976,28.158868181941305,VIIRS,90,138.14,4.16,1.79
2019,1,1.0461189654908611,28.31185323764626,VIIRS,63,141.56,5.69,4.5
2019,1,2.4122090445472697,28.646851260153156,MODIS,75,108.33,2.09,1.42
2019,1,2.272577672993247,28.71017994068028,VIIRS,61,136.99,3.57,2.17
2019,1,1.8739589879109413,28.30495567884012,MODIS,95,59.87,2.44,0.74
2019,1,1.3327931423741344,28.591022220319516,MODIS,71,57.72,2.92,1.08
2019,1,2.4198034321386253,28.539763048051448,MODIS,73,35.95,5.31,3.03
2019,1,2.2993093524295944,28.053126203927082,MODIS,89,7.93,1.02,0.55
2019,1,1.4889785944545928,29.110509759539614,VIIRS,61,115.52,5.12,2.35
2019,1,1.339969843181872,28.739815660708373,MODIS,89,121.11,4.38,2.66
2019,1,1.6032077689751998,28.43305071262706,MODIS,81,71.79,6.2,2.65
2019,1,2.0699096851788,28.52447729379374,MODIS,73,96.83,3.02,1.33
2019,1,1.1113355996773067,28.167094664926584,VIIRS,70,148.42,4.0,3.0
2019,1,1.7487958066743237,29.14073518810519,MODIS,79,139.18,4.3,1.88
2019,1,1.9697293559931754,28.629712482127886,VIIRS,81,118.52,4.32,2.52
2019,1,1.446272443951432,28.309000777050365,VIIRS,88,72.77,6.22,4.82
2019,1,1.858643874688346,28.13584998389511,VIIRS,68,131.99,5.93,3.62
2019,1,1.5673876862902172,28.867236252040406,VIIRS,73,137.66,2.58,1.0
2019,1,1.0864759588642894,29.123682211630086,MODIS,81,70.91,4.89,2.39
2019,1,2.4431202128701406,28.57086011737904,VIIRS,85,110.24,3.64,1.08
2019,1,2.3307690489343065,28.674906827880445,VIIRS,90,47.27,5.3,3.37
2019,1,1.665038817349859,29.101616527459633,VIIRS,87,30.9,5.57,1.55
2019,1,2.2274857714790377,28.605074833003556,MODIS,80,138.2,3.97,2.38
2019,1,1.6421316319678467,28.791957718667987,VIIRS,72,47.5,2.77,1.85
2019,1,1.5746380978032353,28.7144057636226,MODIS,84,22.69,4.05,1.9
2019,1,1.3333501801346146,28.046779443720048,MODIS,68,148.05,3.97,2.07
2019,1,1.0949281265114121,28.515635046481442,MODIS,82,135.3,5.8,4.29
2019,1,2.4784576763482966,28.19951540511492,MODIS,90,81.91,3.86,2.82
2019,1,2.2929198960436024,28.843724251058198,VIIRS,94,26.44,1.2,0.86
2019,1,1.7924147652845746,29.17323496762386,MODIS,67,86.09,1.2,0.35
2019,1,1.0388094966263548,28.273119733773143,MODIS,68,137.55,4.67,3.62
2019,1,1.93578107463424,28.63664379487063,MODIS,89,117.02,5.31,1.85
2019,1,1.2095105456252528,28.96367632574722,VIIRS,79,86.77,2.49,1.47
2019,1,1.9843837828580615,28.439278737296732,VIIRS,70,25.0,4.43,2.17
2019,1,1.4483775779528347,28.137107684683418,VIIRS,75,119.0,2.15,0.41
2019,2,2.2273092121370057,28.482428560309128,VIIRS,91,115.29,2.65,1.18
2019,2,1.741479993110233,28.884698573496145,MODIS,97,15.16,1.85,1.05
2019,2,1.773079439495647,28.168424033224,MODIS,67,32.74,3.78,0.53
2019,2,2.061947572799914,28.75340295556203,MODIS,75,14.53,2.75,1.32
2019,2,2.304686492738677,28.598175251943914,VIIRS,95,90.74,1.75,1.36
2019,2,1.1730871886148333,28.768946266284086,MODIS,88,78.97,4.78,3.63
2019,2,2.0050926757741476,28.35433820273769,VIIRS,94,78.22,5.06,1.61
2019,2,2.152832459871224,28.478341174587342,VIIRS,79,19.32,5.64,2.29
2019,2,1.5121009934978964,28.667392690055685,VIIRS,65,145.81,3.59,1.06
2019,2,1.4706602527521828,28.928592875990756,VIIRS,80,56.33,1.07,0.38
2019,2,1.4694056821536323,28.351762590004363,VIIRS,82,87.02,2.01,0.85
2019,2,2.284024016386317,28.35804518986559,MODIS,78,100.73,2.83,1.7
2019,2,2.4881154771847496,28.748062853829175,VIIRS,79,7.02,1.53,0.68
2019,2,1.2415574866512111,28.823879439014625,VIIRS,70,132.68,2.9,1.5
2019,2,1.1536249887372623,28.65120432614059,VIIRS,100,54.02,2.7,1.7
2019,2,2.4920356948224027,28.44164639835399,MODIS,80,41.63,2.82,1.28
2019,2,1.818604592982918,29.024946614431276,VIIRS,71,71.35,5.61,2.8
2019,2,1.766500981593524,28.25827990481011,VIIRS,96,27.52,3.28,2.29
2019,2,2.225862838244198,28.804069524103653,MODIS,60,122.29,1.33,0.33
2019,2,2.2643511643322753,28.80378448604615,MODIS,87,68.15,1.48,0.85
2019,2,1.0320145479685503,28.391155008332,VIIRS,90,81.19,3.87,2.16
2019,2,1.6300945682638965,28.528472355223972,VIIRS,74,5.81,1.13,0.46
2019,2,2.0032361380483508,28.602261325953215,VIIRS,73,116.73,5.5,1.07
2019,2,2.343244231749831,28.69129585712176,MODIS,71,43.31,1.29,0.88
2019,2,1.7777135744619244,29.077471755900362,VIIRS,66,17.49,2.87,1.01
2019,2,1.325631355560697,29.02021916605318,MODIS,70,55.45,1.69,0.23
2019,2,1.9473692781259597,28.03644898199678,MODIS,62,30.07,2.18,0.53
2019,2,1.7910151432556758,28.23438288076871,VIIRS,89,34.87,2.06,1.16
2019,2,1.9232590168189558,28.44220884612102,MODIS,76,77.42,3.62,2.43
2019,2,2.289301298562677,28.43033940447588,VIIRS,97,76.85,1.75,1.04
2019,2,1.9986100541884853,28.383248050957093,VIIRS,95,8.47,3.74,1.41
2019,2,1.5481088479153644,29.02842652340107,MODIS,70,70.15,3.82,2.89
2019,2,2.047907989370902,28.39608347234563,VIIRS,82,132.44,6.11,4.76
2019,2,2.151011630630823,28.934258791356285,VIIRS,81,47.32,3.37,0.77
2019,2,2.2402566550219154,28.360326420677858,MODIS,94,46.58,5.88,3.89
2019,2,2.417606925583695,28.331085076872718,MODIS,95,71.0,5.87,1.98
2019,2,2.0155799270699304,28.141551938408007,VIIRS,97,74.76,4.82,1.17
2019,2,1.746480762993451,28.06916078140939,VIIRS,85,129.25,6.09,3.06
2019,2,2.28006861815823,29.131047545842957,VIIRS,89,129.22,2.76,1.82
2019,2,2.0323722135867692,28.558692059113408,MODIS,64,86.25,4.03,2.7
2019,2,2.0997900619556815,28.88314730944852,VIIRS,72,6.58,4.14,0.61
2019,2,1.8685690578269605,28.22169116342857,MODIS,86,75.5,1.26,0.66
2019,2,1.2706403923148344,28.978170375395543,MODIS,78,62.28,3.83,1.78
2019,2,1.971951652697055,28.540093004593896,VIIRS,71,75.37,1.38,0.95
2019,2,2.343655663728232,29.001615294633957,VIIRS,68,112.15,1.89,0.34
2019,2,1.8731507945661487,29.03387704749437,VIIRS,85,99.79,4.06,2.69
2019,2,2.467501251662761,28.294185781503398,MODIS,99,24.32,5.31,1.54
2019,2,2.109386517803718,29.112276525738807,VIIRS,93,35.49,2.4,1.54
2019,2,1.8011122309073997,28.094770831468832,MODIS,72,120.91,2.02,1.46
2019,2,1.6355893518385098,28.484109663950907,MODIS,64,16.82,2.48,1.74
2019,2,1.7162616483142048,28.54483784957339,MODIS,99,23.31,4.66,0.82
2019,2,1.6132852095906243,28.41415578930323,MODIS,64,58.12,4.97,3.63
2019,2,1.19890851681531,28.245984782637386,MODIS,81,99.93,5.39,3.65
2019,2,1.7337929719623266,28.65894285492899,MODIS,87,8.69,5.32,4.06
2019,2,1.5101680959808443,28.68483959992987,MODIS,79,102.7,5.07,0.94
2019,2,1.1965280470130346,28.027812351185787,VIIRS,85,118.94,4.99,1.83
2019,2,1.6774135915220378,28.233222638459484,VIIRS,65,134.56,3.52,0.52
2019,2,1.1830686573678455,28.082345761504172,VIIRS,66,117.44,3.92,0.58
2019,2,1.8202645486687576,28.929193418727706,VIIRS,78,40.68,4.67,1.2
2019,2,1.3072260437918606,28.964188578967196,VIIRS,91,146.51,3.59,1.51
2019,2,2.3974727043424973,28.065106107257467,VIIRS,70,10.64,4.08,2.0
2019,2,1.723038549227886,28.348099846115772,VIIRS,72,96.53,1.95,1.27
2019,2,1.4474459839101772,29.142848669320884,VIIRS,96,58.72,6.21,0.86
2019,2,1.202459834106242,28.60327852872847,VIIRS,84,76.11,3.85,2.34
2019,2,1.6317320795521741,28.161453529961786,VIIRS,98,18.34,5.1,2.26
2019,2,2.1532694200245794,28.20667736902915,MODIS,72,38.61,1.26,0.41
2019,2,2.2291096688320633,29.12041681178583,VIIRS,97,16.22,5.06,3.18
2019,2,2.497537782792576,28.386165670342862,VIIRS,74,116.53,2.34,0.29
2019,2,2.0254864422894263,28.762671415331443,MODIS,68,36.99,1.93,1.4
2019,2,2.2685103912243743,28.46140460495676,MODIS,98,122.93,5.81,3.47
2019,2,1.9600825695915987,28.309564068932087,VIIRS,75,6.17,4.44,1.55
2019,2,1.7453975884330213,29.146544729217755,MODIS,86,110.77,5.07,1.3
2019,2,2.0905788560113736,28.766007699232365,MODIS,91,128.76,2.68,0.91
2019,2,2.0364652718540386,28.124542654771453,VIIRS,89,70.94,1.25,0.29
2019,2,1.6375451770313614,28.58675687153977,VIIRS,66,63.02,5.23,2.56
2019,2,2.1015895693735756,28.34263482105607,VIIRS,80,46.91,1.9,0.49
2019,2,2.065564598420536,28.72146219804817,MODIS,72,6.95,1.45,0.21
2019,2,1.7533111778859296,28.85830720654925,VIIRS,89,127.06,3.8,0.51
2019,2,2.129098282352762,28.521761205628064,VIIRS,71,48.49,5.0,3.05
2019,2,1.0669650130507042,28.505977579664133,VIIRS,82,48.19,4.43,3.53
2019,3,1.8291586222912772,28.53629237923834,MODIS,86,124.68,5.1,3.06
2019,3,1.048699733647374,28.85060396339419,VIIRS,70,27.91,3.55,2.27
2019,3,1.2298895626117585,28.047754179276215,MODIS,82,135.98,2.05,1.43
2019,3,1.4126362453926307,28.66939008280299,MODIS,73,45.15,3.44,1.81
2019,3,2.4022654070825364,28.015528222625974,VIIRS,86,130.02,2.42,0.73
2019,3,1.7832423024648563,28.791455408148774,MODIS,60,82.45,1.09,0.46
2019,3,1.0231818832792843,28.357139046641215,MODIS,65,56.81,3.12,0.48
2019,3,1.5894489293994762,28.511520627876287,VIIRS,74,136.6,4.24,2.53
2019,3,1.9504951163882263,28.037593867951415,VIIRS,100,27.93,4.09,3.26
2019,3,1.8022246325562525,28.784096364996095,VIIRS,70,66.9,2.04,0.43
2019,3,1.5795949611692257,29.04033572878638,VIIRS,97,110.3,2.37,1.01
2019,3,1.4939279530513052,29.186959909998635,VIIRS,88,90.84,2.64,2.08
2019,3,1.3147896673610155,28.88514675851431,VIIRS,79,87.11,2.73,1.98
2019,3,1.7218355840248936,28.538976313087954,VIIRS,67,128.77,4.02,1.53
2019,3,2.4836536823606203,28.25501792636913,VIIRS,98,84.76,5.59,2.58
2019,4,2.1470634667747235,28.53743494348775,MODIS,86,115.29,3.89,2.12
2019,4,1.8772737332947802,29.137196501833888,VIIRS,65,24.06,2.35,1.61
2019,4,2.1666707036309303,28.514518239015597,MODIS,99,126.1,2.95,1.71
2019,4,2.0306501161681094,28.37183405228625,MODIS,60,10.25,1.85,0.8
2019,4,1.2044243546165496,28.533955132576228,VIIRS,67,11.75,3.63,1.39
2019,4,1.56380576091053,28.737946591957453,MODIS,90,141.86,5.63,2.39
2019,5,1.266339093044471,28.52763891031973,MODIS,76,12.58,2.79,0.57
2019,5,1.8954156462076623,28.741938070512603,MODIS,95,43.49,1.25,0.86
2019,5,1.6529540265367344,28.253471615696295,MODIS,99,88.53,4.92,0.75
2019,5,1.7672945512789369,29.138623519431476,MODIS,74,55.16,2.97,1.83
2019,5,1.7153567615490257,28.631419757835854,MODIS,91,91.99,5.66,2.75
2019,5,1.8930915434327273,28.107576277548326,VIIRS,88,144.88,2.81,0.43
2019,5,1.2013103694949478,28.782270283838063,VIIRS,73,68.28,2.53,1.27
2019,5,1.9521946289977796,28.663759825713043,MODIS,96,147.99,4.82,3.8
2019,5,1.105739688040273,28.59458800175991,MODIS,72,47.09,5.65,0.82
2019,5,2.470450293760374,28.62252402101435,VIIRS,80,59.78,6.12,2.81
2019,5,1.957543797221575,28.846011701511905,VIIRS,93,128.1,1.64,0.44
2019,5,2.2387955419637042,28.473391783201972,VIIRS,71,140.74,3.82,1.78
2019,5,1.4305617274589886,28.773741584177728,VIIRS,84,83.4,4.62,2.96
2019,5,2.0330478674768218,28.62054143392872,VIIRS,72,142.54,2.78,1.72
2019,5,1.997604289285594,28.748325716756632,MODIS,96,41.22,4.77,3.07
2019,5,1.0133871649857848,28.38483349211442,VIIRS,64,69.61,4.06,2.32
2019,5,1.0299054205778932,28.050123962886627,VIIRS,74,65.85,5.11,2.7
2019,6,1.8318909080085914,29.19202544939414,MODIS,73,107.6,4.65,3.39
2019,6,1.6195892962703768,28.289912604084197,VIIRS,67,82.95,3.09,1.8
2019,6,1.850003399991838,28.653635718206676,VIIRS,78,75.34,5.94,2.34
2019,6,2.393267983253912,28.71531952121212,VIIRS,63,34.83,2.69,1.83
2019,6,2.307971509923539,29.06059488838858,VIIRS,96,89.36,1.35,0.87
2019,6,1.4974751109363964,29.09226349506036,VIIRS,82,67.15,1.41,0.49
2019,6,1.969587524633188,28.574053022968382,VIIRS,79,127.95,2.15,0.48
2019,6,1.350218781636445,28.715667479827403,VIIRS,99,79.48,1.54,0.78
2019,6,1.2097256319062821,28.95634553548134,MODIS,68,148.88,1.15,0.35
2019,7,2.0556156681565083,28.02476449844119,MODIS,77,94.57,2.75,1.25
2019,7,1.9442360050480132,28.06289037863675,VIIRS,70,125.82,2.82,1.14
2019,7,1.1347998520759683,28.65839920969536,VIIRS,62,33.24,1.4,1.06
2019,7,1.8352373932307233,28.052331824870492,VIIRS,60,104.0,2.6,0.3
2019,7,1.2944498838012743,28.76258742378344,MODIS,76,104.02,2.25,1.68
2019,7,1.6092917209000823,28.1012230496332,MODIS,82,58.87,2.53,0.39
2019,8,1.5117153524925833,28.364716618224517,MODIS,80,20.67,4.77,2.0
2019,8,1.4826474764536475,28.96748242454069,VIIRS,62,138.44,1.79,0.48
2019,8,2.098067829396782,28.72774841270288,MODIS,93,13.49,4.0,1.72
2019,8,1.4098027256028896,28.27943463118783,VIIRS,68,90.41,1.74,1.36
2019,8,1.3623980669994171,28.242498268137133,VIIRS,77,78.4,3.94,2.7
2019,8,1.9284209494350715,28.71924022380363,MODIS,79,26.32,3.16,1.12
2019,8,1.4898945509898422,28.694717676069573,VIIRS,63,7.08,6.11,1.34
2019,8,1.2657012178659166,29.087477845244866,VIIRS,85,131.14,3.99,2.13
2019,8,1.8867581028428502,28.59259955068386,MODIS,66,52.44,1.35,0.51
2019,8,1.9841912354941216,28.400537913416017,VIIRS,80,84.76,4.19,1.08
2019,8,1.4048676538162177,28.658417992022578,VIIRS,64,145.45,1.18,0.8
2019,8,2.2932914656704915,28.941808085963736,VIIRS,93,20.8,4.8,2.81
2019,8,2.3423805914917613,28.807027343682012,MODIS,61,34.53,1.77,0.23
2019,8,1.7598445452280298,28.86527226008159,VIIRS,69,127.17,1.89,1.05
2019,8,1.7041358876985817,28.89012324103042,MODIS,89,88.66,6.06,0.66
2019,8,1.1461328174254626,29.171802228163354,VIIRS,61,44.78,4.98,0.53
2019,8,2.191764813327481,28.016344485038044,MODIS,77,78.54,6.16,2.24
2019,9,1.812023449498561,28.780783323704746,VIIRS,78,42.96,3.54,2.67
2019,9,2.4309302663113033,28.14346969050354,VIIRS,68,82.13,5.33,1.83
2019,9,1.1116155030830717,28.644097377289324,MODIS,99,47.62,4.09,1.13
2019,9,1.5658378745102546,28.44982458150896,MODIS,66,103.09,1.61,0.47
2019,9,1.5660807244391917,29.069051916743852,MODIS,91,91.31,5.37,4.13
2019,9,2.4340255210095507,28.08808551505801,VIIRS,97,85.59,1.16,0.71
2019,9,1.9085591254095502,28.291782858450944,VIIRS,97,48.6,1.53,0.74
2019,9,1.3548309771325542,28.858250829398173,MODIS,81,88.91,1.27,0.56
2019,9,1.2469271475909511,28.438094514786137,VIIRS,76,99.16,1.66,1.01
2019,9,1.4262724712923174,28.29239754190429,MODIS,68,96.11,3.63,2.04
2019,9,2.091975730158312,28.194989532664184,MODIS,87,26.08,2.0,0.81
2019,9,1.121830212534874,29.145992982632087,MODIS,93,123.62,1.02,0.28
2019,9,1.1723872108347557,28.433017147694887,VIIRS,87,77.78,2.64,1.15
2019,9,1.2714680324040368,28.269610262257455,MODIS,91,57.51,5.44,0.73
2019,9,2.3462145056529478,28.376847104438877,MODIS,62,141.98,1.33,0.56
2019,9,1.799574506895705,28.381828275940602,VIIRS,99,136.92,2.1,1.23
2019,9,1.5366807741862827,28.429112928548975,VIIRS,84,143.86,4.25,1.87
2019,9,1.3859007368181469,28.998665937685093,VIIRS,88,64.39,5.35,3.33
2019,10,1.6669621717579366,28.978836013438897,VIIRS,69,76.93,1.44,0.21
2019,10,1.5441437933843039,29.003840462582556,VIIRS,68,26.59,5.38,2.15
2019,10,1.571054105675287,28.80047557838963,MODIS,75,48.61,5.78,2.71
2019,10,2.1306487194915986,28.63816854544633,MODIS,85,14.33,1.28,0.3
2019,10,2.084143180041745,28.537615441052203,MODIS,76,33.83,4.39,2.41
2019,10,1.7540477111323565,28.444487001470467,MODIS,87,35.09,5.03,1.22
2019,10,2.124639606714137,28.27714833481799,MODIS,82,21.99,2.55,0.94
2019,10,1.9342207631718409,28.299780933010332,VIIRS,62,145.57,2.89,0.31
2019,10,2.208943746070629,28.077193199901576,VIIRS,62,104.86,2.16,1.08
2019,10,1.2822427161944272,28.029977834233904,VIIRS,99,43.4,3.7,1.64
2019,10,1.9279028030104877,28.905483694516704,VIIRS,62,62.07,5.78,2.67
2019,10,1.7592302947643117,28.676590676450438,MODIS,97,29.47,3.47,1.27
2019,10,2.050636003962266,28.21782234038051,VIIRS,94,18.29,3.41,1.42
2019,10,1.3047023300059166,29.10551319043662,VIIRS,62,67.63,5.26,0.68
2019,10,1.396971312623856,28.027735676451673,VIIRS,99,129.84,2.28,0.95
2019,10,2.298514790019962,28.682096807968662,MODIS,66,8.37,6.06,4.59
2019,10,1.162364237068722,28.033727266917307,VIIRS,65,74.13,6.24,4.05
2019,11,1.6049472530961313,28.93865670771735,MODIS,72,55.29,1.29,0.88
2019,11,1.4005438404663102,28.924577869663405,VIIRS,96,25.45,5.09,2.21
2019,11,1.4666382677063896,28.405863413266566,MODIS,65,50.47,1.38,0.44
2019,11,1.7512616311702933,29.101913994408978,VIIRS,95,19.14,5.66,2.92
2019,11,1.888082026352279,28.136849522555323,VIIRS,73,107.14,1.61,0.87
2019,11,1.4754915446081678,28.564420201057956,MODIS,91,45.49,2.83,0.39
2019,11,1.4286488873083734,28.81793184178498,VIIRS,75,100.86,6.09,2.98
2019,11,1.6318609075241297,28.885407516967057,VIIRS,92,99.37,4.78,0.49
2019,11,1.8428196047792575,29.089131371515197,MODIS,78,13.06,4.92,2.75
2019,11,2.4845633085387497,29.022379137992186,VIIRS,78,136.0,5.88,4.41
2019,11,2.401486069496973,28.88082568414116,VIIRS,65,29.86,4.33,2.96
2019,11,1.9733253411371585,28.084241964329955,MODIS,82,147.73,1.58,0.59
2019,11,2.0645832986396555,28.755965702841902,MODIS,66,115.83,4.06,0.71
2019,11,1.2016324054859504,28.758034291210546,MODIS,62,131.93,4.64,3.58
2019,11,2.2597377325321553,28.029628500035145,VIIRS,71,71.01,2.91,1.11
2019,12,1.9981382699948387,28.702873866024913,VIIRS,64,10.4,4.47,2.19
2019,12,1.2165560443994856,29.010657914956738,MODIS,90,121.4,5.26,4.05
2019,12,1.0425963483996674,28.70705209503918,VIIRS,66,15.41,4.74,3.53
2019,12,1.6859785349500924,28.165892009983928,VIIRS,87,140.34,3.54,2.46
2019,12,2.2047778148617185,28.49521254973458,VIIRS,79,133.91,5.68,2.38
2019,12,2.093911495823325,28.426493864116484,MODIS,73,123.34,2.92,2.25
2019,12,2.225155159807191,28.854088911594573,MODIS,98,147.36,4.22,1.87
2019,12,1.012703641398261,28.814218466001293,MODIS,77,12.43,3.76,0.74
2019,12,1.5868770707420454,28.42118002585182,MODIS,73,73.33,1.06,0.25
2019,12,1.9764315749324137,28.061852759305907,VIIRS,73,69.3,5.13,1.77
2019,12,2.093649007992992,28.069668824234075,MODIS,78,32.91,1.22,0.74
2019,12,1.9173297590126066,29.05142155998903,VIIRS,88,127.88,1.33,0.23
2019,12,2.1552361201925794,28.136210467316875,MODIS,100,18.36,3.52,2.54
2019,12,1.6662995911493894,28.813025004666212,VIIRS,88,76.66,3.64,1.92
2019,12,1.5239785452201102,28.025025037532025,MODIS,100,14.79,2.12,1.37
2019,12,1.8148621051147453,28.55048173712708,VIIRS,82,147.06,2.92,1.82
2019,12,1.7792591867664098,28.698691234411953,VIIRS,92,93.92,4.67,0.99
2019,12,1.9317707907471557,28.133226540396095,MODIS,76,39.16,1.53,0.59
2019,12,2.4273902234677487,28.49774749662247,VIIRS,81,131.5,4.78,1.63
2019,12,1.191859163176552,29.134084550086197,MODIS,80,146.04,2.04,1.2
2019,12,1.1389189997341072,28.78241996360827,VIIRS,97,61.52,5.12,3.99
2019,12,1.368004009994372,28.52413453697554,MODIS,77,54.96,4.55,1.22
2019,12,2.2089325791298373,28.656207153961027,MODIS,74,121.0,2.02,1.25
2019,12,2.2506363542955676,29.133653184721094,VIIRS,86,15.1,1.72,1.06
2019,12,1.8669660378376343,28.17234933743922,VIIRS,68,14.58,3.02,1.56
2019,12,2.386272069307664,28.492628279093818,MODIS,64,36.98,4.62,3.18
2019,12,2.4961620366291934,28.495299122832456,MODIS,86,96.38,4.57,2.53
2019,12,2.1578788403476326,29.00653525402275,MODIS,90,81.1,4.88,2.48
2019,12,1.0388005541255814,29.170670273345486,VIIRS,69,47.96,4.15,2.52
2019,12,1.5871673402958308,28.620393923897293,VIIRS,66,141.74,3.17,1.02
2019,12,1.779512600755941,28.69205394014068,VIIRS,66,60.63,3.72,2.64
2019,12,1.2648734887053412,29.094004843099665,VIIRS,93,50.99,4.55,1.01
2019,12,2.337837843367203,29.167205368241348,VIIRS,73,17.57,2.14,0.32
2019,12,2.3408188931956087,28.891378758901755,VIIRS,81,83.43,6.12,2.49
2019,12,1.8620001857158002,28.08425399805219,VIIRS,73,107.61,4.79,1.59
2019,12,1.7943371005810307,28.418245587552605,VIIRS,73,95.93,2.07,1.14
2019,12,2.3804314555490165,28.573055689231836,MODIS,90,137.25,2.58,0.38
2019,12,1.6395048880378091,28.469267366370776,MODIS,88,105.87,5.06,1.18
2019,12,1.0065779208020151,28.835617989535574,MODIS,62,26.08,5.92,3.81
2019,12,1.9124492442248275,28.449063379836442,MODIS,71,96.3,4.48,3.2
2019,12,2.4907366575300687,29.149592016242188,VIIRS,87,138.62,4.2,3.33
2019,12,1.711293565151341,28.974006718857158,VIIRS,78,142.6,3.24,1.57
2019,12,1.0068754903596369,28.595677468081547,MODIS,62,134.21,3.15,2.51
2019,12,1.8043480680814536,28.258541252881948,MODIS,73,27.22,1.91,0.73
2019,12,1.3410702055678045,29.18766361222551,MODIS,67,118.23,5.97,2.16
2019,12,1.5274610077492496,29.18811229992662,MODIS,94,69.88,2.74,1.1
2019,12,1.4206909094510674,29.194885896191924,MODIS,83,126.79,4.82,1.87
2019,12,1.4716179933602027,29.16951177440416,MODIS,65,106.93,3.84,3.04
2019,12,2.224887226680852,28.15570872356194,VIIRS,94,52.59,4.21,0.82
2019,12,2.262236932400124,29.080319995792163,VIIRS,74,15.04,3.81,0.45
2019,12,2.497746543965894,28.470201513147618,MODIS,68,29.24,6.13,1.0
2019,12,2.349149676129217,28.72002212677499,MODIS,64,145.33,3.47,1.32
2019,12,2.345569477977293,28.119673340788832,MODIS,66,22.01,1.8,1.14
2019,12,2.2880950636919035,28.833103093633227,MODIS,61,97.88,6.1,3.86
2019,12,2.3995509084409514,28.500336980948294,VIIRS,83,44.45,1.79,0.24
2019,12,2.207803114026121,28.62853065326992,VIIRS,69,45.13,1.91,1.51
2019,12,1.0973309669408264,28.269266810273475,VIIRS,74,100.46,3.49,1.4
2019,12,1.5035246318790891,29.125101784802638,MODIS,99,57.99,2.75,1.23
2019,12,2.491079754876073,28.726400222638034,MODIS,97,98.97,6.02,3.47
2019,12,1.0626779621460485,29.011251340937562,VIIRS,73,19.82,4.88,2.58
2019,12,1.572888662868123,28.869660112629045,MODIS,68,47.98,2.27,1.26
2019,12,2.0879678366051944,29.028421372892417,MODIS,68,44.35,5.13,1.44
2019,12,2.1887647251386553,28.131362511912506,VIIRS,75,145.11,1.13,0.66
2019,12,1.458416999881239,28.22715516777149,VIIRS,76,20.62,2.58,1.99
2019,12,2.1526315027402703,28.855883719613683,VIIRS,72,19.06,1.45,0.52
2020,1,1.8472573658892224,28.476963293555315,VIIRS,61,15.4,3.76,0.98
2020,1,2.4272394321754036,28.405127328286085,VIIRS,80,95.5,4.34,2.56
2020,1,2.1986795644026365,28.741352253374146,MODIS,85,79.5,5.93,2.5
2020,1,1.3176299540684027,28.357047736150054,MODIS,61,51.85,1.38,0.63
2020,1,1.6750108727753905,28.720369867055656,MODIS,75,99.27,5.09,3.28
2020,1,1.8384231315991606,28.701748748675655,MODIS,84,129.09,5.0,2.86
2020,1,2.1900540378014925,28.0641051059289,VIIRS,68,131.76,1.75,0.45
2020,1,1.4277101102441982,28.621996792571494,MODIS,71,33.7,5.71,1.51
2020,1,1.492962664046642,28.69241119097122,MODIS,69,40.76,5.97,2.35
2020,1,1.351288996289802,28.92029019948977,MODIS,92,87.71,2.34,1.48
2020,1,2.359637179089682,29.007936697792967,MODIS,98,81.93,2.42,1.71
2020,1,1.3366796438670836,28.018350880082405,MODIS,95,117.77,4.43,2.51
2020,1,2.3358487333213502,28.316757733023366,MODIS,87,146.6,2.39,0.47
2020,1,2.3959821937768147,28.272761722919217,VIIRS,85,118.44,1.43,0.2
2020,1,1.8818556621790774,28.30464909524357,VIIRS,62,13.18,1.52,0.53
2020,1,1.0973864554384243,29.14665258381125,VIIRS,86,64.12,1.37,0.15
2020,1,1.5059443683640639,28.244671425460453,MODIS,63,27.55,5.08,1.47
2020,1,2.2565856218264564,28.468489702866215,MODIS,80,85.94,3.59,0.73
2020,1,1.8824565922587384,29.127413123839677,MODIS,73,91.46,5.3,1.36
2020,1,2.0454161171767242,28.110618166708896,MODIS,87,89.57,6.11,1.09
2020,1,1.815476585723848,28.566373187233566,MODIS,62,115.57,1.39,0.31
2020,1,1.2930379142962425,28.4959697103689,VIIRS,86,25.34,5.92,2.35
2020,1,1.8620329871133903,28.71217576874276,VIIRS,88,115.13,6.16,1.75
2020,1,2.037031681612776,28.73965161711498,MODIS,97,29.85,2.69,1.54
2020,1,1.630044060191429,28.176456615989387,MODIS,96,71.32,6.14,4.03
2020,1,2.230186634814837,29.00526722755915,MODIS,90,55.39,3.79,2.25
2020,1,2.1794873633650336,28.279624115872608,MODIS,70,71.21,2.19,1.56
2020,1,1.464152841018476,28.60198454660445,VIIRS,97,113.58,6.05,3.39
2020,1,1.3149848863400369,28.861870367072175,MODIS,100,38.12,4.76,3.29
2020,1,1.3216563821607756,28.21003702536808,VIIRS,87,137.63,4.03,1.92
2020,1,1.9145355964730228,28.051281782511996,MODIS,88,88.3,4.23,2.17
2020,1,2.023495750856533,28.621317018204,MODIS,95,140.56,4.63,0.98
2020,1,2.096216086851819,28.884387219019697,VIIRS,77,131.04,5.55,1.33
2020,1,1.8871053067724337,28.71714338121094,MODIS,80,56.88,2.83,1.42
2020,1,1.1789192467221268,28.163934260193145,VIIRS,94,74.67,4.87,0.65
2020,2,2.192153075373022,28.82615257536266,VIIRS,63,59.58,1.44,0.71
2020,2,1.2268919115731025,28.552075795731355,MODIS,62,82.22,1.37,0.95
2020,2,2.4462133911009065,29.16711868674672,VIIRS,100,7.18,3.27,0.52
2020,2,1.7325555843618992,29.048789827733764,VIIRS,90,82.57,6.14,3.33
2020,2,1.2304974181420056,28.453528781458047,MODIS,74,59.07,2.83,0.97
2020,2,1.146229177755104,28.716466809843627,MODIS,65,142.2,3.7,1.81
2020,2,1.343688136341046,28.420663792357406,MODIS,94,82.27,4.79,3.35
2020,2,1.5262671078083687,28.541794875321912,VIIRS,75,5.08,4.77,3.17
2020,2,1.8053212041261206,28.31380376037698,VIIRS,75,126.24,1.89,1.44
2020,2,1.7721939930401474,28.07581818437587,VIIRS,100,21.02,3.02,0.38
2020,2,2.4035750638814974,28.641171859925134,VIIRS,79,16.21,3.88,2.94
2020,2,1.140092806851769,29.09460247143192,VIIRS,94,94.23,1.25,0.92
2020,2,1.3030922341171747,28.991657555963382,MODIS,90,105.81,4.71,3.33
2020,2,2.4211055600396065,29.019185320609495,VIIRS,65,90.37,6.14,2.9
2020,2,2.138566666343759,28.959232258628344,VIIRS,98,81.42,5.1,4.01
2020,2,1.0995708632436507,28.991757294874038,VIIRS,73,63.75,1.21,0.51
2020,2,1.6996007825662094,28.830763448259365,MODIS,60,42.53,4.96,1.89
2020,2,1.2953135721539921,28.237015570234195,VIIRS,97,58.27,4.07,1.27
2020,2,2.1896727315989453,28.763378260192738,VIIRS,65,93.93,4.02,1.92
2020,2,1.7935805749664715,28.209230158568165,VIIRS,86,95.07,4.52,1.21
2020,2,2.4841406454172184,28.55752478272386,VIIRS,100,115.93,3.0,1.42
2020,2,2.4373445013039765,28.08967770593331,MODIS,97,95.16,3.54,2.78
2020,2,1.3744501418336004,28.681983278421054,MODIS,83,78.97,6.03,1.86
2020,2,1.2155325459536512,28.57650904276825,VIIRS,83,32.71,3.49,0.63
2020,2,2.487537389907813,28.349524855852973,VIIRS,92,49.44,1.51,0.39
2020,2,1.2799273173701475,28.741965401832775,MODIS,65,5.94,5.64,1.34
2020,2,2.2562652962480443,28.317270295250893,MODIS,77,85.42,5.0,2.11
2020,2,1.4741161058313867,28.250354878423256,MODIS,71,140.94,3.32,1.21
2020,2,1.5068021700652294,28.25765584933175,MODIS,69,147.14,6.04,1.45
2020,2,1.3712303421605547,28.388777914962276,VIIRS,63,132.1,6.24,1.41
2020,2,1.1012469930282878,29.047248700213267,VIIRS,67,142.65,4.24,1.48
2020,2,1.3148311470778238,29.049168265908524,VIIRS,93,17.61,3.39,0.44
2020,2,1.1049923860987865,28.512645809495975,MODIS,76,33.15,5.84,1.75
2020,2,2.3801655722532105,28.566659023288498,VIIRS,91,41.86,3.67,1.46
2020,2,1.1098926071722066,28.979369997590297,VIIRS,79,73.79,3.03,1.66
2020,2,2.2382610649443975,28.21024578088418,MODIS,81,31.98,1.47,0.65
2020,2,1.2853328762665903,28.84503641710389,VIIRS,88,51.67,6.0,1.64
2020,2,1.4916001882815997,28.456110220875917,VIIRS,87,26.16,4.29,3.42
2020,2,1.9387900132577538,28.029936631452383,VIIRS,91,6.37,1.82,0.31
2020,2,2.140887791216863,28.07428169912861,VIIRS,92,116.61,5.58,1.33
2020,2,2.175247211048065,29.086938858430084,MODIS,78,26.61,4.56,1.56
2020,2,2.367757303558086,28.13433932325501,VIIRS,63,52.03,6.12,0.74
2020,2,1.6932510290322735,29.02637450273528,VIIRS,74,29.9,3.69,0.91
2020,2,1.9534056642847417,28.438120037200413,MODIS,89,93.58,4.2,2.82
2020,2,1.9092389825077891,28.23761428459781,VIIRS,77,111.9,2.4,1.71
2020,2,1.8428482548646865,28.51926734939857,VIIRS,65,29.33,2.12,0.36
2020,2,2.066469043407025,28.72589260084211,MODIS,71,68.72,4.3,1.71
2020,2,2.1766290452344434,28.52474048780787,VIIRS,66,110.01,6.03,2.1
2020,2,1.0064533433021619,28.703683378015572,MODIS,89,71.76,5.05,2.11
2020,2,1.851610677901766,28.698018119994813,VIIRS,87,72.58,3.61,2.6
2020,2,2.0393525046286527,28.46374320997587,VIIRS,62,10.44,3.87,0.99
2020,2,2.000058063432569,28.620655255720642,VIIRS,96,115.79,4.74,2.19
2020,2,1.621948062944805,28.965653342547267,VIIRS,64,62.09,2.64,0.95
2020,2,1.9161498106270436,29.137720605363803,VIIRS,87,79.45,2.06,0.95
2020,2,1.6177258586211214,28.443168330465422,VIIRS,85,11.86,4.11,2.67
2020,2,1.192360549451486,28.94236264123243,VIIRS,95,129.24,5.12,0.6
2020,2,2.334793449501434,29.10148815700447,VIIRS,98,128.4,5.21,0.74
2020,2,2.4051903066511873,28.132120333810462,MODIS,69,83.3,3.59,2.07
2020,2,1.6435812745000211,28.383218058140745,VIIRS,96,26.63,1.46,1.02
2020,2,2.0573332684686125,28.399003865643028,MODIS,79,94.1,4.17,1.59
2020,2,1.44976732349548,28.146619263475422,MODIS,67,146.84,5.59,3.98
2020,2,1.0272335294176338,28.06426939362834,VIIRS,82,80.2,1.72,0.84
2020,2,1.626252217364315,28.59116024393315,VIIRS,73,110.85,1.7,0.6
2020,2,1.940583711775401,28.334115934913545,MODIS,97,90.4,1.33,0.7
2020,2,1.134015051058669,28.83471106063206,VIIRS,91,71.01,6.0,1.32
2020,2,1.37523754341567,28.80155696956995,MODIS,73,116.61,2.69,0.41
2020,2,2.0889957890043895,28.243915927805542,MODIS,97,24.37,3.68,1.27
2020,2,2.3448539305479623,28.691055946263393,MODIS,73,58.37,3.02,0.94
2020,2,1.080081995939325,29.145107019745623,MODIS,87,106.44,5.77,2.62
2020,2,2.2863255599897814,28.321868173843487,VIIRS,71,106.0,5.06,0.86
2020,2,1.5012584069932595,28.91383303324395,MODIS,82,37.21,2.32,0.57
2020,2,1.1898505743487546,28.850185509363346,VIIRS,84,128.12,5.31,1.71
2020,2,1.1429851988216129,29.09644105924782,MODIS,89,57.45,4.13,0.95
2020,2,2.479093565687584,28.009706561946587,MODIS,60,14.0,2.26,1.61
2020,2,2.454955669606016,28.814528498803956,MODIS,60,41.46,2.44,0.34
2020,2,1.9410711249477912,28.154941781536596,VIIRS,77,68.99,2.88,0.41
2020,2,2.009812749139715,28.587439335146417,VIIRS,63,29.35,2.81,0.87
2020,2,2.2219377892164633,28.587822635396638,VIIRS,68,39.03,1.02,0.65
2020,2,2.3816935207418695,28.270182529609492,MODIS,79,103.83,2.44,0.45
2020,2,1.4357044548580384,28.196108039273668,VIIRS,76,18.98,1.42,1.05
2020,3,2.2926066803374034,28.200973138455268,VIIRS,94,84.63,1.1,0.59
2020,3,1.8253688124066394,28.470723578094827,VIIRS,61,16.49,1.04,0.41
2020,3,2.114521909476156,28.307219222947907,MODIS,67,95.38,1.1,0.2
2020,3,2.1508632937241523,28.831699033198102,VIIRS,68,9.18,2.5,1.14
2020,3,2.1071874094572913,28.59109284279589,VIIRS,86,148.54,5.6,2.41
2020,3,1.750672453628249,28.440144344287447,VIIRS,79,125.59,4.16,2.81
2020,4,1.914968675806044,28.605556938321524,VIIRS,97,35.9,5.96,2.89
2020,4,1.3660921679691644,29.148178219357135,MODIS,82,10.06,4.85,3.17
2020,4,1.8784994037071345,28.68116047675404,MODIS,62,124.04,1.2,0.44
2020,4,1.1656641237389564,28.2440361573659,VIIRS,67,77.83,1.42,1.08
2020,4,1.436400896326781,28.899387483541325,VIIRS,62,38.62,2.07,1.31
2020,4,2.036694861840462,28.555017709323742,VIIRS,79,18.43,4.97,1.19
2020,4,1.1897169553382962,28.44221945234935,VIIRS,87,11.3,1.71,0.4
2020,4,1.2272724910011603,28.693800069808077,MODIS,69,141.74,5.82,2.16
2020,4,2.283615032923444,28.373165684802867,VIIRS,72,127.07,2.86,1.81
2020,5,2.4919007643692135,28.280888696360233,MODIS,63,116.4,5.33,1.7
2020,5,1.2267875937721615,28.074301417787378,VIIRS,70,130.62,4.04,2.45
2020,5,1.2263509547738898,28.319040479483657,VIIRS,95,117.14,2.88,2.19
2020,5,2.231048435158025,28.539614527333274,MODIS,89,98.88,5.86,3.34
2020,5,1.2946918673107097,28.613376569796987,VIIRS,99,109.07,2.32,1.15
2020,6,1.660834657439976,29.15271320065643,VIIRS,86,57.71,1.36,0.82
2020,6,1.0719863057008685,28.485987601619215,VIIRS,71,123.94,5.4,1.44
2020,6,1.2127677129765817,28.57856562744152,MODIS,73,59.9,2.22,1.22
2020,6,1.7547693646784024,28.20057669080418,VIIRS,100,56.91,1.61,1.01
2020,6,1.5563586977023767,28.913102632419783,MODIS,78,88.31,4.41,2.71
2020,6,1.5887687587276973,28.564357475784213,VIIRS,85,85.12,4.63,2.46
2020,6,2.042910653055617,28.412724244657312,MODIS,74,142.14,3.85,2.13
2020,6,1.9831275889741904,28.98209174902782,MODIS,83,11.31,1.19,0.92
2020,6,2.4827046505653296,28.438532148844462,VIIRS,91,100.12,3.05,0.86
2020,6,2.28198515029123,28.789173082005696,VIIRS,82,111.98,3.27,1.76
2020,7,2.3722836100318316,28.036232418410762,MODIS,78,107.18,4.11,3.04
2020,7,1.0448530649926688,29.177375427184458,VIIRS,63,119.06,2.64,1.08
2020,7,1.5104460045309915,28.982307146764043,MODIS,62,90.47,3.53,1.3
2020,7,1.8140067552483596,28.28917706553478,MODIS,86,134.81,6.12,3.57
2020,7,1.7481211048749241,28.94419845268707,VIIRS,67,26.13,4.81,3.3
2020,7,1.4923437463162137,29.038550076349807,MODIS,87,109.37,1.41,0.52
2020,7,2.1513969313913224,28.409383399824716,MODIS,98,85.75,5.73,2.93
2020,7,1.9275386434241533,28.218883915639566,MODIS,86,111.22,1.43,0.85
2020,7,2.0147448817343507,28.023457037342013,MODIS,83,57.06,3.32,2.39
2020,7,2.3328476256678563,28.893447890163166,VIIRS,81,129.24,1.32,0.99
2020,7,1.757641363097144,28.573755312054683,MODIS,63,105.82,2.78,0.63
2020,7,1.0518042430848138,29.000917173983833,MODIS,82,59.61,1.21,0.41
2020,8,2.173273376733554,28.564013873053902,MODIS,64,138.61,5.6,4.06
2020,8,1.149073961785887,28.321097872873374,VIIRS,61,34.86,5.93,3.14
2020,8,2.253074649644274,28.65434413189245,VIIRS,84,31.05,5.44,1.83
2020,8,1.1896583153238487,29.090900772083362,VIIRS,76,78.22,3.74,0.41
2020,8,1.3252816579666176,28.409428370072348,VIIRS,79,144.36,2.44,0.75
2020,8,2.3381149496172258,28.977503293422355,MODIS,89,101.76,4.67,1.95
2020,8,2.370166888604963,28.383199307870317,MODIS,77,59.82,1.5,1.02
2020,9,2.1225757782783328,28.697887212444826,MODIS,71,129.26,4.85,1.32
2020,9,1.9237297409936143,29.07682294670004,MODIS,87,81.95,3.89,1.99
2020,9,1.1077610935117186,28.83104610707005,MODIS,93,63.89,3.18,2.03
2020,9,1.629439901511941,28.825219556875183,VIIRS,65,120.01,2.73,1.92
2020,9,1.6543806485834354,28.054486297352437,VIIRS,73,57.29,2.8,0.97
2020,9,1.263289778182234,28.112021802396708,VIIRS,92,47.51,2.24,0.53
2020,9,1.9593909709888337,28.118842295934147,VIIRS,87,47.16,1.45,1.04
2020,9,2.0192492203342116,28.72463500517415,MODIS,78,94.18,1.49,0.33
2020,9,1.8467657716433779,28.279704891697587,MODIS,80,96.76,5.63,3.54
2020,9,1.2443235229547915,28.989156040222788,VIIRS,95,84.46,2.84,0.78
2020,9,2.180557855270535,28.72195943666035,VIIRS,65,106.66,5.7,4.26
2020,9,1.6936635777982307,28.354545027180126,MODIS,67,15.89,1.56,1.04
2020,9,1.0315408018891838,29.167185545647513,VIIRS,67,131.03,4.63,2.92
2020,9,1.1397972454994263,28.304725225871497,VIIRS,86,64.55,4.4,2.82
2020,9,1.033452560304397,28.656153653420795,VIIRS,91,148.21,2.91,2.28
2020,9,1.4794909654890704,28.071016507533738,VIIRS,69,24.67,5.97,3.77
2020,10,1.8188769367468636,28.506476166509266,VIIRS,87,129.19,4.35,3.09
2020,10,1.7944899766301234,28.61372602313883,MODIS,73,14.2,5.11,2.14
2020,10,2.385695767648212,28.16466193212419,MODIS,77,44.72,3.33,2.31
2020,10,2.4441994272926015,29.127388557152994,VIIRS,90,109.52,3.93,0.88
2020,10,2.0537858331204504,28.76498190283683,MODIS,91,42.24,5.96,1.91
2020,10,1.072457232910672,28.761494498418422,VIIRS,100,15.37,5.45,1.67
2020,10,1.455539824087095,29.08106607489019,VIIRS,67,142.7,1.09,0.51
2020,10,1.6218539741652718,28.293909786021505,VIIRS,73,140.95,6.19,1.78
2020,10,1.582844731790743,28.953113295249818,MODIS,80,87.96,2.37,1.41
2020,10,1.5291380230931064,29.018025533735724,VIIRS,86,8.29,2.13,0.37
2020,10,1.409409119642469,28.853519597717128,MODIS,85,72.89,4.04,2.6
2020,10,1.6452698019893777,29.124444242404316,VIIRS,90,114.79,1.28,0.9
2020,10,1.4765480179937691,28.9974767243312,MODIS,73,129.84,6.1,0.85
2020,10,1.357832613665059,29.057860136402134,MODIS,71,15.18,1.15,0.22
2020,10,2.2380247389145644,28.44942071769558,VIIRS,61,79.56,2.21,1.62
2020,10,1.5996473104086368,29.06120829551174,VIIRS,77,32.27,2.07,1.01
2020,10,1.8238590924351334,28.360325136834433,MODIS,95,43.51,2.78,1.5
2020,10,1.2641157412431103,28.885361052515513,MODIS,94,104.42,2.22,0.42
2020,10,1.8214432469304866,28.823204885580903,MODIS,88,148.98,2.87,0.77
2020,11,2.2686955183219055,28.59234288265245,VIIRS,80,34.37,4.38,2.11
2020,11,1.573151371728113,28.03224348816934,VIIRS,83,16.0,3.97,1.0
2020,11,2.326222715442817,28.120117478092443,MODIS,72,142.19,4.87,1.39
2020,11,1.776372639372665,28.706132190356087,VIIRS,84,63.52,2.67,0.49
2020,11,2.2878920509750427,28.892936690665007,MODIS,75,71.58,2.02,1.51
2020,11,1.6672246001328195,28.537752805215604,MODIS,93,108.77,4.57,2.44
2020,11,2.1345282331462965,28.5803905401972,VIIRS,87,84.11,5.55,4.03
2020,11,1.5783060413535626,28.231013099801668,VIIRS,95,70.41,4.04,1.2
2020,11,1.834380589085176,28.502401942831387,VIIRS,74,69.75,3.18,2.3
2020,11,1.2691404213562294,29.05198719275439,MODIS,62,20.34,5.06,2.61
2020,11,1.8127184661492386,28.35065182535084,MODIS,60,119.31,2.01,1.32
2020,11,1.508296965886822,28.68174268860367,MODIS,96,47.49,5.84,3.3
2020,11,1.5102286210937503,28.724809894506162,MODIS,92,112.39,1.11,0.58
2020,12,1.0422294994906034,28.076104373650004,MODIS,74,39.5,3.38,2.61
2020,12,1.2264251269769537,28.457014845433378,MODIS,82,147.52,3.4,0.72
2020,12,1.3042465426186516,28.388599980034925,VIIRS,77,127.17,1.9,1.32
2020,12,2.26268458621455,28.066012955267226,MODIS,88,41.54,4.34,2.66
2020,12,1.8828889371415256,29.147369648800698,MODIS,65,65.72,3.15,0.48
2020,12,2.018116584436802,29.139311761294646,VIIRS,86,111.67,3.58,2.63
2020,12,2.4971215293271083,28.358485756630916,VIIRS,82,131.37,1.18,0.57
2020,12,2.47477878910679,28.873541716893126,MODIS,91,86.01,3.4,1.16
2020,12,1.8674509568217748,28.024510998947687,VIIRS,80,89.49,3.42,0.52
2020,12,1.1208721967767055,29.082034872802385,VIIRS,97,37.86,3.59,2.04
2020,12,2.1529204208434902,28.163605970543244,MODIS,65,148.94,2.87,1.9
2020,12,1.8481094437921164,28.934742069713316,VIIRS,63,123.42,5.54,0.84
2020,12,1.9930383679339632,28.449716794326125,MODIS,69,44.48,5.46,2.0
2020,12,1.8667321590247443,28.999037503113158,MODIS,63,53.61,6.21,2.99
2020,12,1.9831886560055674,28.818628907612666,MODIS,86,58.09,3.54,1.21
2020,12,1.8411770561669263,28.14038090860911,MODIS,79,38.3,3.38,2.32
2020,12,1.6358229000654891,29.02477033419022,MODIS,97,134.29,5.07,3.93
2020,12,1.62608147315655,28.873047956888232,MODIS,100,20.19,3.03,1.97
2020,12,1.005871219970822,28.61402586249313,MODIS,86,90.88,3.4,1.11
2020,12,1.6864608420758296,28.596956221622882,MODIS,79,74.31,4.2,1.11
2020,12,1.9589313029094482,28.407576897528656,MODIS,61,15.55,1.88,0.93
2020,12,1.426750054445921,29.195793145038596,VIIRS,84,142.4,1.65,0.6
2020,12,2.170878582272673,28.537343352677237,MODIS,95,137.81,1.09,0.59
2020,12,1.675507995840217,28.56585110870561,MODIS,86,98.51,2.55,1.53
2020,12,1.8416110952113278,28.138824938121534,VIIRS,68,75.8,1.1,0.57
2020,12,2.282528140159029,28.25410101160103,MODIS,88,63.5,3.91,2.16
2020,12,1.6381238509629208,28.88729882202513,VIIRS,77,119.64,2.65,0.31
2020,12,2.087547290825648,29.07665639982979,VIIRS,67,37.87,3.2,2.47
2020,12,1.5758569161865275,28.531599109258032,MODIS,64,69.74,4.33,2.35
2020,12,2.3789532552111767,28.680833939778353,MODIS,91,38.62,4.17,1.08
2020,12,2.296287491268898,28.523324466425063,VIIRS,66,13.16,1.59,0.36
2020,12,1.5926099624336016,28.109590897055405,MODIS,100,21.43,1.2,0.69
2020,12,1.446452154150566,28.25745705247431,MODIS,79,26.46,1.75,0.73
2020,12,1.65584634411957,28.62561251492453,VIIRS,93,56.45,1.12,0.55
2020,12,1.9110771272858984,28.09857010154877,MODIS,100,96.18,1.34,0.52
2020,12,2.291377541245385,29.093846276940535,VIIRS,73,121.39,1.96,0.54
2020,12,1.5979187330186577,28.74090888396887,MODIS,98,38.14,5.63,1.81
2020,12,1.0822262514949166,29.048216289469448,MODIS,94,90.93,3.66,2.31
2020,12,1.8007147109534256,28.384697045525648,MODIS,70,120.0,5.84,3.27
2020,12,1.9996668597871396,28.154291298223068,VIIRS,79,19.89,3.27,1.11
2020,12,1.7411851360177477,28.143817249452795,MODIS,65,148.46,3.48,2.45
2020,12,1.514147060217063,28.38294495583669,VIIRS,79,116.39,2.1,1.4
2020,12,1.2759435100009369,28.11484381573698,MODIS,97,118.38,1.09,0.74
2020,12,1.2785874698382194,28.13293034156,MODIS,84,138.12,3.8,2.19
2020,12,2.2705146179033644,28.12701506883682,MODIS,82,123.3,3.13,1.6
2020,12,2.2168641653491106,28.871649354915153,VIIRS,66,106.7,3.28,1.33
2020,12,1.721162483005213,28.44502258369071,MODIS,94,61.21,4.02,0.85
2020,12,2.0806494868094103,29.050048546764184,VIIRS,80,64.55,3.99,1.4
2020,12,1.6021335462739623,28.959114205557487,MODIS,61,142.49,6.13,3.63
2020,12,1.0849286495378627,28.991172109532943,VIIRS,96,56.49,3.88,0.98
2021,1,1.9069441650714127,29.187934651874883,VIIRS,77,99.45,2.42,1.8
2021,1,1.5635574683205542,28.729683457499224,MODIS,73,68.13,4.47,3.49
2021,1,2.2581921027784015,28.67129405002019,MODIS,63,52.99,3.99,1.32
2021,1,1.2958879634476477,28.604720227865943,VIIRS,85,114.92,4.1,2.34
2021,1,1.803504606738061,28.947718805923262,VIIRS,82,99.08,4.4,2.47
2021,1,2.2142741915022457,28.254826122459445,VIIRS,85,41.1,4.85,2.68
2021,1,1.7880935190567226,28.843194991367817,VIIRS,82,117.54,5.79,2.82
2021,1,1.8428050229963366,28.602592508512124,VIIRS,93,17.84,5.36,3.72
2021,1,1.901703450945803,28.784825861399078,MODIS,77,34.51,1.71,1.0
2021,1,1.219559224144972,28.17973669616378,MODIS,76,33.8,5.09,2.86
2021,1,2.3528532848302595,28.00371725880367,VIIRS,69,142.82,5.24,1.31
2021,1,1.1727006803751383,28.50274993129095,MODIS,82,47.7,1.45,0.63
2021,1,1.483555491207524,29.15468345174147,VIIRS,90,139.72,5.19,3.33
2021,1,1.0506661945704345,29.104977399021443,VIIRS,88,75.48,4.48,1.75
2021,1,2.2440397689579132,28.520741648170226,MODIS,73,88.24,3.67,0.99
2021,1,1.7648625230658093,28.071264005017103,MODIS,86,42.72,5.2,0.84
2021,1,1.6390463905700028,29.13938141096595,VIIRS,71,15.52,2.13,1.7
2021,1,1.45516164232465,29.169881335731628,MODIS,68,38.7,4.86,0.94
2021,1,2.2756826734133626,29.117191606001636,VIIRS,77,57.4,5.81,2.37
2021,1,2.1550191788408974,28.96017518027703,MODIS,74,128.49,5.37,1.04
2021,1,2.4865678993796414,28.77413748992357,VIIRS,64,121.24,5.46,3.9
2021,1,2.000385117088337,28.24425620802859,MODIS,75,29.62,3.42,1.42
2021,1,2.0751958406625244,28.02367466869066,VIIRS,99,35.5,3.63,0.84
2021,1,1.6387960309453335,28.867111282336253,MODIS,97,148.54,6.06,4.2
2021,1,1.0339238639699828,28.623387867012774,VIIRS,60,147.97,4.99,3.72
2021,1,1.6520841683167469,28.19038971983858,VIIRS,81,107.33,4.07,1.74
2021,1,1.988152599194354,29.195492909157597,MODIS,61,11.31,4.96,1.51
2021,1,2.267230784736209,28.98328843063661,MODIS,60,24.34,3.71,0.67
2021,1,1.1998207064930224,28.714156963438285,MODIS,63,64.08,2.81,0.67
2021,1,1.6412653054006556,29.104682909087103,MODIS,68,69.22,3.66,2.01
2021,1,1.4145791773243939,28.90442629167197,VIIRS,61,149.51,4.92,3.65
2021,1,1.3009184046950297,28.61282283671153,MODIS,75,115.93,4.72,2.96
2021,1,1.441695815456453,29.131494682411944,VIIRS,69,18.79,1.21,0.25
2021,1,1.2515089038262157,28.739439175457544,MODIS,80,58.16,2.34,0.35
2021,1,2.335647971916109,28.529188048260643,VIIRS,87,8.98,5.5,2.83
2021,1,1.3347238126587126,29.067223174789756,VIIRS,91,75.87,1.57,1.06
2021,1,1.2367088521121508,28.918588092771127,MODIS,80,53.16,3.97,0.9
2021,1,1.7045275839955738,28.541464599087075,VIIRS,99,130.15,6.11,1.18
2021,1,1.90272182405729,28.439842013027913,VIIRS,78,50.8,5.22,2.26
2021,1,1.7889651475015773,28.788881976268765,VIIRS,61,51.94,4.49,2.89
2021,1,1.465727956827579,28.319791688202827,VIIRS,98,8.28,2.77,2.21
2021,1,2.055783608382045,28.34352578075365,MODIS,88,123.64,3.7,1.62
2021,1,1.856463679835816,28.912618508255186,VIIRS,94,38.3,5.76,3.77
2021,1,1.4048636193597317,29.099537021234116,VIIRS,77,16.07,5.26,0.91
2021,1,1.0629033273915078,28.038702009822746,VIIRS,61,93.85,1.44,0.37
2021,1,1.3123872002633514,29.165735401980534,MODIS,86,23.35,5.02,1.06
2021,1,2.284737741879981,28.61909198961151,VIIRS,73,117.35,5.26,2.34
2021,1,1.8440345970882663,28.79066159059368,MODIS,95,48.49,1.4,0.32
2021,1,1.1091333457137635,28.72126718186145,VIIRS,75,128.38,4.76,2.62
2021,1,2.444315232825329,28.89833603091333,VIIRS,85,76.5,4.58,2.9
2021,1,1.2619940212056937,28.14221244267132,MODIS,100,58.4,5.93,1.29
2021,1,1.7090766527546988,29.130525714288535,MODIS,89,19.55,4.52,1.49
2021,1,1.1208939394546382,29.030046997652544,MODIS,86,80.76,5.09,2.38
2021,1,1.1418806344319503,28.45135856629605,VIIRS,62,11.76,1.26,0.37
2021,1,2.347079973426152,28.280287481422622,VIIRS,74,87.95,2.45,1.78
2021,1,1.308499199283529,28.39806781513569,VIIRS,82,89.23,1.29,0.79
2021,1,1.286416498514593,28.617595081702376,MODIS,61,73.79,3.62,1.64
2021,1,1.4016239311915606,28.858815560954234,MODIS,61,63.74,4.19,3.11
2021,1,1.515274127340962,29.0585174136723,VIIRS,80,149.44,2.76,0.76
2021,1,2.3721903545465675,28.405922669318333,VIIRS,81,147.2,1.56,0.25
2021,2,2.4171313143886435,28.55131980010689,MODIS,77,52.68,6.18,4.33
2021,2,1.2105916985951164,28.977283519378698,VIIRS,65,106.01,2.06,0.37
2021,2,1.072509564026344,29.073125762819203,VIIRS,76,126.58,3.36,1.3
2021,2,1.397229906963479,29.188079406843485,VIIRS,100,102.95,1.06,0.78
2021,2,1.4015977734252207,28.890986803585058,VIIRS,64,89.84,4.01,2.28
2021,2,1.659946615338685,28.34126536930346,MODIS,64,127.14,2.7,1.89
2021,2,2.3694793368656333,28.42568317055101,MODIS,79,11.18,5.58,2.74
2021,2,2.0710745840433527,28.323335068446536,MODIS,63,83.15,3.28,2.04
2021,2,1.5506663861661756,28.69462417572361,MODIS,94,127.66,4.43,0.64
2021,2,2.2532965473014004,29.022545522308768,MODIS,87,146.5,5.83,3.97
2021,2,1.3098185681642525,28.032198787186754,MODIS,60,111.33,3.31,1.2
2021,2,2.429315761146081,28.250803887734495,VIIRS,96,77.97,3.2,1.14
2021,2,1.491398947327197,28.077655177319226,MODIS,80,19.99,2.35,0.34
2021,2,1.2490512721923677,28.65510686395785,VIIRS,96,92.46,4.96,3.9
2021,2,2.0600508563415225,29.061615959700195,MODIS,100,12.2,5.46,3.84
2021,2,2.40735147211163,28.64667421152247,VIIRS,79,40.34,1.17,0.42
2021,2,1.082407786688827,28.737793081963325,MODIS,93,50.83,1.55,0.34
2021,2,1.8339614834569584,28.473664616760615,VIIRS,97,26.99,1.04,0.81
2021,2,1.5840380134802683,28.47043856747171,MODIS,66,64.69,5.25,4.12
2021,2,1.0180898003693621,28.969986120740494,MODIS,96,78.38,1.66,0.85
2021,2,2.235892664106517,28.317598754320297,VIIRS,96,36.64,4.36,1.26
2021,2,1.7009748381611354,28.699662911854947,MODIS,67,139.86,3.89,2.22
2021,2,2.174297013208121,29.1741678791793,MODIS,93,84.73,2.91,1.37
2021,2,2.3104346460960707,29.126181099104034,VIIRS,70,85.66,5.93,4.54
2021,2,2.1651694229883067,28.223553422561633,VIIRS,96,85.52,4.93,0.71
2021,2,1.5875791544765503,29.007181241582295,VIIRS,73,38.77,1.76,1.06
2021,2,1.7726424741101825,29.07359472144223,MODIS,73,26.9,3.1,2.02
2021,2,1.048733661068832,28.252974248436743,VIIRS,99,75.26,2.99,1.77
2021,2,1.7350881189941085,28.678921006595758,MODIS,72,21.32,1.42,1.03
2021,2,2.135435228830351,28.70660993743319,VIIRS,82,10.73,3.26,1.84
2021,2,1.608205343201135,29.151534409156834,MODIS,80,88.37,3.57,1.26
2021,2,1.2575129703991288,28.305947594497454,VIIRS,82,71.05,3.84,1.02
2021,2,1.7574502374500953,28.497273759391074,VIIRS,61,124.67,1.07,0.15
2021,2,2.4500510617882387,28.35096722840888,MODIS,88,68.18,2.22,0.84
2021,2,2.4395475266303315,28.749782786610524,MODIS,70,24.51,2.3,1.78
2021,2,1.2789995049333247,28.83618270801275,MODIS,65,135.2,1.74,0.43
2021,2,1.3227174438968061,28.052683177708754,MODIS,65,10.65,4.59,0.75
2021,2,2.070277081347211,28.31078231761038,VIIRS,72,24.57,5.48,1.59
2021,2,2.123105025900532,28.96368042732183,VIIRS,97,122.38,3.27,0.7
2021,2,1.8899757364348515,28.140343667972335,VIIRS,88,35.42,2.18,1.73
2021,2,1.31659608422158,28.27730497953899,MODIS,62,48.87,4.73,3.2
2021,2,1.194413104773653,28.009132194843072,VIIRS,67,61.14,4.02,1.34
2021,2,1.7828873483268877,28.929057686586386,VIIRS,91,98.7,2.14,1.68
2021,2,1.931858043635167,28.800566967678485,VIIRS,69,49.94,3.83,1.74
2021,2,2.2182134533957774,28.793285249196398,MODIS,86,108.27,5.39,1.04
2021,2,1.4354648985619411,28.284779662638808,MODIS,81,143.27,3.19,1.85
2021,2,1.0770166355168858,28.785597836849842,MODIS,73,68.3,6.04,0.79
2021,2,1.8312795252788245,29.123723404170782,MODIS,89,10.14,5.33,1.57
2021,2,1.7891489314823132,29.100697128294872,VIIRS,80,117.67,5.61,3.0
2021,2,1.1020027598840059,29.180055124593036,VIIRS,71,16.04,3.56,2.09
2021,2,2.359112851177397,28.071685174849485,VIIRS,60,146.14,6.17,3.87
2021,2,1.5015148602632022,28.26351184635313,MODIS,67,52.22,5.42,3.56
2021,2,2.37146124334942,28.130682151278098,MODIS,74,38.41,1.29,0.66
2021,2,1.3416245388005426,28.29436460873416,VIIRS,97,33.57,1.31,0.58
2021,2,1.4356368344742907,28.221365049648092,MODIS,63,123.84,5.17,0.58
2021,3,1.61305350121107,28.96540749304041,MODIS,96,61.59,5.72,4.54
2021,3,1.6932341837411657,28.99273186313754,MODIS,88,25.38,3.46,1.71
2021,3,1.0389563846038024,28.088377314234474,MODIS,93,64.82,5.95,3.56
2021,3,2.2087944437799223,29.179453974216436,VIIRS,71,87.71,1.13,0.58
2021,3,1.8842595414957986,28.016661102151147,MODIS,93,135.94,2.4,1.62
2021,3,1.249431848841369,28.184743250871612,MODIS,73,116.23,3.91,1.14
2021,3,1.6454336228291695,28.651809158263926,MODIS,83,58.22,2.42,1.08
2021,3,2.1186052265418374,29.06831729575073,MODIS,69,128.82,2.41,1.86
2021,3,1.5017932735607564,29.133566451443194,VIIRS,60,86.36,3.13,0.73
2021,3,2.2133473296832458,28.877390467597284,MODIS,60,37.86,1.96,1.22
2021,3,1.9405518461682372,28.920252429943037,VIIRS,92,43.97,3.35,2.32
2021,3,1.9333934303922962,28.473735973263487,MODIS,68,59.95,2.9,1.88
2021,3,1.9308394936353517,28.634201034035698,VIIRS,87,13.75,1.26,0.41
2021,3,2.3857275892635865,29.189202239225956,MODIS,89,67.21,2.15,1.55
2021,3,1.8348735448805662,29.065700191590174,VIIRS,74,50.26,5.62,3.23
2021,4,2.273369179288937,28.76678477594791,VIIRS,66,48.8,3.86,1.81
2021,4,2.4904407161391386,29.086098911803433,MODIS,74,7.55,2.69,0.38
2021,4,1.520579904843914,29.181952271563,VIIRS,95,37.24,1.49,0.95
2021,4,1.1642836492886128,28.902198575203194,MODIS,85,95.8,5.14,2.91
2021,4,1.5340858624325278,28.173173939631027,MODIS,97,7.42,5.18,3.52
2021,4,1.7406222744616235,28.349897095379703,MODIS,68,9.23,4.69,1.41
2021,4,2.4644796029346048,29.054461103532958,VIIRS,92,80.77,5.31,2.72
2021,4,1.3727466887279949,28.379031406640582,MODIS,64,93.28,1.57,1.08
2021,4,2.4789967126956904,28.138641466759214,MODIS,88,80.6,5.4,1.7
2021,4,1.2500149292409994,28.23193208920484,VIIRS,94,39.42,5.33,3.48
2021,4,1.5471411621060085,28.310753754100894,VIIRS,62,13.71,5.47,3.58
2021,4,1.6835054685412754,28.40821607560095,VIIRS,71,130.74,5.95,2.54
2021,4,1.7305357631922158,28.955564159116438,MODIS,96,86.82,2.63,1.14
2021,4,1.2679561764098577,28.91737133213387,VIIRS,87,99.2,4.55,3.48
2021,4,1.3383422243656151,28.919908399896205,VIIRS,100,63.58,6.05,2.22
2021,4,1.3811040621152917,29.05685639642949,VIIRS,88,122.35,5.97,1.43
2021,5,2.0976833713402088,28.546502338899405,MODIS,99,141.06,4.93,3.3
2021,5,1.3321391500906272,28.84932500824515,MODIS,99,56.64,5.11,3.91
2021,5,2.0603135359611535,28.74244226140845,MODIS,82,137.64,4.06,1.3
2021,5,2.4951285945305033,28.92398829948282,VIIRS,78,20.47,2.18,0.38
2021,5,1.7573026519068826,29.01610210297206,MODIS,69,112.26,3.2,0.8
2021,5,2.0906858387200122,28.002334160773252,MODIS,71,27.09,6.1,4.57
2021,5,1.1087540034943961,28.956845932781693,MODIS,85,104.91,3.62,2.46
2021,5,1.2133092353419013,28.799437310542448,VIIRS,68,70.59,3.52,2.23
2021,5,2.18017102590942,28.66872603696511,MODIS,69,113.57,3.2,1.99
2021,5,1.8270836959884527,28.047705602383044,VIIRS,84,104.55,1.78,1.34
2021,5,2.165066496726532,28.80691556591402,VIIRS,78,91.41,3.64,0.75
2021,5,1.8650131781083352,28.826740570482666,VIIRS,64,64.06,1.87,1.07
2021,5,1.3679667978420955,28.11059426114888,VIIRS,73,96.22,4.37,2.61
2021,5,2.167637199959323,28.685832059561903,MODIS,79,37.08,5.83,2.73
2021,5,1.656611609404803,28.21411408556819,VIIRS,81,50.7,3.92,1.92
2021,5,1.7697866683606274,29.0588653344018,MODIS,60,85.9,2.34,0.56
2021,5,1.7821042990325804,28.567453119744183,VIIRS,98,136.07,5.47,3.82
2021,5,1.7157021739937925,28.546710386329355,VIIRS,91,41.8,4.34,2.09
2021,5,1.6436825009271852,28.47324145406763,VIIRS,94,87.09,4.49,2.7
2021,5,2.367875148052055,28.79103630998564,VIIRS,96,78.58,2.72,0.78
2021,6,1.0139971630990878,29.14954685897048,VIIRS,75,138.87,1.8,0.66
2021,6,2.31264590377185,28.423770390105872,VIIRS,87,29.09,5.27,3.84
2021,6,1.2280805668229928,28.44285830957851,VIIRS,65,121.49,5.59,3.1
2021,6,1.1788790458453418,28.703053254425775,MODIS,79,33.4,5.49,4.28
2021,6,1.8840535561466953,28.377300647940068,VIIRS,86,116.14,4.49,2.15
2021,6,1.5790171831661364,28.5735286238412,MODIS,69,122.9,2.71,2.12
2021,6,2.321978283994879,29.072149167044127,VIIRS,97,130.27,3.59,1.03
2021,6,2.407484082924499,28.219621149738973,VIIRS,73,33.91,1.45,0.29
2021,6,2.408522722829697,28.592153040870105,VIIRS,64,10.28,5.37,1.18
2021,6,2.1321593866603297,28.524896476037902,MODIS,88,99.94,3.64,2.54
2021,6,1.8434447701102787,29.176336336934128,VIIRS,92,107.75,2.91,0.88
2021,6,2.3369247501857693,28.829590372271625,MODIS,96,84.07,2.73,0.4
2021,6,1.6238852769519663,28.66144216109646,VIIRS,66,56.05,4.69,2.23
2021,6,1.1495999541596236,28.18816350638418,MODIS,71,136.61,2.07,0.78
2021,6,1.0693075644158476,28.35583776794088,MODIS,65,146.8,5.71,4.49
2021,6,1.4413563910911467,28.48634695942146,MODIS,66,22.04,3.19,1.77
2021,6,2.4259900900555937,28.121146731400206,VIIRS,97,130.37,4.44,0.55
2021,6,1.667153881627284,28.29776719560349,MODIS,98,31.57,5.11,3.47
2021,6,2.4097604582867485,28.3087653754129,VIIRS,100,117.18,4.08,1.79
2021,6,2.287350857875923,28.93356559651726,VIIRS,81,54.17,3.87,1.43
2021,7,2.179918254040145,28.4637335133257,VIIRS,62,90.44,4.17,0.89
2021,7,2.016084603771701,28.668770914882742,MODIS,92,116.47,3.14,0.97
2021,7,2.2970933885174314,29.18440400415313,MODIS,79,35.61,5.4,0.57
2021,7,1.0189331702244424,29.17648183457717,VIIRS,64,124.85,2.8,1.23
2021,7,1.3070625178273885,28.226098471108667,MODIS,99,126.19,4.58,1.36
2021,7,2.3910543809702167,28.176399621728883,MODIS,98,35.46,2.57,0.67
2021,7,2.174973586156836,28.664310426917712,VIIRS,85,21.89,2.64,1.06
2021,7,2.0930165661807103,28.765823783634694,MODIS,60,139.89,4.24,1.53
2021,7,1.6470155708543868,28.12695225399269,VIIRS,76,68.83,4.19,1.26
2021,7,1.2729391123228426,29.012437350032563,MODIS,74,34.58,6.08,2.25
2021,7,1.6151884368538574,28.38135227674612,VIIRS,75,135.8,1.27,0.71
2021,7,1.8827765853507787,28.685475137121482,VIIRS,93,48.32,1.63,1.2
2021,7,1.337627718619892,28.28186653956275,MODIS,84,15.34,2.26,1.49
2021,7,1.3668021769632475,28.40242881989761,VIIRS,80,110.15,3.76,3.0
2021,7,1.514619591809898,28.80546426832197,MODIS,87,53.31,5.02,3.05
2021,7,1.143597790397083,28.920518756250218,MODIS,92,49.65,3.09,1.39
2021,7,1.6061868911613926,28.97637089908832,MODIS,80,94.12,3.04,1.0
2021,7,1.168564770611121,28.869456791982547,VIIRS,93,146.81,2.53,0.83
2021,8,1.6136101124151627,28.880393515412383,VIIRS,62,14.18,3.64,2.02
2021,8,2.120441852752274,28.990199157905987,VIIRS,91,130.24,3.99,2.72
2021,8,2.3508249823404443,28.986951123271464,VIIRS,62,49.59,5.16,1.5
2021,8,1.5667500253234385,28.27494329494506,MODIS,62,67.97,2.91,0.82
2021,8,1.132286533692341,28.461633095132775,VIIRS,95,114.87,2.12,0.32
2021,8,1.3960532430315775,28.272902924659192,VIIRS,86,90.83,3.02,1.61
2021,8,1.1867208817967705,28.223432281152817,VIIRS,88,34.03,1.49,0.7
2021,8,1.1334096880461846,28.12069084165009,VIIRS,84,26.21,1.8,0.54
2021,8,2.3056437682019384,28.98030053625131,MODIS,67,97.62,4.34,1.64
2021,8,1.0346707114203928,28.669185019591097,VIIRS,76,18.64,2.87,2.02
2021,8,2.2215909161094345,28.988214066415388,MODIS,89,127.65,4.65,1.74
2021,8,2.109185366936447,28.73652871558878,MODIS,69,53.89,5.23,2.52
2021,8,2.070279011900605,28.777436024261046,MODIS,61,71.11,2.54,0.88
2021,9,1.9036949083399515,28.785115182668807,MODIS,74,136.61,1.23,0.82
2021,9,2.0585027375655405,28.613265286841024,VIIRS,85,114.86,1.14,0.78
2021,9,1.6855005456519379,28.174865543303167,VIIRS,100,46.44,4.92,0.51
2021,9,2.181325172222304,28.05829201863757,VIIRS,82,92.49,3.49,2.06
2021,9,1.3786769741328588,28.74699237938433,VIIRS,69,66.56,1.54,0.98
2021,9,1.9358513285549868,29.077693368291452,MODIS,80,141.55,4.65,1.89
2021,10,1.9630579680338192,28.20044676031405,MODIS,89,7.16,5.54,1.87
2021,10,1.0258904734049206,28.786605225812224,VIIRS,83,146.16,5.1,1.25
2021,10,1.8992785790609203,28.090985833951567,VIIRS,81,71.17,3.9,2.09
2021,10,1.8885486373005924,29.106642763143817,MODIS,78,17.51,3.17,2.0
2021,10,1.4458668851820522,28.603067691569308,MODIS,69,30.08,5.85,0.65
2021,10,1.5113584562949456,28.147561163692107,VIIRS,93,142.42,1.74,1.13
2021,10,2.016597239669265,28.844303744280488,MODIS,86,43.2,5.11,3.83
2021,10,1.8707293561592182,28.733454502197535,VIIRS,94,120.71,4.41,3.24
2021,10,1.7816265586047506,28.17785952169995,MODIS,81,26.69,5.16,1.92
2021,10,1.1419865237111553,28.628652005379436,VIIRS,83,141.14,1.3,0.68
2021,10,1.4471143668710384,28.342564379887563,VIIRS,77,130.26,3.76,1.28
2021,10,1.7180541268268548,28.933631382041483,MODIS,87,138.13,3.53,2.09
2021,10,1.9417244839096532,28.726677732423287,VIIRS,75,47.98,4.44,3.37
2021,10,1.9985473206726008,28.25675597080141,VIIRS,85,23.67,6.14,0.8
2021,10,1.59265441852561,29.164826888582397,MODIS,93,62.57,2.46,1.11
2021,10,2.3861622700089944,28.882589184267818,MODIS,76,24.29,3.26,1.33
2021,11,1.2853786727571357,28.28767604689913,MODIS,70,137.04,5.89,2.93
2021,11,2.0383413657242597,28.577963815953137,VIIRS,100,6.51,3.95,0.6
2021,11,2.280166401672046,28.88359588803602,VIIRS,91,137.37,3.6,2.57
2021,11,1.8949739529410945,28.032322192770607,MODIS,98,20.24,3.27,1.22
2021,11,1.6056955530898263,28.811142226774408,MODIS,60,40.99,1.83,0.25
2021,11,2.0782421169555105,28.080088899510084,MODIS,70,64.33,1.49,0.92
2021,11,1.201801505137762,28.914051372565915,MODIS,63,63.43,3.87,1.52
2021,11,1.0053754549336402,28.128275097878365,VIIRS,65,139.58,2.77,1.25
2021,12,1.0557547990990233,28.949315216328138,MODIS,61,100.97,1.14,0.6
2021,12,2.474480326566632,28.279878023366233,MODIS,98,143.08,4.31,0.86
2021,12,2.160828306222903,28.61759259516415,MODIS,75,20.21,1.08,0.25
2021,12,2.4582090113577344,28.93724646565221,MODIS,62,31.54,2.83,0.48
2021,12,1.3405375210219168,28.35081533832474,VIIRS,93,81.0,6.03,0.76
2021,12,1.8463111113329556,28.87566018451842,MODIS,99,25.85,1.4,0.84
2021,12,2.12610237734084,28.20077744144244,VIIRS,67,22.23,4.87,1.91
2021,12,2.184568279856684,28.158629043587297,MODIS,82,119.99,5.79,3.73
2021,12,1.530613732404457,29.147600871541393,VIIRS,99,147.21,3.27,2.34
2021,12,1.8875830892502785,28.515528279610606,VIIRS,84,53.95,2.16,1.14
2021,12,1.3925120358565286,28.162951009633723,VIIRS,71,27.12,1.64,0.42
2021,12,1.5814249918438308,28.761150764521076,MODIS,66,55.8,4.06,2.32
2021,12,1.6642291938333431,28.979968773527332,MODIS,79,147.87,3.98,2.08
2021,12,2.4314232429086493,28.646815659882556,MODIS,86,54.88,5.51,3.3
2021,12,1.5502384664210553,28.079181036284577,MODIS,84,95.08,3.49,1.07
2021,12,2.1418954139429065,28.229348889062997,MODIS,70,34.05,4.62,2.49
2021,12,1.0514734493614442,28.794549735658066,VIIRS,74,108.06,5.14,1.86
2021,12,1.729021658612786,28.542393042942088,MODIS,83,82.97,4.04,1.1
2021,12,1.4873898538605586,28.04629559899053,MODIS,90,79.13,5.54,1.78
2021,12,2.427530216907101,28.31309157561879,VIIRS,72,147.66,3.07,2.26
2021,12,1.5595370955609655,29.180204125127347,MODIS,65,146.58,1.99,0.94
2021,12,1.6049015706237233,29.14873197687546,VIIRS,61,118.71,3.19,0.44
2021,12,2.4055385226182473,28.65972487008969,MODIS,80,102.83,3.29,1.47
2021,12,1.2523346987513704,28.494833567560068,VIIRS,89,34.81,4.4,1.85
2021,12,1.0551668345058192,28.377996542850656,VIIRS,98,128.85,2.68,1.29
2021,12,2.273814139923251,28.949096674670972,MODIS,77,53.3,1.59,1.08
2021,12,1.506943161091806,28.08566820509933,VIIRS,82,104.59,2.41,0.92
2021,12,1.6454766824132283,28.755252051873835,MODIS,62,53.75,5.81,4.17
2021,12,2.236678208577006,28.97365117872408,MODIS,79,57.56,2.63,0.58
2021,12,1.0189553888108367,28.50314957986816,VIIRS,68,88.32,1.55,0.22
2021,12,2.4451118585871408,28.886517175593852,MODIS,98,11.51,2.73,0.62
2021,12,1.7417081494953002,28.024717257677143,MODIS,96,105.16,5.99,4.45
2021,12,2.2833149071755123,28.192387928552254,MODIS,79,29.24,2.96,0.79
2021,12,1.710803022222842,28.060572515393915,VIIRS,78,25.88,5.58,3.63
2021,12,2.406983023920288,28.436156622509344,VIIRS,99,61.23,6.01,0.88
2021,12,1.1394065144946381,29.023987059484387,VIIRS,91,38.07,2.24,1.19
2021,12,2.2828529873473618,29.114478000788576,MODIS,65,94.19,1.78,0.47
2021,12,1.0031305848089516,29.09729420534902,VIIRS,86,27.98,2.07,1.44
2021,12,1.5317247793285067,28.446378146788515,VIIRS,94,21.22,2.07,0.76
2021,12,2.497127117836409,28.146601655844716,VIIRS,79,21.3,1.38,0.4
2021,12,1.285443232052771,28.576489826942545,VIIRS,70,56.72,4.98,3.89
2021,12,1.1634731389027972,28.818239763175104,MODIS,76,29.69,2.54,1.34
2021,12,1.6474862725309998,28.112820690340637,VIIRS,90,146.16,5.88,1.44
2021,12,2.1558274878508445,28.62072047867241,MODIS,63,77.34,3.92,1.39
2021,12,1.5258666185243646,28.582530299946075,MODIS,66,37.73,4.11,3.25
2021,12,1.8128387968782076,28.71465292900484,VIIRS,67,37.74,1.99,1.44
2021,12,2.094347104335418,29.058543101410574,MODIS,65,123.92,1.83,0.38
2021,12,1.2476843714248098,28.02735113653557,MODIS,88,104.7,1.09,0.63
2021,12,1.6138346367802405,28.365202791909777,VIIRS,71,93.85,2.56,0.84
2021,12,1.0044278014827817,28.0000319138613,MODIS,65,103.91,1.42,1.08
2021,12,1.8920920205153327,29.167203783693328,MODIS,72,93.58,4.05,2.81
2021,12,1.5635603783190395,28.52935450600085,MODIS,75,63.44,1.98,0.64
2021,12,2.4023848625658784,28.084819226472895,VIIRS,65,101.37,1.79,0.56
2021,12,1.9420222808029544,28.640778458542037,VIIRS,81,67.16,4.09,0.74
2021,12,1.1431453481693477,28.19949697607337,MODIS,99,85.86,5.59,3.63
2021,12,1.5667574595913152,28.683968280166376,VIIRS,64,53.46,1.86,1.16
2021,12,1.9484827134175156,28.464974834231693,MODIS,100,98.28,3.1,1.67
2021,12,1.4334117127775174,28.785318139480516,MODIS,88,129.32,3.02,1.77
2021,12,1.4009111193942245,28.521977145601028,VIIRS,88,10.79,2.9,1.3
2021,12,1.7631379841064159,28.04617575009588,VIIRS,92,131.5,3.45,2.63
2021,12,2.131547931082273,28.698662770793522,VIIRS,96,18.32,2.48,0.92
2021,12,2.326626242668242,28.595233190471895,MODIS,91,70.37,1.22,0.73
2021,12,1.5143108702582397,28.610626232555,MODIS,66,120.78,2.98,2.17
2021,12,1.5661589080758538,28.964715339793592,VIIRS,62,143.63,1.51,0.67
2021,12,1.5876306269820288,29.119485261245746,VIIRS,63,86.77,2.74,1.7
2021,12,1.589939716063012,28.541828136089972,VIIRS,77,139.01,4.43,2.69
2021,12,1.6459976138399437,29.164982241035048,VIIRS,82,107.92,5.43,1.36
2021,12,2.394234787453919,28.966343120847565,VIIRS,90,107.96,3.6,2.15
2021,12,2.138627109803221,28.45311304871589,VIIRS,90,92.38,5.76,3.28
2021,12,1.5201895697795293,28.327466280335653,MODIS,61,120.22,3.64,1.57
2021,12,2.0621657217724927,29.024643329101124,MODIS,93,55.65,2.91,0.37
2021,12,2.0951922759951156,28.157233970861657,VIIRS,68,51.37,4.49,2.5
2021,12,2.051433805580248,28.190015591957525,MODIS,74,110.46,1.48,0.33
2021,12,1.8985944434714535,28.63838923260737,VIIRS,86,32.47,3.08,0.93
2021,12,1.033042883033613,28.934146924419046,MODIS,91,60.97,5.51,1.29
2021,12,2.1539523103869724,28.7706482346125,MODIS,89,128.21,2.19,1.06
2021,12,2.1622677178974703,28.364912114191064,VIIRS,82,133.01,3.88,2.12
2021,12,1.016226046427556,28.565743143786293,VIIRS,65,31.43,1.7,0.95
2021,12,1.434528604740962,28.00571851477292,VIIRS,94,116.5,3.82,2.06
2021,12,2.2809518168361125,28.18806764696193,VIIRS,84,139.9,1.99,0.38
2021,12,1.8208019618032671,28.630440379722184,MODIS,91,72.52,3.37,2.37
2021,12,1.5723160390364208,28.147362937541775,VIIRS,70,69.96,1.91,1.13
2021,12,1.4340925559557098,28.514821131525654,VIIRS,86,111.84,5.66,1.5
2021,12,2.0637108467412486,29.151577577056656,VIIRS,83,53.17,3.56,0.84
2021,12,1.7496516682770633,28.704075292571403,MODIS,97,42.09,4.03,2.25
2022,1,2.4646035659832304,29.12662318873173,MODIS,86,89.7,1.95,1.23
2022,1,1.8226229469242008,28.751987196280847,MODIS,74,62.99,1.99,0.3
2022,1,1.690799667803087,28.69777802292484,VIIRS,87,114.32,5.45,2.15
2022,1,1.8094928940692165,28.321919161350493,MODIS,75,77.5,5.54,0.57
2022,1,1.9888889597876498,28.746817869711194,VIIRS,68,60.83,1.06,0.49
2022,1,2.3196244138982056,28.0158099059854,VIIRS,70,102.19,5.25,3.21
2022,1,2.255053896416219,28.099544186784325,VIIRS,89,105.76,2.97,1.95
2022,1,1.2631705444655816,28.035031385371017,MODIS,83,64.7,3.23,1.37
2022,1,1.6020370668963064,28.71221379686024,VIIRS,85,37.7,2.19,1.0
2022,1,2.399873726336328,28.625171766050716,VIIRS,93,105.01,4.47,2.71
2022,1,1.565569818617107,28.37972375280731,VIIRS,72,87.51,4.65,0.63
2022,1,1.5672683969984174,29.174874297840372,MODIS,92,74.7,2.06,1.39
2022,1,1.2418529302700687,28.76701994175973,MODIS,83,19.69,1.45,0.88
2022,1,1.8337644525355736,28.384162617039493,VIIRS,66,105.36,1.35,0.91
2022,1,1.5666107685116535,28.00522730829118,VIIRS,89,104.85,2.42,0.75
2022,1,1.7184803244191347,29.153058874716816,MODIS,61,50.29,4.61,2.12
2022,1,1.1568327705379249,29.132280803187168,VIIRS,66,135.21,2.99,1.28
2022,1,1.5737414468718627,29.10411625071142,VIIRS,73,114.66,5.84,2.88
2022,1,1.6814150824482579,28.590924683754462,MODIS,96,132.0,2.48,0.84
2022,1,1.2989386340143532,28.003022766104987,MODIS,94,30.94,1.21,0.35
2022,1,1.3142357352182943,29.13270730714946,MODIS,71,119.1,5.93,2.14
2022,1,1.4882272325675774,29.037122935884618,MODIS,95,106.19,1.4,0.85
2022,1,2.21001316650061,28.24445419535567,MODIS,93,129.96,3.06,1.83
2022,1,2.4674714425276183,28.112784681460596,VIIRS,67,91.34,1.52,1.18
2022,1,1.3529086448807581,28.51782177268599,MODIS,91,114.49,4.66,1.1
2022,1,1.9996084561478702,28.579510569665217,VIIRS,100,25.98,1.64,1.16
2022,1,1.24185014729537,28.578287498321423,MODIS,92,108.06,4.23,1.95
2022,1,1.661217846145986,28.26082876347266,VIIRS,74,63.26,6.1,2.01
2022,1,1.506323570302391,28.607998246949315,MODIS,77,39.68,6.15,1.61
2022,1,1.8089882256847067,28.92647242591233,VIIRS,63,136.92,2.52,1.16
2022,1,1.7925442592736174,28.127420261206797,VIIRS,89,22.32,3.26,2.37
2022,1,1.411301748159325,28.568612470700298,VIIRS,72,115.55,3.76,2.66
2022,1,2.307584351497976,28.961320989006616,VIIRS,60,88.15,5.95,3.71
2022,1,1.795116086963033,28.64409087471694,MODIS,63,121.95,3.39,2.47
2022,1,2.4980650103607793,28.001292852742054,MODIS,91,133.67,1.92,0.61
2022,1,2.028530262986939,28.032052858972577,MODIS,87,96.42,5.18,2.56
2022,1,1.694007651694925,28.588393911757063,MODIS,98,45.1,5.13,1.8
2022,1,1.468692143209438,28.313662304751187,VIIRS,75,114.88,2.91,0.62
2022,1,1.067194229199706,28.259109526448622,VIIRS,72,75.31,2.11,0.62
2022,1,1.6776865443065825,28.09238364108972,MODIS,88,100.82,1.38,0.5
2022,1,1.7634538069534913,28.534840462673365,VIIRS,67,144.59,2.63,1.8
2022,1,2.150511508350619,28.657482122034047,VIIRS,67,143.18,5.88,2.46
2022,1,1.6670813632524226,28.59495619346318,VIIRS,96,108.34,5.79,1.76
2022,1,1.094804800580983,29.18675210491939,MODIS,71,30.4,2.63,1.36
2022,1,1.8294716128502067,29.086226433296552,MODIS,100,42.0,1.02,0.81
2022,1,1.1458629665892615,28.771607133370654,VIIRS,60,90.13,2.86,1.79
2022,1,1.9010308050388496,29.09646439294962,MODIS,83,61.7,1.23,0.45
2022,1,1.1924491350886208,28.10434138803117,MODIS,61,60.82,1.45,1.11
2022,1,2.0038009634849407,28.1279566089435,VIIRS,82,16.56,4.89,2.96
2022,1,1.4818199145213728,28.3134968890114,VIIRS,96,81.13,1.38,0.57
2022,1,1.3684958093508532,28.53977730960493,VIIRS,92,131.28,4.73,1.38
2022,1,1.2455719583057312,29.039933194521414,VIIRS,80,92.35,3.81,2.61
2022,1,1.612073379531568,28.2406998732033,MODIS,70,112.41,1.84,0.3
2022,1,1.7598387972794785,28.09534717239698,MODIS,91,65.24,4.61,1.6
2022,1,2.2670480456283344,28.27774322408609,VIIRS,95,122.0,3.51,2.57
2022,1,2.3356451954986595,29.170198941515277,VIIRS,98,47.06,5.41,0.76
2022,1,2.462588271379608,28.572936742719207,MODIS,76,147.14,1.59,1.09
2022,1,1.6399341948125614,28.262264486756575,MODIS,95,143.07,3.65,2.78
2022,1,2.3294514867461054,28.28556249218808,MODIS,70,104.85,6.09,4.67
2022,1,1.489070871089636,28.033601256615174,MODIS,78,94.22,5.27,2.07
2022,1,1.5870839420370504,29.02494993697971,VIIRS,96,120.92,4.91,1.12
2022,1,1.2510539790732484,29.032482588960896,MODIS,88,115.31,4.8,3.49
2022,1,1.6201004435257347,28.88674290792117,MODIS,86,101.62,5.87,4.14
2022,1,1.0802978479569674,28.224339169297203,MODIS,79,83.86,3.03,1.35
2022,1,1.601384979815884,29.19144031703174,VIIRS,60,39.05,5.09,3.79
2022,1,2.0603357400941693,28.35143678687939,MODIS,67,72.03,6.2,0.9
2022,1,1.2507261951649176,28.68942552599879,MODIS,62,148.19,1.98,0.45
2022,1,1.9802381183290607,28.30216576914582,MODIS,64,63.33,3.46,0.62
2022,1,1.2213259805593222,28.165877334993954,MODIS,84,66.4,4.57,2.05
2022,1,2.2287204307756023,28.850043174738172,MODIS,81,143.24,5.61,3.04
2022,1,1.0243264128103164,28.249496334161805,MODIS,67,123.97,4.46,1.05
2022,1,1.1905912688161715,28.75865308535622,VIIRS,97,80.66,4.49,1.41
2022,1,1.7127045294703787,28.345552139110435,MODIS,95,111.85,4.17,1.7
2022,1,2.0626091245405362,28.428504952162932,MODIS,63,19.51,3.1,1.76
2022,1,1.3604678870766194,28.480430365093955,MODIS,92,123.73,2.59,1.66
2022,1,1.535316879624022,28.019484229101405,MODIS,76,117.87,5.44,3.2
2022,1,1.5241068016848593,29.107861574914455,VIIRS,72,114.92,5.61,2.11
2022,1,2.0720349989052442,28.71124980073391,VIIRS,75,145.75,4.55,1.92
2022,1,2.3605904114441323,28.172865706516102,VIIRS,70,82.69,2.15,0.83
2022,1,1.3499357189386265,28.23342009888917,MODIS,84,129.89,4.36,2.35
2022,1,1.8058917168730502,29.06206229092615,MODIS,60,88.28,6.22,4.62
2022,1,1.9117416697429672,28.121172255807018,MODIS,68,56.35,1.98,1.49
2022,1,1.8220533545153104,28.830547516233327,VIIRS,71,137.81,1.02,0.13
2022,1,1.10511379496623,28.918606577654522,MODIS,76,10.33,2.71,1.09
2022,1,1.1383585615193494,28.8046549749438,VIIRS,99,131.74,5.95,2.82
2022,1,1.2205366342275035,28.15549467135071,MODIS,86,24.75,1.39,0.46
2022,1,2.1112198352447686,28.060710889822456,VIIRS,96,24.66,1.05,0.47
2022,1,1.0306432090881725,29.09399121120696,MODIS,82,91.3,2.78,1.43
2022,1,1.8971625016094515,29.198812279643878,MODIS,76,131.53,5.06,1.39
2022,1,1.8931550400343384,28.524202394835154,VIIRS,64,38.88,3.14,0.66
2022,1,1.9802843821410123,28.082193843761587,VIIRS,70,30.36,6.2,3.97
2022,1,2.2395044380563305,28.00308803463649,MODIS,72,79.22,4.07,1.09
2022,1,1.9793137951393898,29.075964398453372,MODIS,100,41.35,3.35,2.58
2022,1,1.6603713612688826,28.61097172555138,VIIRS,87,108.17,2.31,1.77
2022,1,2.1130945303410726,28.74126083152544,MODIS,78,62.66,3.51,2.62
2022,1,2.0960046311665557,29.001325749758937,MODIS,81,41.81,3.1,0.42
2022,1,1.1139326903160025,29.06573557530688,VIIRS,74,64.76,3.46,2.51
2022,1,1.6296632779883855,28.540937956177807,VIIRS,61,53.72,4.08,1.88
2022,1,1.5126654201347338,28.791707534496226,MODIS,60,83.07,2.52,0.33
2022,1,2.3465191873423445,28.456806867770357,MODIS,65,118.17,2.6,0.55
2022,2,2.4124087039859283,28.087493481069195,VIIRS,75,79.34,3.04,2.3
2022,2,2.4471270432187335,28.03847722593485,MODIS,71,57.34,4.73,2.93
2022,2,2.0896672442842967,28.51771351833952,MODIS,69,12.61,5.41,1.89
2022,2,1.3506196145095744,29.14712611772657,VIIRS,73,47.72,1.05,0.81
2022,2,1.9818796218151538,28.007053560875832,VIIRS,79,124.35,2.33,0.47
2022,2,1.0448935384598719,28.542321577904477,VIIRS,83,64.15,6.13,4.38
2022,2,1.4348494285761655,28.64186532014317,VIIRS,60,125.58,2.3,0.54
2022,2,1.6811753630615534,28.640520374001312,MODIS,62,77.9,5.68,3.02
2022,2,1.2865145343557671,28.053415990816863,VIIRS,64,21.0,1.37,1.02
2022,2,2.478433665240644,28.99400174259773,MODIS,88,84.0,1.79,0.96
2022,2,2.1277286385508005,28.299815543549713,MODIS,100,43.28,2.04,1.12
2022,2,1.856739400875192,28.17544764595645,MODIS,89,83.65,4.97,3.8
2022,2,2.0000829451720934,29.08096108923154,VIIRS,75,47.33,4.11,0.61
2022,2,1.2600529975821226,28.904128658238097,MODIS,82,96.05,2.37,0.68
2022,2,2.1835817431230855,28.774999901631592,MODIS,70,136.98,4.08,1.36
2022,2,1.5373142245741536,28.064481172932524,MODIS,76,95.47,2.34,0.36
2022,2,1.9124915440529986,28.10178444820874,MODIS,77,12.95,3.56,1.34
2022,2,1.2811639466140028,28.21413878423842,VIIRS,98,54.75,2.71,1.65
2022,2,1.9447470459820384,28.744440447576345,MODIS,73,107.55,2.81,1.52
2022,2,1.9322039662699013,28.791819222672547,VIIRS,97,109.95,2.11,1.37
2022,2,1.6190088352965353,28.584591335472307,MODIS,70,141.19,2.55,1.74
2022,2,2.432804257919773,28.296817101228918,MODIS,81,17.15,5.42,1.31
2022,2,2.150206051184686,28.917742939255515,VIIRS,72,139.17,5.41,2.54
2022,2,1.9736390888249,28.56791436703776,VIIRS,81,115.26,3.29,1.2
2022,2,1.1809891361010676,28.96079847784432,VIIRS,76,28.17,4.3,2.63
2022,2,1.7009403555499347,28.45041698152356,MODIS,71,47.17,5.49,3.38
2022,2,1.8896413649095947,28.811376186057412,VIIRS,75,20.73,5.54,1.67
2022,2,2.2836713745554555,29.17738232402658,MODIS,71,24.25,5.22,3.87
2022,2,2.465487129176324,29.08222036693411,VIIRS,99,99.94,5.06,3.74
2022,2,1.9116427026947131,28.414197971057437,VIIRS,92,93.4,5.73,2.86
2022,2,1.70626339379054,28.008892401177807,MODIS,85,12.93,5.65,3.53
2022,2,1.2439505142972742,28.425072733425896,VIIRS,87,11.04,3.34,1.8
2022,2,1.3081129478490645,28.832630018495017,MODIS,67,19.14,2.65,1.89
2022,2,2.0236775164708254,28.617991563175003,MODIS,65,51.72,5.32,1.9
2022,2,1.4441694675608645,29.054960678939754,MODIS,63,141.95,5.11,3.89
2022,2,1.352775835593206,28.288103543180107,MODIS,63,133.69,5.61,4.17
2022,2,1.4568880645625297,28.289335213541065,MODIS,82,22.76,3.6,1.21
2022,2,2.4430357061839176,29.06678390978143,MODIS,62,126.19,3.32,0.44
2022,2,2.3101933624133455,29.191992562201257,VIIRS,93,85.86,4.17,1.83
2022,2,2.2119552096255273,29.150631815146244,MODIS,61,56.43,3.05,2.11
2022,2,1.0111575811398605,29.011460230874565,VIIRS,68,144.51,3.27,1.23
2022,2,1.976154849776997,29.02522282543242,MODIS,60,36.81,1.13,0.47
2022,2,1.7364925068434292,29.148362928601653,MODIS,86,106.76,4.74,2.65
2022,2,1.287180933224365,28.94574313729447,VIIRS,83,10.93,2.78,1.0
2022,2,1.4748830419318084,28.171484967500753,VIIRS,94,115.23,2.32,1.02
2022,2,1.468283785488648,28.754897567730186,VIIRS,83,41.09,5.16,2.51
2022,2,2.277577027052878,28.888465368911934,MODIS,68,142.07,4.98,2.45
2022,2,1.1433879521971007,28.74012367391045,VIIRS,84,139.41,3.18,1.43
2022,2,1.0295367547229843,28.25417016442146,MODIS,63,149.03,2.8,0.89
2022,2,1.1780313062669612,28.482740735947196,MODIS,77,91.19,4.52,1.23
2022,2,1.4945537416221635,28.509139808398768,MODIS,69,86.48,5.87,3.11
2022,2,1.9153363651705089,28.323046545695274,MODIS,98,78.34,3.31,1.95
2022,2,2.1440727883963904,28.145807042352256,MODIS,62,143.37,2.29,1.23
2022,2,1.9467020091149174,28.938622929367483,VIIRS,92,112.4,4.22,3.05
2022,2,1.411546082628284,28.199378653333255,MODIS,60,149.51,1.72,1.23
2022,3,2.3517470081584584,28.585959345286742,VIIRS,98,18.2,6.04,2.03
2022,3,1.6642470165906764,29.060436204696504,MODIS,66,108.44,5.32,1.4
2022,3,1.800778714696377,28.633497682894035,VIIRS,79,21.13,1.63,1.19
2022,3,2.3321161871537384,28.5468428116357,VIIRS,70,32.48,2.16,1.02
2022,3,2.4960696874725494,28.6110587711912,VIIRS,88,102.15,5.21,2.03
2022,3,2.231054325021518,28.397484852495243,VIIRS,91,71.39,5.22,4.08
2022,3,1.0193819309792358,28.021279584017943,MODIS,77,88.21,5.64,1.18
2022,3,1.7494744683281367,29.1486483054561,VIIRS,73,85.75,2.93,2.03
2022,3,1.9633394074738562,28.553305370799425,MODIS,94,144.72,4.96,2.85
2022,3,1.1657205745621795,28.755768433898798,VIIRS,83,83.9,1.87,0.32
2022,3,1.3775672718795016,28.29304547061526,MODIS,62,31.08,3.2,1.65
2022,3,1.6065479174809336,28.704289038402703,VIIRS,89,117.72,1.61,0.68
2022,3,1.376776975038274,28.023324368627424,VIIRS,80,63.29,2.67,0.64
2022,3,1.0793272184617577,28.191296533344865,MODIS,81,135.68,4.66,1.89
2022,3,1.9314030515735463,28.63763969205401,VIIRS,83,72.6,1.36,0.71
2022,3,1.3643394133744706,28.956458480143784,MODIS,74,142.83,3.17,2.5
2022,3,1.6981372319969326,28.23583522510561,MODIS,87,118.96,2.71,1.14
2022,3,1.4401326801932013,28.060738323068524,MODIS,67,118.26,2.67,1.25
2022,3,1.702053318275647,29.085375811846323,VIIRS,95,94.68,2.64,0.65
2022,3,2.4226752052814033,28.955504923171578,VIIRS,91,110.12,1.1,0.4
2022,4,1.2142733090397424,28.9657876306356,VIIRS,64,111.48,1.21,0.43
2022,4,1.3138512018286723,28.283873197976817,VIIRS,87,41.75,5.8,0.93
2022,4,1.5399192896075706,28.03072998637053,MODIS,88,13.85,1.35,0.55
2022,4,1.7659909346812293,28.44747224007498,VIIRS,71,32.08,5.85,3.43
2022,4,1.2872305978294158,28.64130088248445,MODIS,77,5.49,4.27,0.89
2022,4,1.3986687779998372,28.697570969089707,MODIS,96,39.65,5.82,2.64
2022,4,1.1146502102225266,28.673316807849407,MODIS,72,78.09,2.3,0.95
2022,4,2.352319305742385,28.045481265169613,MODIS,69,39.04,2.35,0.28
2022,4,1.0124268728310244,28.66931891662031,MODIS,97,8.98,1.84,0.24
2022,4,1.3386270573658559,28.609378392997463,MODIS,84,78.78,4.57,3.41
2022,4,2.005988014876503,28.84320600199992,VIIRS,90,78.38,6.11,3.28
2022,4,1.1538440497819302,28.497295990610173,MODIS,85,52.17,2.48,1.08
2022,4,1.4296347979018946,28.631905251327296,MODIS,97,133.2,4.43,0.87
2022,4,1.9869819434770344,28.739599299281114,VIIRS,81,139.1,1.57,0.78
2022,4,2.085667316709089,28.134040454938248,MODIS,92,105.22,6.21,4.42
2022,4,1.5037781926808305,29.033957871487964,MODIS,66,94.06,4.66,2.96
2022,4,1.6051815340371243,28.997047457544912,VIIRS,62,76.49,3.15,1.1
2022,5,1.6596714952733795,28.33061760668865,VIIRS,77,103.3,1.89,1.25
2022,5,2.3696407074577195,28.22146253303994,MODIS,80,87.3,3.49,2.54
2022,5,2.0306265454815797,28.892496791768348,VIIRS,60,81.84,4.61,2.88
2022,5,1.1202282916440112,28.966829344204452,MODIS,61,5.48,5.31,1.67
2022,5,2.4936089590107184,28.481908793162102,MODIS,97,45.9,5.2,4.01
2022,5,2.3219552299920223,28.442050699220047,MODIS,64,43.53,4.4,1.23
2022,5,1.7297683628892175,29.076410758145837,MODIS,99,22.82,3.62,1.72
2022,5,2.0382605736066557,29.014332445402797,MODIS,67,14.2,5.3,4.15
2022,5,2.424922568107392,28.56675662859017,MODIS,100,113.81,5.23,3.77
2022,5,1.8200649467529426,28.661508433014095,VIIRS,71,49.37,2.28,0.76
2022,5,1.4343001677134848,28.779528198809942,MODIS,85,123.7,1.0,0.33
2022,5,1.4296717571063207,28.656991096799924,MODIS,85,51.29,3.57,1.65
2022,5,2.412285344574808,28.15865720021118,VIIRS,63,90.5,5.79,3.36
2022,5,1.5422397139254689,29.155382913861995,MODIS,82,136.42,3.27,2.61
2022,6,2.1694424587811465,28.56408808746173,MODIS,93,121.16,4.95,2.18
2022,6,1.1054279204073207,28.760610550750325,VIIRS,75,84.28,1.66,1.01
2022,6,2.434392171447989,28.943307356650944,VIIRS,98,93.1,1.89,0.78
2022,6,1.3556821108587682,28.83041466443767,VIIRS,61,77.85,1.74,0.36
2022,6,1.5779300074072982,28.009854834355593,MODIS,71,123.24,1.25,0.94
2022,7,2.4566674942924256,29.13847437788175,VIIRS,89,39.58,4.36,2.42
2022,7,1.4725750733302174,28.978061712152165,MODIS,70,12.44,4.51,0.86
2022,7,1.15780098909514,28.73362606696255,MODIS,68,141.35,4.89,2.95
2022,7,2.271788335783428,28.575963621320437,VIIRS,60,45.49,4.83,3.8
2022,7,2.32332280634834,28.353864968749384,MODIS,96,74.93,4.29,1.15
2022,7,2.486708613858024,28.601291997885724,MODIS,60,133.17,4.67,1.38
2022,7,1.23948735833617,28.034148285531174,VIIRS,67,112.95,4.82,2.65
2022,7,1.5808829484091336,29.15712421537607,MODIS,63,39.88,1.59,0.46
2022,7,2.262091340393354,28.898208162050697,VIIRS,84,70.52,2.15,0.48
2022,7,1.5948256636475557,28.399414241117103,VIIRS,67,75.68,4.01,0.46
2022,7,1.5748650662282442,28.799105136501666,MODIS,94,148.37,4.92,1.34
2022,7,1.331166399619102,29.06514968718858,VIIRS,72,64.96,4.36,2.83
2022,7,2.2251482684184016,29.049219725202736,VIIRS,97,145.45,3.1,1.03
2022,7,1.6659582573746377,28.885851811696103,VIIRS,87,10.31,2.31,1.11
2022,7,1.9783025627506743,28.074246102248313,VIIRS,87,9.52,1.35,0.62
2022,7,2.089361499126424,28.82101221964408,VIIRS,81,69.2,1.37,0.7
2022,7,2.217428909244002,28.016139978925295,MODIS,73,55.73,5.47,4.11
2022,7,2.2939986117450264,29.054294250289328,VIIRS,89,118.17,5.01,2.87
2022,7,2.278935810565556,28.755774038137748,VIIRS,75,26.23,5.54,2.35
2022,8,2.1108301860663063,28.321420128105647,VIIRS,71,25.87,5.22,1.15
2022,8,2.1277508353810615,28.120411968332146,MODIS,94,62.25,1.98,0.34
2022,8,1.0147028396087063,28.70888022725265,VIIRS,62,143.69,3.23,0.99
2022,8,1.7199838632847517,28.334324634713752,MODIS,76,105.45,2.63,0.56
2022,8,1.6564573115245969,28.045197368367283,MODIS,78,68.55,5.62,4.25
2022,8,1.8393815988617406,29.161519221931165,MODIS,92,92.09,2.07,1.24
2022,8,1.8269421614179593,28.47570330239958,VIIRS,83,105.81,5.07,3.95
2022,8,1.5361387677660396,28.87356951343811,VIIRS,61,73.88,2.9,1.34
2022,8,2.0398778410214264,28.393963652344226,MODIS,70,97.58,5.74,2.99
2022,8,1.5796599520349226,28.782723230055502,VIIRS,95,31.44,2.44,1.07
2022,8,1.5473091004594492,29.098399710550588,VIIRS,95,54.18,3.73,0.55
2022,8,1.6053072440181784,29.15251911126197,VIIRS,82,18.58,4.95,1.24
2022,8,1.235502238068622,29.075408976475718,VIIRS,61,50.46,1.62,0.49
2022,8,1.098799246698888,28.634269318843696,VIIRS,94,8.03,1.0,0.73
2022,8,2.3139257843958667,28.900339322176187,MODIS,63,77.58,5.13,1.27
2022,8,2.435042703261617,29.018681910682545,MODIS,91,121.57,4.31,1.38
2022,8,1.2473359738811352,28.015404398271425,MODIS,61,116.04,3.52,0.41
2022,8,1.2156291704609878,28.578134041082368,MODIS,92,50.71,5.36,0.56
2022,9,2.180107665359756,28.552003536260678,MODIS,96,128.59,1.79,0.34
2022,9,1.6124481032813074,29.19275879514661,MODIS,99,133.15,4.97,3.12
2022,9,2.3472424964129166,28.378710662742172,VIIRS,96,109.89,1.98,0.37
2022,9,1.1233367458216867,28.06487889245428,MODIS,94,130.94,3.01,0.31
2022,9,1.2206523064661972,28.252034966294147,VIIRS,93,107.9,5.87,3.48
2022,9,1.6009554640032213,28.508162093780268,MODIS,79,98.7,5.88,4.46
2022,10,1.6883967130735686,28.16683379534052,MODIS,81,52.63,2.48,1.96
2022,10,1.0851832185894883,28.02002106896753,VIIRS,94,6.54,3.55,0.4
2022,10,1.3383786830839532,28.75728813928358,MODIS,90,117.75,4.41,2.88
2022,10,2.194922625932705,28.883683798038483,VIIRS,86,38.68,3.05,1.51
2022,10,1.7904289791292962,28.05784575685882,VIIRS,62,61.66,4.43,2.35
2022,10,1.5694114173189864,28.598639780598646,MODIS,71,82.27,3.25,2.18
2022,10,1.972046264396708,28.68538317157614,VIIRS,84,32.23,5.42,2.29
2022,11,2.3219817062171746,28.938892723923075,MODIS,95,84.73,2.76,1.71
2022,11,2.1358832794124805,28.02214987194024,MODIS,86,109.85,5.84,1.01
2022,11,1.4873359879126138,29.16235593444384,VIIRS,100,83.26,5.89,3.25
2022,11,2.003018142824348,28.228466462619274,MODIS,71,134.0,5.38,2.43
2022,11,1.581337565746041,28.75817097622271,MODIS,77,48.86,1.63,0.54
2022,12,1.4579758787174308,29.00616086089999,VIIRS,80,110.69,3.13,2.42
2022,12,1.5888073940239116,28.433166126938918,VIIRS,72,129.76,3.17,1.59
2022,12,1.014937820480464,28.08965602584937,VIIRS,99,131.81,2.71,2.16
2022,12,1.6711785606755685,28.613321294160194,VIIRS,65,44.9,1.52,0.74
2022,12,1.3525130947298147,28.63829390897853,MODIS,90,123.01,4.14,2.13
2022,12,1.4740256746560285,28.250216173731733,VIIRS,60,124.07,3.66,0.49
2022,12,1.3098088170717532,28.201751304544896,MODIS,77,100.12,1.82,0.7
2022,12,2.1793466912622144,28.73502773737232,VIIRS,80,99.28,2.5,1.89
2022,12,1.2457314981120835,28.75651743600942,VIIRS,62,17.69,6.09,0.93
2022,12,1.2856418609208116,28.34097869501717,MODIS,95,14.34,2.64,0.91
2022,12,1.9452452654344352,28.966781189932927,VIIRS,69,138.44,1.12,0.49
2022,12,2.225017551583975,28.354253286208387,VIIRS,85,68.49,4.48,3.5
2022,12,2.3702084131648657,28.98899304596161,MODIS,82,123.69,4.39,2.96
2022,12,1.1216793607400743,28.10250883599636,VIIRS,100,23.54,2.47,0.64
2022,12,2.1184112991102717,28.871737791241852,VIIRS,92,5.87,4.97,0.91
2022,12,1.6866013602110006,28.733612208166942,VIIRS,75,55.03,5.26,3.74
2022,12,1.6623251686129636,29.0389699957885,MODIS,85,43.93,4.46,1.94
2022,12,2.263673608837424,28.133126903487845,MODIS,90,94.18,1.68,0.96
2022,12,1.568913361474799,28.18407928437595,MODIS,82,26.76,3.26,1.3
2022,12,1.1946796059423024,28.884543676535078,MODIS,95,78.71,3.66,0.67
2022,12,1.5885722150526527,29.03374787533952,VIIRS,63,114.32,4.67,2.21
2022,12,1.8079397754138327,29.00484121872087,VIIRS,74,6.38,5.43,3.32
2022,12,1.0166044991283572,28.866924491264037,VIIRS,77,94.55,3.98,2.79
2022,12,2.2382852080533207,28.9662964667332,VIIRS,100,130.6,2.58,1.0
2022,12,1.0113045707244996,28.923090955031256,VIIRS,99,128.49,6.09,1.76
2022,12,1.2483337106572705,29.14064325468397,VIIRS,63,28.48,5.37,2.84
2022,12,1.9173585869846081,28.34950352035824,MODIS,72,129.04,3.11,2.36
2022,12,1.7406195302824163,28.806335146563523,VIIRS,86,99.89,2.17,0.92
2022,12,1.3101422443564437,28.283865881910195,MODIS,74,38.72,3.32,0.9
2022,12,1.5898973984698113,28.51090482679868,MODIS,61,95.03,4.38,0.69
2022,12,1.488421000709432,28.627655428080672,MODIS,77,34.08,5.94,0.97
2022,12,1.9767574076321788,28.42059106701684,MODIS,78,6.65,4.44,2.46
2022,12,2.05558686289083,29.194354260287632,VIIRS,81,124.25,1.53,1.19
2022,12,2.4131848912335907,29.181130716698572,MODIS,84,32.14,1.54,0.72
2022,12,1.8575937701859795,29.026660903667064,MODIS,80,30.36,4.68,1.74
2022,12,1.5669708059043943,28.1191521930959,VIIRS,88,100.09,3.08,1.51
2022,12,1.0972927135380195,29.131994802271326,MODIS,71,67.83,2.16,0.88
2022,12,1.0738419446433947,28.64801042930339,VIIRS,77,73.4,6.01,2.73
2022,12,1.830249736768805,28.17271519982969,VIIRS,67,142.49,4.9,2.68
2022,12,1.4257231751697965,28.175865003528564,MODIS,61,9.35,2.95,0.92
2022,12,1.6993795244076388,28.183769520404653,VIIRS,95,111.14,4.6,2.63
2022,12,1.4234216786078642,28.244467352589464,VIIRS,79,84.02,5.91,3.82
2022,12,1.9749677856402386,28.290682418027558,VIIRS,80,127.14,4.7,1.11
2022,12,1.1450631063897854,28.727482932041422,MODIS,63,43.57,6.09,3.21
2022,12,1.5817566611979892,29.002253161646358,VIIRS,81,61.57,5.34,1.25
2022,12,1.3629656767211318,28.347442272352385,MODIS,94,8.4,5.11,2.03
2022,12,2.4997234039653575,28.662100626281333,VIIRS,60,135.11,2.33,1.66
2022,12,1.6948000648360886,28.56763252906338,MODIS,93,126.37,3.86,1.61
2022,12,1.279303176870808,29.127426600290267,MODIS,100,78.17,5.81,4.24
2022,12,2.120813957971518,28.670225644426093,VIIRS,96,85.62,2.89,1.25
2022,12,2.4222095777050114,28.59875899698895,MODIS,86,53.99,3.8,0.73
2022,12,1.1591216924546848,28.54508926056098,MODIS,85,96.72,1.32,0.8
2022,12,2.278330767604561,29.159180855614885,MODIS,65,140.97,2.62,1.18
2022,12,1.1546220810139154,28.051018148633233,MODIS,91,65.6,4.15,0.78
2022,12,1.5327179620524625,28.252250652606318,MODIS,97,138.85,4.94,3.49
2022,12,1.0824471170334176,28.684218538595303,MODIS,100,107.93,1.09,0.58
2022,12,1.381992631667666,29.102737842377806,MODIS,96,138.41,3.19,2.07
2022,12,1.480803651178626,28.084757477113282,MODIS,91,85.21,5.0,2.4
2022,12,1.0154155778797413,28.405297144810785,MODIS,86,133.6,5.07,2.2
2022,12,1.3874745661913495,28.5041266245625,MODIS,81,147.33,3.93,2.35
2022,12,2.033218113620431,28.178823259353646,MODIS,67,143.83,4.53,0.74
2022,12,1.3449576328009911,28.653729509675376,MODIS,81,125.41,3.34,1.22
2022,12,1.3234731638361614,28.395722515471565,VIIRS,65,9.51,4.28,0.95
2022,12,1.3212913590022852,28.783437832147598,MODIS,65,108.91,3.17,0.84
2022,12,1.2687067062672583,28.614502123748164,MODIS,98,24.36,2.51,1.86
2022,12,1.9760330408520526,28.278822060781174,VIIRS,62,63.91,3.26,2.16
2022,12,1.0938615522921347,28.40019527833398,VIIRS,70,76.24,2.23,1.31
2022,12,1.794933722793385,28.26683702045857,MODIS,69,81.32,3.23,1.11
2022,12,2.460879183224405,28.975098891891047,MODIS,88,110.86,1.7,0.37
2022,12,1.7262918196908648,28.57625693051768,MODIS,61,33.53,5.63,3.56
2022,12,2.3297886647625563,28.393396774988517,MODIS,94,47.1,2.35,0.94
2022,12,2.2827217300531895,29.027003317093584,MODIS,69,148.58,1.58,1.01
2022,12,1.0380254027588542,28.478511787722134,MODIS,81,118.94,3.56,0.54
2022,12,2.01042300279762,28.443439753683673,VIIRS,76,125.94,1.34,0.44
2022,12,1.7413129889727557,28.105336076562317,MODIS,62,27.72,5.23,1.33
2022,12,1.4707847112358454,28.428683290491776,MODIS,92,118.24,2.45,1.32
2022,12,2.0005054491582914,28.482512812232383,VIIRS,96,94.74,2.64,1.47
2022,12,1.5827888855007903,28.202320564409586,MODIS,82,35.18,5.72,4.2
2022,12,2.2825570240802913,28.5550421142383,VIIRS,90,106.59,1.47,0.41
2022,12,1.5729308441097716,28.914168953322925,MODIS,92,110.41,5.95,2.08
2022,12,2.4721660663960794,28.439758104758113,MODIS,87,104.46,4.89,0.56
2022,12,2.485530976164252,28.44225546552742,VIIRS,63,121.66,1.48,1.17
2022,12,1.557342416865067,28.47743137192032,MODIS,67,37.53,5.22,4.05
2022,12,1.28818623130287,28.663485408193655,MODIS,100,119.37,1.2,0.8
2022,12,1.8076157090393512,29.124461539745383,VIIRS,75,92.39,5.64,3.59
2023,1,1.997273467287395,28.280865007665145,MODIS,67,77.16,4.91,3.19
2023,1,1.2763984396004344,28.094568340528642,VIIRS,94,62.87,2.22,0.81
2023,1,2.226326292967335,29.030464457830288,MODIS,88,11.9,3.28,0.81
2023,1,1.0316191854608754,29.091250979392264,MODIS,92,36.16,2.78,1.96
2023,1,2.229299590642431,28.976926184995033,MODIS,65,80.43,2.96,0.53
2023,1,2.2323015548884615,28.143682460576827,VIIRS,69,97.44,1.94,1.03
2023,1,1.7600677883109026,28.666019640374575,MODIS,65,69.57,1.14,0.39
2023,1,2.2123036824238853,28.633791774680667,VIIRS,63,56.7,1.51,0.7
2023,1,2.4209472885848102,29.00689562427563,VIIRS,76,107.55,5.47,1.57
2023,1,2.056218541308289,28.509271163507083,MODIS,84,131.66,2.5,1.96
2023,1,1.7674961237179656,28.71619419170097,MODIS,85,97.18,1.52,0.2
2023,1,1.6841811266320172,28.98549845688186,MODIS,64,132.03,5.89,2.41
2023,1,2.3421673433660612,28.297286322664405,VIIRS,66,32.49,3.43,2.55
2023,1,2.0030225591022006,28.9682059836503,VIIRS,74,78.45,5.49,3.87
2023,1,1.3873158699538808,28.98365626843576,VIIRS,89,149.67,4.55,2.43
2023,1,1.2152058139920112,28.07181429611239,VIIRS,94,109.71,3.23,1.14
2023,1,2.0818612692261205,29.067668196634656,MODIS,96,61.78,1.31,0.38
2023,1,1.3344252302780943,28.196040136002182,MODIS,61,76.89,4.39,0.77
2023,1,1.0774818856470967,28.626986674061285,VIIRS,95,131.75,4.02,1.56
2023,1,1.359236596284946,28.474089987049194,VIIRS,64,137.49,3.64,2.0
2023,1,2.0927653441589937,28.661196604773647,VIIRS,64,110.72,4.25,0.75
2023,1,1.691981888397339,28.342473754672746,MODIS,75,72.56,1.27,0.6
2023,1,2.039542013690491,28.274376938185103,MODIS,76,92.89,3.38,0.8
2023,1,2.345393115225149,28.133226696572027,MODIS,67,107.63,3.99,0.42
2023,1,2.052765397816346,28.163562101786695,MODIS,71,38.57,2.06,1.61
2023,1,1.7141657227702791,28.915853233729326,MODIS,62,111.57,3.13,0.74
2023,1,1.4137900407495123,28.4977780435958,MODIS,88,130.47,4.77,2.31
2023,1,2.472968141622529,28.361076323249,VIIRS,76,94.92,2.82,0.48
2023,1,1.7574435579035965,28.480333475586747,MODIS,81,20.78,2.64,0.51
2023,1,1.8061342956367004,29.05863183980122,VIIRS,68,94.44,5.96,4.76
2023,1,2.3978283683132062,28.31250323653625,VIIRS,93,9.51,4.33,2.47
2023,1,1.0525386323469734,28.017600390129488,MODIS,61,51.71,5.92,1.88
2023,1,1.571563492089303,28.91234120116603,MODIS,88,51.06,6.09,3.71
2023,1,1.400159766219967,28.336170537003994,VIIRS,76,141.67,5.52,1.01
2023,1,1.6967230432657112,29.028772372621255,MODIS,100,149.62,4.65,1.91
2023,1,1.4793811167560218,28.230287555470024,VIIRS,60,17.86,2.51,1.54
2023,1,2.3093107472709393,28.787628630053543,VIIRS,96,87.4,6.02,3.67
2023,1,2.117358612488787,29.024717921859246,VIIRS,72,8.46,2.8,1.35
2023,1,1.217951034602641,28.4997176008088,VIIRS,94,64.23,3.8,0.5
2023,1,2.4674325381816944,28.285123027227815,VIIRS,65,33.83,1.31,0.6
2023,1,2.497567712128006,28.81973593451425,VIIRS,84,54.64,6.08,2.5
2023,1,1.5696720941583937,28.544718588736625,MODIS,65,103.01,6.05,4.01
2023,1,1.4040160621169044,28.95573741406229,MODIS,62,122.03,1.52,0.38
2023,1,1.604324927126131,29.04130498357402,VIIRS,94,33.44,5.09,2.85
2023,1,2.1189743170215483,28.550946784699395,VIIRS,91,149.23,1.48,0.52
2023,1,1.272239517552138,29.153771383694867,VIIRS,100,47.54,1.06,0.32
2023,1,2.3222582410159074,28.242265720165356,VIIRS,75,113.93,1.8,0.47
2023,1,1.0993271337487718,28.41567291404772,VIIRS,68,60.13,5.78,3.62
2023,1,1.0795162962422138,28.8553396601058,MODIS,94,44.63,4.5,1.63
2023,1,2.3306741061364917,29.053281375168893,MODIS,80,66.27,3.66,0.78
2023,1,2.0981977115290356,28.194819120820416,VIIRS,62,87.65,1.81,1.07
2023,1,2.4763024134869065,28.876485266307863,VIIRS,77,134.32,2.69,1.27
2023,1,1.4235697159561276,28.032160658309476,MODIS,68,25.12,3.55,1.04
2023,1,1.3688470346704458,28.350911101658877,MODIS,96,41.2,4.52,3.36
2023,1,1.9122109566051948,28.489729728502276,MODIS,78,31.22,5.53,1.87
2023,1,1.8927947233140792,28.826278555814792,VIIRS,73,11.07,3.55,1.2
2023,1,1.3744352932707598,29.064380256752873,MODIS,91,78.29,1.36,0.16
2023,1,2.1589012047426914,28.998574864825578,VIIRS,99,114.21,4.05,2.28
2023,1,2.3172406821141034,28.528554763593274,MODIS,62,55.31,1.3,0.36
2023,1,1.1955963260569136,29.01196874848414,VIIRS,62,100.94,4.59,3.13
2023,1,2.2671658449336727,28.744097913508448,MODIS,98,59.52,1.17,0.81
2023,1,1.6440742479048935,28.17126536610232,VIIRS,77,130.79,1.84,1.02
2023,1,1.7475076474085651,28.857581529891448,VIIRS,95,140.88,5.89,3.29
2023,1,1.6621373966720505,28.127853738980264,MODIS,79,53.73,3.6,2.73
2023,1,1.4573028290912884,28.730573587787593,MODIS,78,14.08,5.57,1.02
2023,2,1.0717306920648966,28.887728526395293,MODIS,67,109.41,1.05,0.11
2023,2,1.2835570290818226,28.559273908563185,MODIS,80,144.02,4.49,0.62
2023,2,1.3771494242912532,28.639981648970593,VIIRS,100,112.44,4.64,0.98
2023,2,1.587564405566682,28.939977889519298,MODIS,90,94.62,2.52,1.4
2023,2,1.8823843599794134,28.619443225266778,VIIRS,87,91.13,1.86,1.34
2023,2,2.1386287916997135,28.471021653754075,MODIS,97,79.2,3.37,2.07
2023,2,2.3813552677696435,28.528942869281178,MODIS,78,79.67,4.66,1.09
2023,2,1.7815525373716083,28.39316030986053,VIIRS,93,28.14,2.48,1.58
2023,2,1.0245890060626968,28.57781437058611,VIIRS,84,32.05,5.09,2.49
2023,2,2.2970754427520728,28.02553278427844,MODIS,97,87.48,5.39,3.86
2023,2,1.0556165034506817,28.36620785086038,VIIRS,92,63.53,5.34,4.24
2023,2,1.8949021184817374,29.011255230814008,VIIRS,79,8.41,6.08,2.85
2023,2,2.1250902766540936,28.20376439956435,MODIS,69,128.23,1.21,0.8
2023,2,1.2183621840843712,28.72212581711274,MODIS,82,118.55,6.2,0.97
2023,2,2.417189837538242,28.365375964154055,VIIRS,95,115.09,1.25,0.14
2023,2,1.1344281635942868,28.107879406048028,VIIRS,87,55.27,2.59,1.67
2023,2,1.3080453048120693,28.71694330724796,MODIS,72,131.17,3.0,1.24
2023,2,2.2524325138548424,28.195143764083127,MODIS,65,33.28,5.3,4.22
2023,2,1.9226264879938062,28.722797750709546,VIIRS,63,81.42,2.86,0.77
2023,2,2.4257122501625554,28.96226282158968,VIIRS,85,7.48,5.9,2.86
2023,2,1.966059418439326,28.95186619242947,MODIS,92,71.26,1.09,0.62
2023,2,2.443009465907002,29.07804436961842,MODIS,87,42.63,3.86,0.82
2023,2,1.9431998264193362,28.01952620874602,MODIS,87,13.97,5.51,1.19
2023,2,1.1555393785682877,29.037289499413347,VIIRS,88,121.21,3.74,1.51
2023,2,2.2215983839651052,29.10881895575287,MODIS,95,75.92,4.76,1.91
2023,2,1.2444894403585878,28.86673235060078,MODIS,98,136.31,1.68,0.39
2023,2,1.4044817229492736,28.761777012615635,VIIRS,67,127.92,4.63,1.36
2023,2,2.456142966925211,28.66526086633738,VIIRS,82,27.51,4.49,2.59
2023,2,1.3831475198752794,29.162280291622437,MODIS,68,10.1,2.04,1.52
2023,2,1.3367456709789327,28.65838728718225,VIIRS,75,133.51,3.04,2.4
2023,2,1.328654701849163,28.214243373300732,MODIS,100,146.37,1.08,0.6
2023,2,1.4186633762073313,28.68502410515363,MODIS,90,15.64,6.03,2.62
2023,2,1.3402941525968057,28.803477613648866,MODIS,61,144.26,5.86,1.53
2023,2,2.385206929885323,29.049728630129,VIIRS,87,145.27,3.43,0.69
2023,2,1.2519977211562263,28.927812371324585,MODIS,76,142.09,2.33,0.46
2023,2,1.6145616539459846,29.170766374384296,VIIRS,68,12.99,4.74,2.4
2023,2,1.7382900623590258,28.425350694628673,VIIRS,80,113.79,5.6,2.37
2023,2,1.6749742351636336,28.04652269767297,MODIS,71,143.07,1.14,0.75
2023,2,2.1364467675274166,28.71602125227141,VIIRS,89,73.47,4.43,1.25
2023,2,1.6478479237034365,28.383145430557434,VIIRS,79,10.22,1.83,0.47
2023,2,2.1037490029575032,29.01884468189625,MODIS,76,45.52,2.03,1.3
2023,2,1.9312479174807315,28.938660563760553,VIIRS,65,131.74,1.77,1.38
2023,2,2.491807669065474,28.295007404568505,MODIS,78,12.94,1.49,0.95
2023,2,2.3353135225760484,28.06849484077435,MODIS,87,75.3,3.49,2.59
2023,2,1.6112209727827809,28.985405214003045,MODIS,95,30.34,3.03,1.46
2023,2,2.3094459606168636,29.17595894481823,MODIS,98,23.68,4.53,2.54
2023,2,2.4246646957488784,28.027060522068222,MODIS,66,126.98,1.06,0.63
2023,2,1.1546190683454558,28.321525269974114,VIIRS,84,82.27,3.23,1.35
2023,2,1.8627105181254344,28.875823560436494,MODIS,66,9.81,2.62,0.59
2023,2,2.092356086516299,28.921478586245033,MODIS,79,84.59,3.05,1.63
2023,2,1.40431384707308,28.00567941671182,MODIS,78,25.0,1.76,1.08
2023,2,2.484261426359765,28.49942134287926,VIIRS,100,148.22,3.62,2.37
2023,2,1.5993004565104394,28.867041181539232,MODIS,67,146.8,2.8,1.69
2023,2,2.431318511405637,28.826715332292345,VIIRS,92,87.53,5.63,3.95
2023,2,1.799865549311614,28.658595373274704,MODIS,61,74.82,5.56,1.21
2023,2,1.0067725817227775,28.08299333595703,MODIS,79,120.58,1.14,0.31
2023,2,1.164366790465418,28.35173136556757,VIIRS,82,115.02,3.93,0.59
2023,2,1.737904792492547,29.009186640533333,MODIS,69,41.24,5.04,2.44
2023,2,1.5635093390072081,29.15514263030646,MODIS,61,53.32,5.51,1.48
2023,2,2.070236159232583,28.72781271774936,VIIRS,87,74.72,3.52,2.63
2023,2,1.9355251745038153,28.89019985572982,VIIRS,88,113.87,4.5,3.52
2023,2,2.449935067153068,28.47633222362749,VIIRS,88,123.95,2.64,0.3
2023,2,1.1672332197786108,28.208692257582992,MODIS,75,33.63,3.91,1.13
2023,2,1.1911311603640842,28.59412728761593,MODIS,77,25.22,3.74,1.9
2023,2,1.5355273344666303,29.175112874778485,MODIS,97,34.65,3.44,0.92
2023,2,1.8659453498790797,28.06743508250834,VIIRS,67,66.93,2.32,0.76
2023,2,1.584581186865048,29.191457319191287,VIIRS,65,148.66,6.25,1.5
2023,2,1.5728162331523836,28.39724999911777,VIIRS,69,88.26,1.29,0.83
2023,2,1.0449430055205142,28.76385676723587,VIIRS,74,56.82,1.11,0.53
2023,2,1.1182182930622795,28.67751362183144,VIIRS,76,37.28,2.48,1.2
2023,2,2.1790147713494146,29.078372703286337,VIIRS,66,24.2,6.23,2.69
2023,2,1.6257726025886332,28.979258612566316,VIIRS,91,122.16,2.58,1.11
2023,2,2.2761427320434784,28.748598693684826,VIIRS,63,15.11,1.87,1.48
2023,2,2.1696907447927893,29.19042676691643,VIIRS,62,127.7,1.12,0.61
2023,2,1.4476635534819295,28.019128903480887,MODIS,60,133.55,2.11,1.53
2023,2,2.120021705885306,28.476635667768974,VIIRS,81,13.43,3.2,2.32
2023,2,2.387134750125058,29.005717398351766,MODIS,63,45.3,2.6,1.31
2023,2,1.8981466139528531,28.37457317517208,MODIS,88,134.96,3.68,2.76
2023,2,1.5918941132900342,28.908447290096092,MODIS,70,149.74,1.46,0.64
2023,2,1.4991297522754372,28.139634607193653,VIIRS,77,36.84,6.03,1.06
2023,2,2.410851447768807,28.237625924828947,VIIRS,66,16.33,2.17,1.31
2023,2,2.2138476570316716,29.137756467598162,VIIRS,71,139.47,3.49,0.52
2023,2,2.1663403793552387,29.042586805126305,VIIRS,61,141.09,2.72,0.29
2023,2,2.0644036564922685,28.925653740974468,MODIS,61,111.97,5.15,3.67
2023,2,1.712085724229821,28.462064297109563,VIIRS,100,82.35,3.28,1.34
2023,3,1.7618560329268464,28.210163176946626,MODIS,90,34.03,4.35,2.4
2023,3,1.8960583595903562,28.25389949831796,VIIRS,84,43.42,5.14,3.06
2023,3,1.7533211285788197,29.162978885065023,VIIRS,81,115.66,4.46,2.84
2023,3,2.1488964017966685,28.744966307951408,VIIRS,66,50.54,4.47,0.87
2023,3,1.9811724472996262,28.664712598380248,VIIRS,83,101.12,1.81,0.64
2023,3,1.2823706800213328,28.781184296936956,MODIS,89,46.6,5.49,0.82
2023,3,1.5818466862129843,29.17432483196194,VIIRS,93,19.71,6.25,4.13
2023,3,1.2344274659188246,29.122941432213825,MODIS,83,64.6,1.01,0.25
2023,3,1.8254852120943819,28.36631239719795,MODIS,71,23.2,5.41,1.41
2023,3,1.1524377933147618,28.801695497925056,MODIS,91,17.73,4.86,3.77
2023,3,2.152190306223287,28.134173785402005,VIIRS,81,32.57,2.22,0.7
2023,3,2.1178764239883465,28.805840553209624,MODIS,77,119.46,3.88,0.45
2023,3,1.3996425384120346,28.915381272650396,MODIS,80,126.83,3.15,1.72
2023,3,1.892297021220034,28.043001445725512,MODIS,78,45.96,2.07,1.05
2023,4,2.065261766178689,28.738612834790384,MODIS,66,92.36,1.58,0.29
2023,4,1.0596960058062461,28.982936224072038,VIIRS,72,22.56,5.9,2.6
2023,4,1.442103037971223,29.163544671464933,MODIS,60,62.57,1.0,0.42
2023,4,1.6875274184551559,28.888057208837186,MODIS,77,91.14,5.14,3.62
2023,4,2.023696751981092,28.84347323665503,MODIS,96,68.06,4.85,2.08
2023,4,1.9624416051337037,28.84218374853052,VIIRS,81,144.36,3.24,1.92
2023,4,1.5580294353339463,28.365461802436716,VIIRS,92,134.87,2.97,2.06
2023,4,1.7630694786247356,28.146858753336765,MODIS,65,79.85,5.14,0.64
2023,4,1.8479719869273696,28.65321406442407,MODIS,100,39.4,3.88,1.25
2023,4,1.9386122364677145,28.666241584565853,VIIRS,79,105.36,4.23,2.27
2023,4,2.041168044403706,28.702574900824818,VIIRS,64,33.69,2.65,0.31
2023,4,1.5891868095701298,29.02891053116343,MODIS,88,100.25,6.06,2.1
2023,5,1.2621941588866923,28.776784180350624,MODIS,63,20.41,2.41,1.54
2023,5,1.325757807725616,28.045462197543895,VIIRS,68,148.62,5.86,2.02
2023,5,2.1880667838538463,28.09808754238678,MODIS,77,47.65,3.3,1.98
2023,5,2.1732299352766224,28.645919345547593,MODIS,80,88.74,1.45,1.08
2023,5,1.416586205121686,28.94985061980147,VIIRS,83,99.2,1.06,0.56
2023,5,2.361432586692783,28.136123862594783,VIIRS,91,87.15,3.34,2.08
2023,5,1.2600974797898867,28.036862077826118,MODIS,89,127.72,3.01,2.39
2023,5,1.518324533928443,28.072489315632343,VIIRS,80,125.35,3.46,1.24
2023,5,1.5071986654462999,29.069862154705238,VIIRS,94,67.23,5.3,1.85
2023,5,1.2055941634492053,28.648879393005313,MODIS,100,126.25,2.4,1.41
2023,5,2.01345127312299,29.14561942369527,MODIS,89,128.16,4.35,1.58
2023,5,1.9834042930642097,28.533238730123447,VIIRS,65,23.51,5.22,2.75
2023,5,2.3715953600845907,28.851392150934,MODIS,85,84.45,4.28,2.6
2023,5,2.1792892823535164,28.584980356250682,MODIS,89,67.16,3.59,2.72
2023,5,1.1097678897454348,28.29695045001293,VIIRS,75,72.25,3.76,0.92
2023,5,2.216524102321662,28.239584685624077,MODIS,92,44.26,5.86,0.64
2023,6,2.439231734728126,28.243637010978436,MODIS,70,117.49,4.65,1.53
2023,6,2.380507726796052,29.04876292193947,MODIS,60,92.68,3.05,0.89
2023,6,2.2514385067352007,28.707944426059722,VIIRS,79,114.5,2.8,1.93
2023,6,1.9483065996877933,28.44171164527191,VIIRS,76,103.32,3.36,0.72
2023,6,1.0618985182296903,28.400888987718858,VIIRS,61,56.13,1.76,1.29
2023,6,1.2522953166192774,28.234561053477524,MODIS,63,114.49,4.8,1.41
2023,6,2.167411091344973,28.654344491318266,VIIRS,74,126.31,3.56,0.54
2023,6,2.419265710694817,28.038604834316473,MODIS,68,84.36,5.33,0.61
2023,6,2.448251017275304,28.9521650354132,VIIRS,96,16.14,3.87,2.52
2023,6,2.087197010365064,28.592191490422294,MODIS,62,140.83,1.41,0.94
2023,6,1.4144316993359989,28.301837767426996,VIIRS,63,79.03,5.44,3.23
2023,6,1.64964362383304,28.44288042299436,MODIS,81,17.09,4.48,3.12
2023,6,1.2356987663507748,28.558129756066236,VIIRS,66,69.08,2.53,0.61
2023,6,1.447067157915201,29.048841627259783,VIIRS,91,148.52,2.01,0.38
2023,6,1.7970765089400014,29.016654655556465,VIIRS,68,136.43,3.87,2.46
2023,6,1.5475222293700541,29.14357381085505,VIIRS,66,95.77,5.44,3.3
2023,6,1.800510218761959,28.959864066917344,MODIS,86,114.61,2.49,1.13
2023,6,1.5930572481559753,29.05958683829106,VIIRS,88,12.63,5.97,2.61
2023,7,1.6482457859862572,28.52826481589576,MODIS,64,15.58,4.6,2.13
2023,7,2.414217894111796,28.371960220438126,MODIS,89,58.27,3.47,1.68
2023,7,2.1074166168320407,28.466066946827674,VIIRS,73,63.02,5.98,4.12
2023,7,1.3862277287205074,28.605506969793563,MODIS,98,61.73,5.47,0.75
2023,7,1.3684927512250198,28.66461758034445,MODIS,100,71.33,3.87,0.74
2023,7,1.9964956448950617,28.92220408282597,MODIS,84,67.45,5.9,2.78
2023,7,2.338704673899329,28.459881188015522,MODIS,63,146.39,4.94,2.61
2023,7,1.7080858985666265,28.53020615445836,MODIS,75,15.67,3.69,2.62
2023,7,1.967704645441664,28.511659721105975,VIIRS,70,77.26,5.81,3.47
2023,7,1.0023150630321878,28.378914132573225,MODIS,65,96.38,2.34,0.72
2023,7,2.3492648039126998,28.776817627835797,VIIRS,90,24.94,2.13,0.21
2023,7,1.6381740984581286,28.888741582678072,VIIRS,70,71.97,4.64,1.83
2023,7,1.2603954810585956,28.427573838660855,VIIRS,89,89.04,4.75,1.94
2023,7,1.7350836534232088,28.446032079795344,MODIS,66,48.59,5.87,0.89
2023,7,1.1928275021435255,29.075922529079097,MODIS,74,85.14,3.72,1.73
2023,7,2.1624824002224368,28.67788996391156,VIIRS,80,89.78,5.5,1.79
2023,8,1.1241543268329452,29.03168083586033,VIIRS,84,58.56,3.2,2.18
2023,8,1.3219645711319927,28.752781238579864,MODIS,81,33.33,1.81,0.55
2023,8,2.4176929613929445,28.999468032473175,MODIS,96,9.13,4.35,0.55
2023,8,1.5275021733485505,28.323023259860417,MODIS,88,142.18,3.43,1.9
2023,8,1.4049195350261328,28.782584177720324,VIIRS,91,29.77,2.42,0.31
2023,8,1.1573613710604287,28.05356686891277,MODIS,68,123.16,3.22,1.76
2023,8,1.6376780576881163,28.755668442660564,VIIRS,74,114.47,4.38,1.85
2023,8,2.0551190995093274,29.13289758831896,VIIRS,83,10.07,5.06,3.12
2023,9,1.4962595483727599,28.877618571576754,VIIRS,74,38.79,2.21,1.07
2023,9,1.5414860136423258,28.33574296260187,VIIRS,88,32.17,4.75,3.3
2023,9,1.3521323536580878,28.01633333495199,VIIRS,88,107.25,6.19,4.68
2023,9,1.3905277550099022,29.058918128512865,VIIRS,82,30.15,4.48,1.83
2023,9,1.0301195284804359,28.195171942971427,MODIS,82,144.48,5.92,0.72
2023,9,1.0248034383066456,28.918403727319703,MODIS,63,57.39,1.73,0.28
2023,9,2.1173514748085758,28.1545312228455,VIIRS,67,18.87,4.46,2.67
2023,9,1.2933577660622162,28.45041819032607,VIIRS,81,19.52,2.09,0.65
2023,9,1.0631851443281621,28.94411539973504,MODIS,74,145.88,2.59,1.04
2023,9,1.8115917177482397,28.71981881762552,VIIRS,97,111.6,2.12,1.17
2023,10,1.2088517322535703,28.180230824855602,VIIRS,64,124.35,4.16,2.78
2023,10,1.890783746796762,28.9833297689087,VIIRS,62,102.93,4.0,1.91
2023,10,2.26345756819626,28.612518890147193,VIIRS,71,101.45,4.33,2.27
2023,10,1.9959089086607678,28.498936430303164,MODIS,62,12.88,4.63,3.61
2023,10,2.4734025388405323,28.73137352094591,MODIS,68,130.65,5.82,3.87
2023,10,1.9772838362463694,28.15629687089126,MODIS,66,8.56,1.44,0.62
2023,10,1.183392823604874,28.05553257449569,MODIS,99,108.06,2.97,0.99
2023,10,2.2199414208708657,28.873631537319646,MODIS,63,50.44,2.97,0.58
2023,10,1.6228626459134676,28.04710520818371,MODIS,64,39.05,1.15,0.79
2023,11,2.175727169220596,28.07942826655783,MODIS,93,138.9,4.2,2.03
2023,11,2.1183871504741765,28.512789897755358,MODIS,75,67.52,3.01,1.25
2023,11,1.7434460144367472,28.439373454722098,VIIRS,100,15.63,3.9,2.3
2023,11,1.7271023634447316,28.455268447912886,VIIRS,90,40.22,2.48,1.09
2023,11,1.7289947352342758,28.714976629634997,MODIS,67,31.31,3.8,2.21
2023,11,1.3188477062273982,28.88195121789336,MODIS,69,74.73,3.61,1.94
2023,11,2.0945930094456795,28.69487294182529,MODIS,67,77.25,5.31,0.78
2023,11,1.4586387850408427,28.85207945223087,MODIS,94,8.95,6.18,0.99
2023,11,2.2520213823578006,28.878686544349947,MODIS,77,56.57,4.95,2.15
2023,11,2.1236906559296704,28.421329293266762,VIIRS,60,42.87,1.66,0.79
2023,11,1.9174164859026526,28.53711305316116,MODIS,60,58.47,4.79,1.18
2023,11,2.1469153559893015,28.175427171668794,VIIRS,64,137.44,2.41,1.35
2023,12,1.7367411037974003,28.810728387525124,VIIRS,99,80.92,1.02,0.11
2023,12,1.3780148376600314,28.509191779464803,VIIRS,71,64.18,4.66,1.47
2023,12,1.4721444252126585,28.267413305033536,MODIS,68,98.82,1.01,0.78
2023,12,2.330457062582807,28.4174161446981,VIIRS,61,148.73,2.67,1.02
2023,12,1.3039906719544643,28.25251475081926,MODIS,70,44.0,2.72,0.28
2023,12,1.5377899300162938,28.107662125612787,MODIS,84,71.78,2.09,0.5
2023,12,1.0041693291648772,28.872432365366492,VIIRS,80,65.29,5.62,1.06
2023,12,1.6749056584129574,28.57043319487046,MODIS,61,98.34,1.34,0.15
2023,12,2.422663860621392,28.847594625615386,MODIS,100,89.12,5.57,0.82
2023,12,2.047381266174505,29.064670959494382,VIIRS,76,132.74,3.38,2.1
2023,12,1.5456868210615995,28.722297324854882,VIIRS,98,117.65,6.06,3.22
2023,12,1.279776468382796,28.967916317763994,MODIS,74,71.38,5.74,3.61
2023,12,2.3167825967595737,28.225443187764117,VIIRS,73,79.4,2.65,2.02
2023,12,1.174367787953545,28.895095627774,VIIRS,66,34.99,2.0,0.87
2023,12,1.3008901108537496,28.92508089371192,MODIS,96,71.7,4.99,1.47
2023,12,1.5133692402742163,29.104171662218935,MODIS,61,8.65,3.5,2.33
2023,12,1.8346328605561626,28.053306212400823,VIIRS,71,80.88,1.81,0.23
2023,12,1.5969353365778043,28.189629831778127,VIIRS,80,18.21,1.44,1.03
2023,12,1.3723633134213975,28.94705904596866,MODIS,91,86.52,4.55,2.07
2023,12,1.1696882969095552,28.97173420060491,MODIS,93,13.86,3.35,2.02
2023,12,1.709050348159455,28.309346871262466,MODIS,81,44.28,1.24,0.71
2023,12,1.421551921047839,28.046686980100723,MODIS,64,87.9,5.97,1.06
2023,12,1.7822799459218959,28.74606602190871,MODIS,61,135.99,4.39,1.48
2023,12,2.2033636744807668,28.238560449044705,MODIS,68,126.2,4.85,1.27
2023,12,1.8979481624909935,28.783346053046873,MODIS,93,109.83,3.77,2.46
2023,12,1.075853969576507,28.361337226421597,MODIS,77,59.98,2.55,0.53
2023,12,1.3039168927293696,28.82682749701253,VIIRS,99,129.96,2.06,1.19
2023,12,2.2764601729956153,28.91745071946951,MODIS,97,25.92,2.37,0.24
2023,12,1.5087220213550157,28.64510285686153,MODIS,89,23.91,5.51,2.31
2023,12,2.2529054826473773,28.649898061143883,MODIS,64,36.86,3.65,2.35
2023,12,1.1386092845767641,28.252162697758838,VIIRS,90,94.58,2.5,1.09
2023,12,1.7148040085216563,28.204464302422082,MODIS,67,122.2,4.56,3.54
2023,12,1.667743850738224,28.092062251375932,VIIRS,76,92.61,1.33,0.24
2023,12,1.904965205232687,28.3920844089092,VIIRS,90,26.3,2.09,0.68
2023,12,2.285311018477676,28.103213647220237,MODIS,69,27.32,2.97,1.81
2023,12,2.2527668406664785,28.141304973719297,VIIRS,79,21.99,4.26,0.65
2023,12,1.1916594636338533,29.15506173290546,MODIS,83,89.77,1.14,0.24
2023,12,1.740052431290973,28.049126652010838,MODIS,91,24.79,3.67,2.34
2023,12,2.424829864200335,28.552886329661025,VIIRS,82,25.81,5.57,0.87
2023,12,2.0147657081020496,28.081875701538266,MODIS,65,135.15,2.78,1.58
2023,12,2.355259786275859,29.08520954402817,VIIRS,66,58.04,2.93,1.58
2023,12,1.582300577343225,28.18300690724663,VIIRS,85,57.1,1.58,0.85
2023,12,1.3890074803240011,28.405237645089528,VIIRS,87,132.89,2.87,1.68
2023,12,2.21423837706379,28.45929507558228,VIIRS,100,19.38,4.91,1.89
2023,12,2.300034584738913,29.050554023280117,MODIS,76,22.38,4.15,2.33
2023,12,1.5345992067629146,28.721616222568436,MODIS,73,66.5,5.66,2.19
2023,12,1.0302957942540623,28.908208878513207,VIIRS,67,56.12,3.28,0.95
2023,12,1.3438564288786772,28.970897631040657,MODIS,93,77.87,6.14,3.08
2023,12,1.7292967280645448,28.49109134842109,MODIS,70,25.75,5.14,1.64
2023,12,1.5169089746381164,28.019681046012344,MODIS,72,138.16,5.83,1.48
2023,12,2.137765135797037,28.92729360352175,MODIS,96,46.4,4.66,0.51
2023,12,1.411134436302912,28.35402833349884,MODIS,81,148.25,5.98,1.44
2023,12,1.4810168807767683,29.137407443611796,VIIRS,72,138.79,1.85,0.69
2023,12,1.6166512649828833,28.331355054189846,MODIS,75,107.78,4.68,3.51
2023,12,1.5052159528506563,29.176617333445623,VIIRS,99,144.93,5.17,1.05
2023,12,2.016720807998756,28.594755025683295,VIIRS,86,45.4,4.36,0.56
2023,12,1.6802270140614173,29.002835424939725,MODIS,62,101.65,4.97,0.72
2023,12,1.1233153784343572,28.00915379183028,MODIS,94,118.76,5.15,3.83
2023,12,1.495420444405632,28.62462594586546,MODIS,93,129.22,1.91,1.28
2023,12,1.3345445701539487,29.050330794221082,MODIS,82,66.98,1.17,0.85
2023,12,2.1748531652788925,28.131575046800414,MODIS,73,103.63,1.74,0.48
2023,12,1.4668476145722806,29.116420906314627,MODIS,90,139.62,2.47,0.78
2023,12,2.0016134953852123,28.403055812139655,VIIRS,72,15.92,1.2,0.42
2023,12,1.27151533293117,28.846610735505237,VIIRS,85,111.2,2.27,1.64
2023,12,1.2319227247458444,28.749549298739314,VIIRS,93,8.98,5.39,3.42
2023,12,1.6751746252517192,28.02314741666057,MODIS,85,127.64,5.62,1.83
2023,12,2.293175486356316,29.02570540874275,VIIRS,61,53.14,4.79,1.71
2023,12,2.1091472382579886,29.06370879934922,VIIRS,94,77.26,3.92,2.57
2023,12,2.133087390140792,28.415041874323837,VIIRS,77,90.29,2.3,0.35
2023,12,2.45410612587576,28.40735649142944,VIIRS,72,42.97,2.88,2.24
2023,12,2.0684249984806264,28.962763472795384,MODIS,89,58.19,3.64,1.44
2023,12,1.0783015786175552,28.46778099701056,MODIS,69,118.4,3.26,2.17
2023,12,1.1808781094339689,29.02888402039963,VIIRS,60,57.28,2.59,1.35
2023,12,2.451236425711897,28.63671575093818,VIIRS,67,9.26,4.51,2.42
2023,12,1.9522323876011993,28.45620386898154,VIIRS,83,135.02,5.96,1.68
2023,12,1.4921027261855422,28.044081288815253,MODIS,97,142.95,5.63,2.89
2023,12,2.1787794194890546,28.519299156970376,MODIS,96,140.7,3.24,1.93
2023,12,1.2130673978391144,29.065649395364513,VIIRS,87,79.91,4.23,2.1
2023,12,1.608480596735189,28.56073823658014,VIIRS,63,146.79,1.32,0.15
2023,12,2.0633117312478557,28.404477921739044,VIIRS,62,56.75,4.24,1.15
2023,12,2.110642411992521,28.029735623688563,VIIRS,82,126.15,2.93,0.6
2023,12,1.7371950276723884,28.411145969478415,VIIRS,62,128.92,5.77,3.28
2023,12,1.2650817111195911,29.128311930685793,MODIS,72,30.8,3.75,2.04
2023,12,2.177250585305422,28.003545383786946,MODIS,97,73.59,2.61,0.35
2023,12,2.1135673003885946,29.08518586587063,VIIRS,66,19.61,2.2,1.65
2023,12,2.1390395357583682,29.01764071697662,VIIRS,74,149.8,5.75,3.0
2023,12,1.9111919606880237,28.61199838899357,VIIRS,75,97.24,1.3,0.82
2023,12,1.298875209217969,28.937158565138564,MODIS,97,141.35,3.89,2.44
2023,12,1.9325146181369979,28.583643944797725,VIIRS,80,100.21,3.68,1.68
2023,12,2.4034536864441325,28.880828595870188,MODIS,87,121.83,3.28,0.89
2023,12,1.4154934188662605,28.840885643841027,MODIS,92,13.67,1.37,0.72
2023,12,1.2577990563245018,28.021388029493366,MODIS,75,25.32,3.32,2.08
2023,12,2.3563398228337107,28.86706002405535,MODIS,91,77.39,3.94,1.06
2023,12,1.696413789677068,28.767993894559385,VIIRS,74,117.49,2.73,0.9
2023,12,1.2238833671675033,29.19277920748646,VIIRS,65,39.75,6.17,2.89
2024,1,2.374670060346049,28.668128795957045,MODIS,74,138.01,1.26,0.56
2024,1,1.411467724365577,28.61319561596224,VIIRS,89,116.94,1.18,0.68
2024,1,1.216707190134751,28.44220430010238,VIIRS,97,117.31,2.7,0.88
2024,1,2.1411735509540564,28.980240839651685,VIIRS,84,40.04,2.95,1.07
2024,1,1.8287907451989929,28.9216104967349,MODIS,74,117.3,5.77,3.79
2024,1,1.830235542351909,28.223134385253875,MODIS,90,138.33,3.32,0.86
2024,1,1.267043655173942,28.528863608909568,MODIS,93,105.67,1.96,0.98
2024,1,2.2488198733122946,29.17140205990653,MODIS,99,47.48,4.83,2.15
2024,1,1.5578654912362198,28.016647008582467,VIIRS,81,116.48,2.55,1.07
2024,1,2.0038939083029215,28.60066885201737,MODIS,65,124.68,3.98,3.09
2024,1,2.143290013929488,28.697854196834506,MODIS,98,144.43,3.94,0.86
2024,1,1.7189799920836975,28.554224886744837,MODIS,68,12.22,4.46,1.62
2024,1,1.9121664049439875,28.158568068001493,VIIRS,73,61.35,5.17,3.06
2024,1,1.3618958128576681,28.993593108742672,VIIRS,68,110.43,4.49,2.89
2024,1,2.1898264640059883,29.151660397507534,MODIS,90,118.18,4.36,3.19
2024,1,1.4744664214243992,28.413832479288427,MODIS,75,24.26,3.24,1.57
2024,1,1.1533527905511947,28.684947457953818,VIIRS,82,117.48,2.22,0.46
2024,1,1.1834523254652414,28.953442253126717,MODIS,63,31.03,5.76,3.64
2024,1,1.2259753501982842,28.451887050196166,MODIS,93,129.32,6.06,3.16
2024,1,2.324393722702328,28.690544835938066,VIIRS,82,48.94,5.69,1.57
2024,1,1.7135242138802547,28.104774934318804,VIIRS,97,140.36,5.6,0.65
2024,1,1.6511595272812012,29.02270850393239,MODIS,63,95.32,4.82,0.9
2024,1,1.0701023454523668,28.32588996541043,VIIRS,78,113.81,1.94,0.67
2024,1,1.2155434160556076,29.00920833631541,VIIRS,64,23.23,1.44,0.8
2024,1,1.220129901250351,28.768482902706825,MODIS,83,10.66,2.39,0.94
2024,1,1.720299470287549,28.79061142559616,MODIS,62,11.19,4.97,3.62
2024,1,2.0785335334340074,28.981627451443607,MODIS,66,86.27,4.31,0.45
2024,1,2.3181729689488213,29.000797716601834,MODIS,69,101.73,5.41,1.42
2024,1,2.2291618828078485,28.42357493736521,VIIRS,90,44.95,2.0,0.45
2024,1,2.170291288880601,28.295888125706156,MODIS,65,80.79,1.38,1.02
2024,1,1.8065353813950376,28.73757430500099,VIIRS,70,109.96,1.7,0.96
2024,1,1.1116621426589863,28.456308935384815,VIIRS,88,19.27,1.55,0.53
2024,1,1.0858876113064464,28.43858437439167,VIIRS,100,58.54,4.01,2.45
2024,1,1.258107391574625,28.2669527303628,MODIS,74,28.38,1.18,0.87
2024,1,1.1937400864687138,29.19467879010793,MODIS,91,51.03,5.74,3.17
2024,1,2.02863986653586,28.957054648835253,MODIS,93,139.33,6.15,0.96
2024,1,2.3645127322858075,28.106042274752514,MODIS,88,22.95,3.55,2.1
2024,1,1.1678906995784075,29.112907254882664,VIIRS,90,47.4,1.69,1.08
2024,1,1.404202014335796,28.680708575647852,MODIS,75,65.01,5.44,2.1
2024,1,2.320466477307884,28.056101234738495,MODIS,96,87.86,1.44,0.39
2024,1,1.6388056636016395,28.02153820841107,VIIRS,83,59.61,1.99,1.18
2024,1,1.0286370403187988,29.16072134387818,MODIS,78,49.02,2.39,0.41
2024,1,2.328748188120425,28.054294221901042,MODIS,74,71.2,2.47,0.79
2024,1,1.65304983622834,28.180063947403646,MODIS,94,7.02,5.11,2.46
2024,1,1.7933434539352235,28.096218537174266,MODIS,93,125.21,1.45,0.79
2024,1,1.1072954560717934,29.023003618059025,MODIS,68,16.43,4.21,3.29
2024,1,1.309378357020867,28.17954219926917,MODIS,97,23.18,5.78,1.77
2024,1,1.406813007332788,28.58210058956672,VIIRS,77,64.65,5.57,3.34
2024,1,1.756359911290244,28.658377377945406,MODIS,85,142.3,3.4,1.96
2024,1,1.4940877915443558,28.820288208831865,MODIS,84,135.25,4.61,3.33
2024,1,1.6972283867994835,29.044069526943183,VIIRS,88,92.02,5.41,1.96
2024,1,1.7151627934142366,28.667784941441948,VIIRS,76,91.67,3.94,1.69
2024,1,1.2340456484901794,28.242809999435046,VIIRS,63,88.5,5.15,1.13
2024,1,2.4365121914886068,29.09826202248182,MODIS,69,31.14,2.63,2.02
2024,1,1.9501980948567725,28.99102972719267,MODIS,83,34.64,6.15,1.31
2024,2,1.056660762577965,28.555613122434025,VIIRS,85,95.43,5.88,4.29
2024,2,1.0750972265667968,28.917384999097,MODIS,85,84.5,3.51,2.23
2024,2,1.2452439424740078,28.649599995768906,VIIRS,90,62.38,3.23,1.24
2024,2,1.7765768039155114,29.193354218418627,VIIRS,64,119.22,2.84,0.63
2024,2,2.4178567474212844,28.2861029192453,MODIS,63,131.59,5.54,3.25
2024,2,2.2903883625715267,28.464451114283538,VIIRS,87,118.81,5.53,1.18
2024,2,2.3605345400694597,28.448084386197465,VIIRS,70,116.46,4.06,2.3
2024,2,1.1360201847837739,28.17853440799194,VIIRS,61,84.37,5.44,0.66
2024,2,1.872260706675646,28.734292670530337,VIIRS,97,108.43,6.21,2.59
2024,2,1.278673483636179,29.053263103642482,VIIRS,94,145.01,3.46,1.46
2024,2,1.1564714579696946,29.00086546605785,MODIS,98,115.51,2.15,1.33
2024,2,1.868953717789091,28.917683554049773,MODIS,93,99.65,3.34,2.34
2024,2,2.427051395121521,29.02216385515812,MODIS,100,66.12,1.68,0.58
2024,2,2.076400322479239,28.547548804667443,VIIRS,99,16.17,1.57,0.6
2024,2,2.1004319797564714,28.10610390865125,MODIS,60,78.63,3.27,2.41
2024,2,1.2679384584426905,28.025702813881743,MODIS,68,115.89,2.75,1.97
2024,2,1.710239953756215,29.10356454740483,VIIRS,67,142.45,4.65,3.57
2024,2,1.4070006976330158,28.41265902046955,MODIS,96,87.9,2.55,1.66
2024,2,1.854681007616451,29.049299130166563,VIIRS,78,62.68,2.66,0.31
2024,2,1.3247429368292762,28.782550906173743,MODIS,89,109.92,6.02,0.93
2024,2,1.4256107761664745,28.292609046096782,VIIRS,75,45.74,1.29,0.35
2024,2,1.002867721113285,28.84204736155121,MODIS,77,88.76,5.89,3.76
2024,2,1.5716761043946097,29.17535306157181,VIIRS,80,68.48,3.87,2.33
2024,2,2.0908752021807846,29.01481305258256,MODIS,72,88.55,4.7,0.79
2024,2,2.262744486726538,28.56024122760665,MODIS,67,125.01,2.7,1.21
2024,2,1.4529075079873675,28.287212686823718,MODIS,86,58.04,1.65,0.76
2024,2,2.354287058015139,28.316984734655215,VIIRS,83,149.07,1.12,0.4
2024,2,2.4335186019267434,28.583090441350855,VIIRS,92,70.82,3.53,1.14
2024,2,2.4596693167873473,28.447192025069672,VIIRS,76,22.14,2.14,0.46
2024,2,1.5267029904161666,28.118255317107074,MODIS,93,57.58,3.43,2.55
2024,2,1.8947834232504153,29.17997271048333,MODIS,78,148.14,1.24,0.92
2024,2,1.0836017330420202,28.408940455042053,VIIRS,69,118.16,3.3,2.06
2024,2,1.2985630062419826,28.96006799875562,MODIS,61,15.92,1.65,1.27
2024,2,2.387779827924379,28.38860156679845,MODIS,96,58.08,4.14,1.49
2024,2,1.4309831309717516,28.806920707551676,MODIS,95,78.97,1.21,0.32
2024,2,2.15750502303155,28.415866291034003,VIIRS,92,100.74,4.05,3.23
2024,2,1.3671955124195532,28.26395607110667,VIIRS,91,6.83,1.5,0.32
2024,2,2.404763580839014,28.813365077392465,VIIRS,99,128.57,4.15,2.04
2024,2,2.2898818921848942,28.756156275969108,MODIS,77,38.72,3.52,2.36
2024,2,2.404191661625099,28.083560850912935,VIIRS,92,90.41,6.22,4.68
2024,2,2.211075411753686,28.59546524598501,MODIS,68,59.8,5.35,3.83
2024,2,2.1677747052297938,28.632912325796656,MODIS,97,20.34,5.0,3.37
2024,2,2.0627850146531537,29.094247349412214,VIIRS,85,63.01,5.49,2.6
2024,2,2.472621708150945,29.04046609701777,VIIRS,91,105.4,4.02,0.82
2024,2,1.952685118707305,28.174440111842816,MODIS,86,69.13,3.74,0.42
2024,2,1.751154190738952,28.57897791024359,MODIS,94,20.33,6.25,3.17
2024,2,1.1141982258120833,28.010699562409986,MODIS,68,116.83,3.92,1.55
2024,2,1.229418663994561,29.070473108941737,MODIS,88,61.3,5.38,1.49
2024,2,1.1533515846835491,28.39364202337853,VIIRS,78,87.8,1.36,0.27
2024,2,2.0724404461505985,29.18037905397321,MODIS,66,53.3,1.1,0.21
2024,2,1.6242345476792783,29.152007914110246,MODIS,96,89.54,5.74,1.86
2024,2,2.275727157950351,28.838813483068307,MODIS,97,139.95,3.42,0.68
2024,2,2.1998823027827132,28.43439991279241,VIIRS,100,123.14,3.92,1.38
2024,2,1.7882414882726538,28.67266177709807,VIIRS,69,61.6,3.51,2.49
2024,2,1.7354494306053287,29.085157947577457,MODIS,83,138.09,3.3,2.11
2024,2,1.3419206655289542,29.196733545883866,VIIRS,99,75.48,3.81,2.57
2024,2,2.116580743642048,28.489451211478865,VIIRS,62,110.3,5.97,4.64
2024,2,2.3929348251955016,28.588398641238005,MODIS,74,141.82,4.89,2.26
2024,2,1.109141074532808,28.91655465198185,MODIS,71,101.47,3.44,0.87
2024,2,1.3964786540331289,28.474168031383176,VIIRS,60,65.27,2.58,1.06
2024,2,1.3909246103817563,28.93901337679367,VIIRS,71,129.26,5.35,2.13
2024,2,2.338000438392175,28.14349220134858,VIIRS,93,102.78,5.13,4.01
2024,2,2.4438019760775895,28.23877598856131,MODIS,95,21.3,5.68,3.28
2024,2,1.0201737612986148,28.837715881070764,VIIRS,98,44.87,5.38,2.38
2024,2,1.056980506302885,28.757815956668292,VIIRS,65,41.51,5.74,1.01
2024,2,1.6020827107419142,28.271159423636046,MODIS,93,32.91,2.12,0.62
2024,2,1.3238946303648018,28.189630764791204,VIIRS,66,53.73,5.21,3.63
2024,2,2.2114552857433756,28.542861688914662,MODIS,64,6.96,1.02,0.4
2024,2,1.7032585169350862,28.739949345626314,MODIS,93,66.17,4.69,3.11
2024,2,2.054639751707736,29.15992542199577,MODIS,94,117.17,1.15,0.56
2024,2,1.7182516869731552,28.166847842821337,VIIRS,62,94.23,5.51,3.52
2024,2,2.231696874591241,28.308144589344717,MODIS,100,104.54,2.44,1.9
2024,2,1.3153540739963518,28.258998438468645,VIIRS,96,42.52,1.01,0.27
2024,2,2.3591480083975234,28.3198274506659,MODIS,75,86.84,3.84,2.88
2024,2,1.8198778294882016,28.39922567411802,VIIRS,83,123.32,2.45,1.56
2024,2,1.7181064875937517,29.037012714962152,MODIS,73,96.94,1.38,0.29
2024,2,1.308483047898437,28.805752849892084,MODIS,85,18.59,5.26,0.62
2024,2,1.3788561793637828,28.909901457730072,MODIS,76,60.27,5.0,3.68
2024,2,2.1405307696160483,28.124284062829705,VIIRS,60,108.66,5.76,4.1
2024,2,1.7822629861598855,28.434248599942677,MODIS,96,92.72,1.72,0.18
2024,2,1.7488808867717165,28.47226280056908,MODIS,77,116.74,3.42,1.59
2024,2,1.0174789740073766,28.32453296827656,MODIS,98,98.09,2.6,0.44
2024,2,1.147598116831173,28.20340329851772,VIIRS,61,47.33,3.37,0.43
2024,2,1.6785128283180906,28.71054540509287,VIIRS,62,140.41,1.55,0.54
2024,2,1.345546473885093,28.63602295837125,MODIS,66,56.87,2.58,0.47
2024,2,1.488700019193606,28.056380588744403,MODIS,75,105.05,2.56,0.42
2024,2,2.153370537099399,28.895329226921344,MODIS,80,47.6,1.74,0.53
2024,2,2.1040618408428307,28.644625328655135,MODIS,76,51.33,4.03,1.13
2024,2,1.7146318980783393,28.43361728547036,VIIRS,100,85.93,2.89,1.52
2024,2,1.6442115673300395,28.246475562193417,VIIRS,86,115.59,4.41,3.43
2024,2,1.1084023471220197,28.125940950231733,MODIS,79,132.68,3.18,0.85
2024,2,1.0650645142357453,28.29662449890396,MODIS,93,13.59,1.15,0.57
2024,2,2.378694568942649,28.97025767891808,VIIRS,75,88.92,3.58,2.49
2024,2,1.0995031070647026,28.46667563881138,VIIRS,92,121.44,5.35,2.9
2024,2,1.2713998423992476,28.735826100916046,MODIS,96,32.04,5.68,4.45
2024,2,1.2207211745089883,28.65171865192505,VIIRS,95,35.35,3.16,0.49
2024,2,1.3143529206169835,28.654863377945528,VIIRS,86,66.49,1.83,0.5
2024,2,1.341063258082782,28.9928437289326,MODIS,78,43.42,2.28,0.64
2024,2,2.249316819500519,28.451127632525356,VIIRS,85,8.86,3.67,2.88
2024,2,2.030130821412093,29.056473566165327,VIIRS,85,85.2,4.34,2.94
2024,3,2.3152554924535402,28.995384124576624,MODIS,100,131.51,3.55,0.77
2024,3,2.4088455922821517,28.77927738032786,VIIRS,95,91.93,3.36,0.78
2024,3,1.8372408806908551,28.90782292953303,VIIRS,97,117.74,3.89,2.53
2024,3,1.4633947369668054,28.38689240863632,MODIS,76,98.09,1.11,0.18
2024,3,1.0776398213786398,28.279974943076304,MODIS,86,88.8,3.24,2.22
2024,3,2.3652497002773543,28.09505122616982,MODIS,81,104.34,1.05,0.17
2024,3,2.0248174370985117,28.506056908836687,MODIS,91,56.91,3.57,1.96
2024,3,1.7964246665438628,29.11808252678,MODIS,60,22.7,2.13,0.42
2024,3,1.0930696575930836,28.057469226291023,VIIRS,94,36.77,1.91,1.07
2024,3,1.7290806405972314,28.979030143910588,VIIRS,98,52.4,5.98,4.46
2024,3,1.0095210072738465,28.32787975397422,MODIS,98,82.21,4.69,1.96
2024,3,1.1896737844775693,28.785226915522514,VIIRS,65,16.45,1.84,0.86
2024,3,1.9063207852110815,28.477725853041402,MODIS,98,38.11,4.12,1.57
2024,4,2.414352557005545,28.25095468329478,VIIRS,66,40.14,1.09,0.73
2024,4,1.045458020723785,28.271332876823582,VIIRS,77,78.86,3.71,0.69
2024,4,1.5957706309437454,28.842318020726015,VIIRS,99,39.1,1.98,1.56
2024,4,1.2755359857266435,28.594548945966558,MODIS,100,38.13,5.25,2.16
2024,4,2.209790268455319,29.0849537640629,VIIRS,61,37.57,5.22,2.44
2024,4,1.1202833737071605,29.169963121313568,MODIS,77,90.47,1.86,1.43
2024,4,2.013680475004784,29.132124483390253,MODIS,88,22.44,1.64,0.6
2024,4,1.2021423666494022,28.945696062107327,MODIS,84,123.75,5.73,3.37
2024,4,1.4522616804064454,28.35839001723654,VIIRS,63,50.03,3.87,2.47
2024,4,1.7677226779741781,29.094082174801777,VIIRS,78,129.18,4.26,3.14
2024,4,1.5795851742108942,28.67817109461105,MODIS,78,7.47,5.83,0.62
2024,4,1.3658918094390688,28.887023135374697,MODIS,62,13.41,1.19,0.77
2024,5,1.1070656277306432,29.04066133063116,VIIRS,98,71.32,3.66,1.94
2024,5,2.428082193760644,28.43014392115162,VIIRS,85,14.59,3.14,1.04
2024,5,2.3226466269863257,28.442638044827863,MODIS,70,64.21,1.1,0.6
2024,5,2.074956395838393,28.0165962474534,MODIS,66,145.69,4.27,3.25
2024,5,1.8824895953925704,28.549218785149076,VIIRS,98,36.74,1.41,0.56
2024,6,2.0098074669991854,28.00657347525723,MODIS,94,92.62,1.46,0.53
2024,6,2.4073483335216026,28.93485166263679,MODIS,82,29.38,6.01,3.1
2024,6,2.324002682005541,28.027596073035443,MODIS,61,34.32,3.33,2.31
2024,6,1.7475234056599427,28.940393079292715,VIIRS,85,22.74,3.57,1.38
2024,6,2.216818486369218,28.51216868043472,MODIS,73,17.2,3.06,1.43
2024,7,1.744494785981795,28.51857896208435,VIIRS,99,12.37,2.84,1.68
2024,7,1.3457875161102204,28.030534858867163,MODIS,87,22.39,5.82,3.83
2024,7,1.3024457140178698,29.046526124131436,MODIS,72,56.61,2.54,1.21
2024,7,1.0719113155788285,28.78774813785229,MODIS,96,112.97,4.69,1.53
2024,7,2.091669512837785,28.657518424338924,MODIS,72,83.59,5.27,2.43
2024,7,2.448981990964402,28.62253524942548,VIIRS,70,63.43,2.18,1.18
2024,7,2.4386646759320962,28.04803898685576,VIIRS,63,63.13,3.02,2.05
2024,8,1.4100251601925795,28.784116559419022,MODIS,60,66.2,2.56,0.8
2024,8,2.1790197746788267,28.86358944291726,VIIRS,70,143.13,2.58,1.32
2024,8,2.441492397214966,28.765675340395344,VIIRS,82,132.17,4.49,3.2
2024,8,1.8734541857811902,29.108638491019473,VIIRS,62,41.29,4.01,1.52
2024,8,2.448549311004297,28.955838960384117,MODIS,78,109.62,2.77,1.62
2024,8,1.81270909101881,28.617691765136342,VIIRS,70,149.82,5.73,2.95
2024,9,1.957919245959108,28.6429395513822,VIIRS,81,18.79,5.57,1.58
2024,9,1.327657051106729,28.272853419502013,MODIS,91,15.89,4.29,1.06
2024,9,2.069825045657201,28.376528780469577,VIIRS,91,115.39,2.45,1.13
2024,9,1.209866639936922,28.590533620967907,MODIS,65,141.97,5.69,4.09
2024,9,1.2791628596095104,28.06100712188477,VIIRS,72,133.84,2.19,0.29
2024,9,1.740684954143384,28.648976409731414,MODIS,75,5.14,5.83,4.24
2024,9,2.4967492872241426,28.697970080075056,MODIS,96,94.81,3.56,1.78
2024,9,1.398277729378322,28.45365458038025,MODIS,85,73.58,2.37,1.47
2024,10,1.3654374533665579,28.360289002197494,VIIRS,70,147.31,4.12,0.88
2024,10,1.6175301661883368,28.2526722771071,MODIS,99,26.17,4.78,1.53
2024,10,2.035059005468211,28.468110492187158,VIIRS,86,60.24,5.13,2.76
2024,10,1.7248679072124207,28.31060441472652,MODIS,69,75.16,3.63,1.74
2024,10,1.304556802130399,28.809464419409025,MODIS,82,58.03,4.15,1.43
2024,10,2.243187354049961,28.916866090141887,MODIS,71,36.75,2.2,1.51
2024,10,2.1619340938052822,28.905878177470566,VIIRS,91,33.34,2.45,1.65
2024,10,1.1321041739318725,28.822432991286504,MODIS,82,75.51,4.72,3.15
2024,10,1.8089735206705133,28.34487794913351,VIIRS,73,88.67,5.92,4.28
2024,10,2.1978497142250837,28.57029668422641,MODIS,77,132.82,1.53,1.16
2024,10,1.5621269218499185,28.233969513309123,MODIS,91,57.75,2.5,1.87
2024,10,1.6644398500421123,28.028442024382482,VIIRS,92,81.88,5.08,0.93
2024,10,2.048762595549043,28.496671303075402,MODIS,88,69.54,3.31,1.22
2024,10,1.8517045804020227,28.159237221213615,MODIS,77,46.11,4.8,0.77
2024,10,2.09490116647083,29.134784071979315,VIIRS,73,122.01,1.69,0.98
2024,10,2.3610231596237408,28.089896319372297,VIIRS,72,38.79,3.93,2.76
2024,10,1.6513536664544959,28.171000347122586,MODIS,85,104.68,1.14,0.9
2024,10,2.3096560831812196,28.895126582064247,VIIRS,84,93.37,3.27,1.5
2024,11,1.7877221974196078,28.184328654477387,VIIRS,89,134.39,4.2,1.79
2024,11,2.2315463414398735,28.863309212192288,MODIS,87,132.22,2.9,1.62
2024,11,1.9902942773029295,28.414633568038845,VIIRS,85,53.01,1.16,0.14
2024,11,1.7504548422355093,29.13099186779558,VIIRS,93,90.51,2.33,0.85
2024,11,1.3205359063935855,28.780863003662915,MODIS,93,65.51,2.47,1.56
2024,11,2.0306424399221954,29.157649435462577,VIIRS,60,149.32,4.7,3.49
2024,11,2.0535055548783334,28.421166574965408,VIIRS,69,38.94,4.9,2.6
2024,11,1.8248095889479745,28.934772114883735,MODIS,96,41.87,6.13,3.9
2024,11,1.0590256627178136,28.665347046460216,VIIRS,73,17.91,3.71,0.79
2024,11,1.3747659313806344,29.028310846190493,VIIRS,94,55.61,3.11,1.58
2024,11,1.7629911786183319,28.716165740466664,MODIS,100,128.48,5.08,1.78
2024,11,1.2739595388444287,28.01015021481071,VIIRS,65,112.52,1.61,1.05
2024,11,1.6802315401423202,29.040738327994365,VIIRS,77,103.54,4.65,3.15
2024,11,1.0011815973422045,28.9901058070303,VIIRS,89,48.8,4.51,3.01
2024,11,2.15962963365543,28.109335883411255,MODIS,86,141.32,3.03,1.47
2024,11,2.1447328783500486,28.13293517178098,MODIS,77,68.48,4.03,1.96
2024,11,1.8381109772942337,28.229598683153096,MODIS,71,49.78,4.14,2.93
2024,12,1.4907769061605616,28.794658541585346,MODIS,79,5.81,5.72,3.6
2024,12,1.886067168767817,29.192091612143273,VIIRS,94,120.55,2.83,0.54
2024,12,1.9323029949308816,29.019578542023922,MODIS,75,23.47,4.12,1.91
2024,12,2.0883542198331675,28.749101507251776,VIIRS,88,97.57,3.04,0.47
2024,12,1.8048562426508212,28.698045635285187,VIIRS,69,30.64,4.32,1.05
2024,12,2.2987851117554965,28.63005467686867,VIIRS,85,63.66,3.66,2.73
2024,12,2.1998022093590985,28.229726316196977,VIIRS,69,106.71,5.82,0.6
2024,12,2.038144923891057,28.8328986545926,VIIRS,68,12.96,4.44,3.17
2024,12,1.5787459114237132,28.170763451253023,MODIS,60,39.0,4.84,2.3
2024,12,2.092441036057642,28.32203458410946,VIIRS,67,134.05,5.26,2.77
2024,12,1.9467299176654937,29.062207165432046,MODIS,79,99.73,4.51,3.34
2024,12,1.7662370143121926,28.97707808730953,MODIS,67,134.57,5.12,3.24
2024,12,1.686370449381493,28.67326606019508,MODIS,67,39.84,3.42,2.65
2024,12,2.4343410216765493,28.840111458546858,VIIRS,79,50.09,5.02,3.84
2024,12,1.868526610795843,28.88267173821344,VIIRS,92,52.1,5.13,1.2
2024,12,1.103855759588648,29.036375124024847,MODIS,79,83.7,1.75,1.29
2024,12,1.6480998832806493,28.9697762933942,VIIRS,82,77.91,2.69,1.39
2024,12,2.118790878692635,28.394703985718472,VIIRS,80,147.47,2.19,1.02
2024,12,1.2428814783017994,28.083401810517355,VIIRS,72,51.93,2.35,0.32
2024,12,2.200589015756791,28.372117854320205,MODIS,79,13.33,1.82,0.91
2024,12,1.667690176205304,28.715731503801567,VIIRS,95,79.89,4.62,1.62
2024,12,2.2250680964692657,28.032106311129457,VIIRS,67,11.74,4.49,3.25
2024,12,1.3824366602409823,28.964375370047847,MODIS,88,102.99,5.96,1.66
2024,12,2.2274537980566453,29.01959343196044,MODIS,64,78.25,3.09,0.54
2024,12,1.7106612864260113,28.119343746001743,VIIRS,94,84.25,1.28,0.51
2024,12,1.9311408365437888,28.68428086886974,MODIS,64,93.06,2.03,1.0
2024,12,1.8041878812630312,29.017551304469258,MODIS,84,78.04,2.64,0.72
2024,12,2.481630528476356,28.724494115593938,VIIRS,65,29.95,5.46,2.06
2024,12,2.3629396289795435,28.452587821832637,MODIS,82,87.87,5.4,0.79
2024,12,2.2696870121182444,28.465536900469836,MODIS,65,20.99,5.54,1.09
2024,12,2.01530923507402,29.02351758994191,MODIS,84,135.9,5.72,3.95
2024,12,1.702801679468851,28.29526985517588,VIIRS,68,72.34,4.78,3.38
2024,12,2.163923824171862,28.81765905970148,MODIS,85,104.15,5.08,3.32
2024,12,1.6432778010174034,28.41071362861493,MODIS,89,90.22,1.49,0.53
2024,12,1.89985213400283,28.451880424361846,MODIS,97,30.86,1.98,1.23
2024,12,2.1796657364774203,28.06278207076353,VIIRS,74,38.22,4.89,3.65
2024,12,1.8939264033882028,29.108514671079362,VIIRS,82,57.77,4.39,0.71
2024,12,1.3209377626135927,28.132198192434146,VIIRS,99,7.04,5.01,1.87
2024,12,2.163627683568162,28.375834629664247,MODIS,94,24.31,5.48,2.29
2024,12,1.6431726895893863,29.140004727161802,MODIS,99,47.1,1.5,0.76
2024,12,1.7583223500254892,28.491502019834677,MODIS,97,140.37,2.06,0.53
2024,12,1.864133677652172,28.670670943816717,MODIS,67,16.73,5.03,2.79
2024,12,1.823695927231343,28.233883407381892,MODIS,91,94.79,3.73,2.61
2024,12,2.078852651195687,28.574051144044436,VIIRS,71,130.97,4.49,0.85
2024,12,1.15735285889526,29.056557387170614,VIIRS,72,38.4,3.03,1.94
2024,12,1.704942146514904,28.99243511989353,MODIS,75,6.33,3.69,2.04
2024,12,1.257259049657465,28.66483027859893,VIIRS,78,119.93,1.05,0.28
2024,12,1.4098101506150054,29.141720909165816,VIIRS,93,29.43,4.28,2.62
2024,12,1.2797932140994872,28.468652615955456,MODIS,86,93.01,4.48,1.39
2024,12,1.311599580530069,28.837051253418068,MODIS,69,140.49,3.01,0.8
2024,12,2.2806204829583354,28.85825261753009,MODIS,67,57.98,3.7,2.28
2024,12,1.3406631017472306,28.43692479801945,MODIS,64,34.36,2.94,0.47
2024,12,1.6504216537181384,28.29435864172415,VIIRS,100,56.8,2.55,1.76
2024,12,1.0318358089933541,28.30680382406766,VIIRS,93,8.11,1.91,0.87
2024,12,1.992567113680243,28.71682069178868,MODIS,63,10.17,2.87,1.57
2024,12,1.5118351924169262,28.48818881307404,MODIS,64,69.33,1.96,1.08
2024,12,2.054041309812744,28.00518238528924,MODIS,71,129.72,5.04,1.46
2024,12,2.4666810233351653,29.001005380804948,MODIS,69,21.63,5.91,2.35
2024,12,1.7591707350674897,28.306203987586393,VIIRS,81,24.0,4.13,3.07
2024,12,1.1603431340328454,28.784885711194207,MODIS,86,38.19,2.58,0.34
2025,1,1.5112333984771888,28.240995773919533,VIIRS,70,59.64,1.14,0.62
2025,1,1.0330057308398224,28.69979916376539,MODIS,67,76.58,4.36,0.5
2025,1,1.4794354708628183,28.527715123040466,VIIRS,63,29.41,3.37,2.06
2025,1,1.2541274037041161,28.683519722547977,MODIS,77,104.37,3.62,2.8
2025,1,1.6075773512951097,28.03944758930092,VIIRS,77,39.32,5.87,4.26
2025,1,2.0877823103513347,28.42130885566482,VIIRS,64,112.39,4.32,1.35
2025,1,1.2021870301184578,28.4907199219819,MODIS,61,105.68,3.57,2.85
2025,1,2.211821655299124,29.05659737911488,MODIS,85,48.49,2.01,1.16
2025,1,1.9325915333395802,28.992334904276316,VIIRS,94,92.96,4.3,2.41
2025,1,1.439633974675196,28.045450062204527,VIIRS,82,116.67,5.24,3.51
2025,1,1.267850689902404,28.53545641942954,VIIRS,60,66.0,1.23,0.16
2025,1,2.0563931972832377,28.40582863672986,VIIRS,63,112.2,1.94,1.38
2025,1,1.6546138241273844,29.02869375144829,VIIRS,88,52.87,4.77,2.44
2025,1,1.9716601393768018,28.984740802704216,MODIS,92,106.03,2.47,1.35
2025,1,1.1767543252608854,28.40619503450663,VIIRS,93,68.82,5.18,1.68
2025,1,1.0522342034950949,28.97323091114052,MODIS,62,59.85,3.62,2.82
2025,1,1.0694941316643085,28.172020430863842,VIIRS,98,48.65,5.66,2.29
2025,1,1.788280146070707,28.788627755192746,MODIS,80,124.76,5.53,1.02
2025,1,2.1753826969116776,28.40161161189745,VIIRS,66,73.18,2.7,0.64
2025,1,1.1725167730672525,28.621230393338937,VIIRS,75,51.53,5.69,3.89
2025,1,1.3159117439696921,28.723692222077652,MODIS,64,5.34,3.34,2.65
2025,1,1.8365687565627042,28.387542341021454,MODIS,91,42.21,5.09,2.54
2025,1,1.943978694606041,28.70354500648136,VIIRS,73,41.36,3.33,2.56
2025,1,1.6907324733061557,28.261347777393897,MODIS,85,10.51,1.7,0.77
2025,1,1.441330445562508,28.6518678850394,MODIS,70,72.0,1.87,0.54
2025,1,1.8466083534143571,28.276161761961717,MODIS,95,111.73,5.39,3.55
2025,1,1.9414450883590024,28.140984592841193,MODIS,69,8.35,2.74,0.71
2025,1,2.2538890824621536,28.267449886255445,VIIRS,80,52.2,1.11,0.46
2025,1,2.4494694889592226,28.111275653894232,MODIS,91,7.73,5.45,4.06
2025,1,1.0492388082141564,28.78853964208776,MODIS,62,131.05,6.24,1.01
2025,2,2.113526370745931,28.6002216591885,VIIRS,60,24.22,1.26,0.23
2025,2,2.4168918925416607,28.569173601210572,VIIRS,66,24.07,1.09,0.73
2025,2,2.413551015623482,28.330368524528254,MODIS,70,138.32,5.25,1.93
2025,2,2.1624491817363047,29.150901236041477,MODIS,61,42.19,1.66,0.52
2025,2,1.6438236756424012,29.018210261307587,MODIS,62,148.36,2.98,1.46
2025,2,2.3892852717086748,28.169025401149796,VIIRS,61,132.16,5.81,2.72
2025,2,1.8695203316780837,28.751065928547508,VIIRS,73,123.39,5.71,3.88
2025,2,2.1038528691746934,28.031820430642885,VIIRS,78,8.85,3.55,1.15
2025,2,1.1173422648344105,28.587349982762255,MODIS,62,85.0,3.23,0.58
2025,2,2.3652187162077727,28.987366442479434,MODIS,89,63.62,4.23,0.49
2025,2,1.204447797402321,29.17331942996856,VIIRS,93,27.05,5.92,1.4
2025,2,2.025675436076807,28.506968345703253,VIIRS,89,69.74,2.5,0.53
2025,2,1.6784109641433216,28.99294374699643,MODIS,62,125.97,1.55,0.2
2025,2,1.8324342082260805,28.778520715774302,VIIRS,75,68.9,4.6,2.36
2025,2,2.0669675075164475,28.163400262383878,VIIRS,90,56.61,5.53,3.67
2025,2,2.126797763907578,29.063394981710463,MODIS,61,88.75,4.81,2.47
2025,2,1.4741210436029069,28.209655099464552,MODIS,100,107.11,1.94,1.55
2025,2,2.445536373529068,28.506298497285893,MODIS,96,81.08,2.56,1.32
2025,2,2.440140905175929,29.127417256274857,VIIRS,89,81.23,5.09,1.49
2025,2,1.4601223005498005,28.236459064066793,VIIRS,69,83.73,4.93,0.8
2025,2,2.4223985527837284,29.15218200161703,MODIS,86,71.64,1.15,0.36
2025,2,2.282558304275268,28.805179543118903,MODIS,85,64.21,5.81,2.58
2025,2,2.1196362726284823,28.15526673746201,VIIRS,78,19.6,5.59,3.92
2025,2,2.432205260356418,28.23078770064828,VIIRS,75,115.43,6.19,4.42
2025,2,1.3604979726184496,29.032594271806378,MODIS,89,62.75,5.35,2.08
2025,2,1.0546270941068845,28.190390244495635,VIIRS,94,14.97,3.94,1.77
2025,2,1.173674273650322,28.717082215839007,VIIRS,75,67.41,3.45,0.6
2025,2,1.3238909858998422,28.789742919271173,VIIRS,77,122.64,2.01,0.99
2025,2,2.2106183123378975,28.437610941931784,MODIS,99,142.57,2.25,1.09
2025,2,2.0999575053187725,28.65516240351811,VIIRS,94,33.8,3.76,0.84
2025,2,2.1759656512009022,28.444965927299464,VIIRS,83,17.66,1.31,0.25
2025,2,2.3693704989168767,28.9654203105952,MODIS,60,20.74,1.36,0.23
2025,2,1.6554259682397778,28.894307118359283,VIIRS,89,9.95,4.42,2.87
2025,2,1.1030649203571965,28.99068716108328,MODIS,82,70.79,4.8,2.86
2025,2,2.3845142313096357,28.913521642645293,MODIS,100,133.82,4.2,1.5
2025,2,1.2155234589387303,28.41070786878386,VIIRS,76,78.33,4.7,1.06
2025,2,1.4652430500779499,28.611333631194984,VIIRS,68,51.92,4.53,0.63
2025,2,1.0919197626864234,28.949033526863694,VIIRS,75,143.94,3.23,2.56
2025,2,1.9185618022397375,28.400281262116295,VIIRS,76,124.99,4.35,2.02
2025,2,2.4223863786145325,28.21693163364044,VIIRS,97,41.55,3.48,0.83
2025,2,1.2726719048731332,28.659195538416018,MODIS,96,5.22,3.1,1.99
2025,2,1.1963531682685078,28.225901665488337,MODIS,91,133.83,5.83,4.52
2025,2,1.5960113837836598,28.154712397695214,VIIRS,91,70.18,6.15,1.96
2025,2,1.2695926830293054,28.575635938897282,MODIS,85,146.27,2.02,1.21
2025,2,1.5997095018273888,28.640627615072447,MODIS,77,13.23,3.41,2.55
2025,2,1.026133774509809,28.785370981050512,MODIS,71,24.49,4.77,0.87
2025,2,1.2855391523315625,29.064642558684046,VIIRS,98,117.93,1.0,0.22
2025,2,1.9627394551522157,28.421764137490644,MODIS,73,112.4,3.59,2.75
2025,2,1.5864072320126188,29.07879973081234,VIIRS,81,140.89,4.0,1.75
2025,2,1.2093807481095191,29.149344528934,MODIS,60,119.65,1.07,0.19
2025,2,1.8252126236515314,28.739112691399175,VIIRS,95,86.97,5.92,3.48
2025,2,2.2215881520081022,28.91705622920238,MODIS,74,42.78,3.1,0.55
2025,2,1.683386857574248,28.54345877841565,MODIS,68,31.35,1.36,0.64
2025,2,1.6599522955188744,28.716523140426126,VIIRS,95,121.99,3.19,0.36
2025,2,1.0870903375518326,28.11155360449389,MODIS,85,38.37,5.93,1.47
2025,2,1.733941875237524,29.15789406796789,MODIS,63,42.01,6.02,2.13
2025,2,2.3947806186985554,28.32876189490655,VIIRS,79,29.94,2.42,1.52
2025,2,1.3803060132687224,28.225205836241344,MODIS,83,22.94,4.8,3.27
2025,2,1.2935429946772903,28.2312804982522,VIIRS,62,135.53,1.91,0.93
2025,2,2.25797798289153,28.086087370288745,VIIRS,98,99.12,3.48,2.55
2025,2,2.366906269169033,28.993603446924975,MODIS,74,134.78,2.25,0.61
2025,2,2.0875868088462983,28.98835398548862,MODIS,95,51.03,3.75,2.15
2025,2,1.2518604721640436,29.183504475518173,MODIS,100,71.54,3.07,0.53
2025,2,1.0721131490352347,28.03063010218072,MODIS,71,30.92,4.67,1.25
2025,2,2.352180719047305,28.940555843408724,MODIS,97,61.15,3.71,1.64
2025,3,2.156824036079349,28.5661148249986,VIIRS,98,124.3,2.13,1.68
2025,3,1.3558279397581667,28.560296445017347,MODIS,93,92.86,3.13,0.83
2025,3,1.3694133844773972,29.016582253263557,MODIS,80,24.62,4.6,0.87
2025,3,2.222086359862935,28.165229907675105,MODIS,63,71.96,3.32,1.24
2025,3,1.8930944423835208,28.959444691349134,MODIS,91,7.95,1.09,0.14
2025,3,1.411981484851658,28.289207107264378,MODIS,76,103.62,1.71,0.44
2025,3,1.3415966125285865,28.29508436266934,MODIS,78,143.55,5.23,1.85
2025,3,1.923764872319476,28.066470875713954,VIIRS,93,81.8,1.8,1.14
2025,3,2.1679181952195403,28.055247497754998,VIIRS,100,144.39,3.07,1.62
2025,3,1.7147275832144129,28.903793887269476,MODIS,76,37.11,5.19,1.01
2025,3,2.355174142340694,29.11823108708215,MODIS,99,140.07,4.75,1.77
2025,3,2.23003981635164,28.18829311195827,VIIRS,100,122.02,3.05,1.24
2025,3,1.4630484966397388,29.176034917093247,VIIRS,61,117.34,5.01,3.69
2025,3,1.0457124901523471,28.814066007458205,MODIS,73,103.39,3.46,0.77
2025,3,1.2247923344853207,28.781337840484213,VIIRS,67,103.76,5.07,2.61
2025,3,1.2369343914928796,28.184476851054082,VIIRS,70,104.18,4.48,3.47
2025,4,1.0249481976063732,29.12579137561364,MODIS,81,33.85,3.41,1.36
2025,4,2.206269926525828,28.12697944442584,VIIRS,67,27.39,6.2,2.13
2025,4,2.0194716572382045,29.037519389053344,MODIS,71,19.59,5.74,2.17
2025,4,2.4516192702160127,28.45375962131209,VIIRS,75,140.28,2.08,1.03
2025,4,1.1146733261823758,28.29616339733125,VIIRS,75,52.01,1.4,0.38
2025,4,1.8176981043829195,29.139054788667142,MODIS,86,62.84,1.62,0.67
2025,4,1.3762662875373377,28.0798124685427,MODIS,83,52.27,1.53,0.66
2025,4,1.2576676295318583,28.85494954230905,MODIS,84,82.51,5.98,1.25
2025,4,1.3191271921071928,28.150340155409328,MODIS,63,112.29,5.49,0.66
2025,4,2.4701339224316246,28.6115878675547,VIIRS,87,104.99,3.31,0.94
2025,4,2.0507479306342207,28.64404411274265,VIIRS,97,67.89,4.66,0.6
2025,4,1.1782785524789954,28.68862658716168,VIIRS,74,44.17,4.04,3.16
2025,4,2.054592566203625,28.633784530696776,MODIS,78,118.94,3.06,0.93
2025,4,2.175099468682011,28.359998169819498,MODIS,75,104.3,1.41,0.46
2025,4,2.398055342010552,29.144497766818123,VIIRS,73,94.73,4.57,1.39
2025,4,1.6185328984189302,28.036590850075388,MODIS,76,70.73,2.95,0.8
2025,4,1.3039535923031582,29.08283225482844,VIIRS,73,26.22,2.17,0.78
2025,4,1.3370811093830137,28.554970858177523,MODIS,84,52.62,1.25,0.42
2025,4,1.4760918184956164,29.197811130857716,VIIRS,70,58.95,2.49,1.93
2025,5,1.8508714945099607,28.42544356898815,VIIRS,68,68.35,2.13,0.94
2025,5,1.1523579444196832,29.11887625819128,MODIS,77,6.05,2.32,1.54
2025,5,2.076890734225211,28.53794898897254,VIIRS,85,143.93,2.94,0.38
2025,5,1.6857648017860414,28.626388182500094,VIIRS,85,110.58,4.35,0.67
2025,5,1.7754047317290236,28.55827598150262,MODIS,61,146.86,3.9,1.24
2025,5,2.2449204898435333,28.394403827827123,MODIS,84,43.2,5.92,4.45
2025,5,1.797381819738474,28.320134225110277,VIIRS,69,77.34,1.8,0.18
2025,5,1.051838713876633,28.092527938572957,MODIS,98,23.39,5.34,2.96
2025,5,1.2855042421431044,29.157545317717982,VIIRS,69,49.98,3.57,0.75
2025,5,1.7691171498906093,29.192369166084234,VIIRS,64,107.33,3.78,1.87
2025,5,2.1071263212656755,28.08070615887926,MODIS,82,58.45,5.0,3.83
2025,5,1.9618243796047687,28.826296535723866,VIIRS,64,67.34,3.42,2.72
2025,5,2.2185686899290094,28.818068443453917,MODIS,85,136.1,4.78,1.9
2025,5,1.5805404761996769,28.826773608449685,MODIS,66,135.39,5.69,2.75
2025,5,1.7604209759558695,28.02272783519754,MODIS,88,37.54,5.23,0.58
2025,5,2.3513877015265514,28.196422782536953,MODIS,71,7.13,4.17,2.2
2025,5,2.2333682931129952,28.73268021454344,VIIRS,66,131.51,5.47,3.17
2025,6,2.1860198501226797,29.041794349209063,VIIRS,100,114.65,3.69,1.42
2025,6,1.3568185253019538,28.21891109913888,VIIRS,69,122.35,2.69,0.75
2025,6,2.3752982638072746,28.542693488417893,VIIRS,61,78.79,3.86,0.45
2025,6,2.490998530383427,28.828135423514414,MODIS,81,75.48,3.43,2.55
2025,6,2.3176582649645883,28.1412536661106,MODIS,84,12.97,4.65,0.93
2025,6,2.2969897535260646,29.12127610318805,VIIRS,83,64.72,4.79,1.36
2025,6,1.0892425344965047,28.918665014820014,VIIRS,61,22.9,3.94,1.26
2025,6,1.831085807494833,28.465335311575615,VIIRS,64,102.77,2.29,1.78
2025,6,1.5291628873151546,29.184281821513466,MODIS,88,8.89,3.01,2.3
2025,6,1.1333075363348748,28.612077353553925,VIIRS,86,87.76,1.63,1.26
2025,6,1.8689068625993632,28.86810886458528,VIIRS,94,89.77,1.17,0.53
2025,6,1.0160933046424574,28.44013255358043,VIIRS,82,130.91,2.59,1.96
2025,6,2.004329409678,28.665258396518293,VIIRS,82,60.26,4.53,2.91
2025,6,1.5587474267171921,28.333465042947743,MODIS,90,55.91,1.05,0.79
2025,7,1.9888780740411232,28.30010971125455,VIIRS,88,118.1,2.66,1.78
2025,7,1.0591078457505967,28.621167228486982,MODIS,64,26.02,5.01,3.97
2025,7,2.1954957970083258,28.761973036430422,VIIRS,69,125.79,1.83,0.42
2025,7,1.5224958132862112,28.61495731126831,VIIRS,65,67.44,4.08,3.16
2025,7,1.0878003155302345,28.960182772049027,VIIRS,90,111.67,1.7,0.93
2025,7,2.2897043006434017,28.459492724475183,MODIS,94,148.02,6.13,2.87
2025,7,1.265516855914587,28.26468839800962,VIIRS,73,12.66,4.42,1.65
2025,7,1.4932791503737937,29.05304310993987,MODIS,78,88.58,4.15,2.16
2025,7,1.3945349504344706,29.18515404010344,MODIS,64,26.27,1.08,0.62
2025,7,1.3110854621016432,28.889220558608834,MODIS,60,7.1,1.6,0.18
2025,7,1.117320196520203,28.38094134421799,MODIS,81,16.47,4.92,2.83
2025,7,1.2679833633855395,28.31873927290015,VIIRS,92,97.01,5.98,4.33
2025,8,1.8258304363909184,29.182575574296923,MODIS,65,69.53,4.47,0.84
2025,8,1.9966305304136305,28.178960511885315,MODIS,98,140.0,3.18,1.74
2025,8,2.312416832483354,28.94854828140079,MODIS,79,20.37,5.55,4.12
2025,8,1.654669809901399,28.345794501534897,VIIRS,76,130.64,3.3,1.01
2025,8,1.7290901243843881,28.364843151443523,VIIRS,92,73.82,4.9,3.14
2025,8,2.01259359993957,28.405165120612455,MODIS,76,79.67,5.44,2.28
2025,8,1.5738121818319877,28.116499249908205,MODIS,78,47.98,3.89,2.37
2025,8,1.9765681379382531,28.26968656861095,MODIS,75,56.01,2.75,0.48
2025,8,1.5235450536664756,29.19839224379132,MODIS,69,31.27,6.23,3.53
2025,8,2.144336617736003,28.031084563508717,MODIS,74,39.92,3.39,1.84
2025,8,2.3063945755865896,28.922652910715566,VIIRS,92,122.11,1.18,0.14
2025,8,2.475812789463278,29.10807892533803,MODIS,69,60.85,4.77,1.2
2025,9,1.4245552698802606,28.507418417267637,VIIRS,68,74.25,1.93,1.33
2025,9,1.7241385148372848,28.602733067344513,MODIS,89,20.21,3.63,1.67
2025,9,2.13879047653703,28.16768103512546,VIIRS,91,141.51,4.81,0.88
2025,9,1.0794350421302998,29.016971039401778,MODIS,85,47.66,1.14,0.35
2025,9,2.227929380517286,28.799946344656703,MODIS,76,43.1,1.46,0.73
2025,9,1.7444513110970585,29.084791194790593,MODIS,67,56.23,3.7,2.14
2025,9,1.6352210020874687,28.468924549445603,MODIS,97,112.55,5.22,1.63
2025,9,2.20627556623481,28.41581245785557,VIIRS,88,10.24,2.55,0.75
2025,9,2.2226197325735195,28.23571268555836,MODIS,83,92.88,1.84,0.34
2025,9,2.4284884407821123,28.07461465982466,MODIS,99,64.45,6.04,3.14
2025,9,1.0776651293027761,28.379875672312973,VIIRS,61,73.11,5.23,2.98
2025,9,1.1940681796283164,29.180915401590383,VIIRS,90,124.99,2.09,1.18
2025,9,1.0512953675700947,28.4067996857725,VIIRS,98,142.22,1.68,1.02
2025,9,2.3106577168518863,28.85945870513204,MODIS,61,22.7,5.81,2.22
2025,9,2.3357952336442045,28.138287334293445,MODIS,83,94.02,2.08,0.72
2025,10,1.745088252165004,28.35239706468047,MODIS,73,93.29,4.12,0.69
2025,10,1.6331193124917984,28.69615341411566,VIIRS,69,106.55,1.42,0.19
2025,10,1.1105669725523493,28.468496471411427,MODIS,71,8.42,1.26,0.57
2025,10,2.0616619940170704,28.872535853996627,MODIS,77,74.32,2.22,0.58
2025,10,2.249939576845291,28.646579062064525,VIIRS,78,28.98,2.83,2.24
2025,10,2.173731282051393,28.075610928336978,MODIS,85,16.48,4.02,0.8
2025,10,2.168564637003623,28.356408033906465,VIIRS,63,9.74,4.31,0.51
2025,10,1.1163526698118909,29.12023838893187,VIIRS,66,103.46,2.78,0.28
2025,10,2.2072788248017448,28.096419277871878,MODIS,61,19.33,4.8,1.25
2025,10,1.565916518625849,28.622260567889175,VIIRS,78,60.72,5.44,2.81
2025,10,1.8358086883887548,28.477095052150077,MODIS,67,141.73,6.21,4.48
2025,10,2.0037928565389533,28.567446130743466,VIIRS,82,46.44,3.08,1.75
2025,10,1.7530498834439228,28.225974007876225,VIIRS,84,21.85,3.21,1.96
2025,10,1.7477464010922472,28.499901905484066,MODIS,71,16.41,5.18,1.93
2025,10,1.8255197854505054,29.02177447649864,VIIRS,74,54.06,1.66,1.32
2025,10,2.3887348571577154,29.149358527197244,MODIS,94,56.99,2.18,1.12
2025,10,1.0468717397595388,29.038281953711937,MODIS,66,76.98,5.48,3.03
2025,11,2.3657288533020595,28.349128402339268,MODIS,89,113.28,3.06,0.58
2025,11,2.3067082255273994,28.625832625097665,VIIRS,67,134.27,1.54,0.83
2025,11,1.7936445042605833,28.319386983614976,MODIS,76,78.2,3.71,2.35
2025,11,1.3509824317324721,28.916947274891537,VIIRS,62,149.14,6.03,4.0
2025,11,1.126966040934847,28.72579484732356,VIIRS,88,70.96,4.61,3.2
2025,11,2.1020310724857785,28.442292538381363,VIIRS,63,71.8,4.8,3.13
2025,11,2.3390082268994306,28.110587729187117,VIIRS,100,44.43,2.26,1.19
2025,12,1.9517168947674777,28.496146786628913,MODIS,89,125.07,2.46,0.35
2025,12,2.054303625960511,28.68749717555147,VIIRS,99,93.76,6.21,3.02
2025,12,2.1970864190071535,29.16243676377412,MODIS,68,39.07,2.27,0.6
2025,12,1.8608047849907807,29.039041089730052,VIIRS,66,71.07,5.45,3.24
2025,12,1.2714146651810259,29.11468260821745,VIIRS,96,63.01,1.36,0.61
2025,12,2.047771199067001,28.911481673871577,MODIS,67,31.73,4.39,1.98
2025,12,2.3027606535632152,28.486266512936897,VIIRS,78,46.42,6.16,3.91
2025,12,1.681750442160676,28.559473744978867,VIIRS,75,125.2,3.18,1.69
2025,12,1.3857957769774452,28.0770925131136,VIIRS,94,33.1,3.34,1.6
2025,12,1.537666362584263,28.494844443613903,VIIRS,90,83.43,5.99,4.55
2025,12,1.7218937557055827,28.605380556629648,VIIRS,96,32.17,5.39,0.76
2025,12,2.37660738047291,28.03885932485589,MODIS,70,23.8,2.36,0.26
2025,12,2.2401405921738364,28.302954827569888,MODIS,69,94.26,2.52,1.99
2025,12,2.120977689531839,28.260325287017793,VIIRS,62,97.4,4.62,2.77
2025,12,2.401683582480926,28.551473360529943,MODIS,91,43.44,4.89,3.59
2025,12,2.3470426726950304,28.064949021140805,VIIRS,65,58.59,4.26,1.99
2025,12,1.3624950985237685,29.173583446781915,MODIS,66,72.53,1.62,1.28
2025,12,2.2836418406814145,28.496313608583936,MODIS,72,119.38,5.36,3.25
2025,12,1.9943580672614187,29.189884668162257,MODIS,91,118.18,5.42,1.2
2025,12,1.9355627784080927,28.742352895289986,MODIS,62,18.12,3.76,0.75
2025,12,2.3457864827023283,28.63675722604993,MODIS,81,76.2,4.97,2.18
2025,12,1.1639785241739073,28.95099714327565,MODIS,82,122.44,5.12,0.53
2025,12,2.430609712817144,28.905708283688554,MODIS,65,87.34,5.83,2.18
2025,12,1.6876072394595674,29.143366409777318,VIIRS,75,123.94,5.48,1.64
2025,12,2.4079674521051126,29.177892075521513,VIIRS,64,73.96,6.22,2.26
2025,12,1.3567068491668477,28.374746379491263,VIIRS,79,147.87,2.7,0.36
2025,12,1.5102345109426034,28.725109045894747,MODIS,69,97.54,4.01,1.19
2025,12,1.6605826071745116,29.138861326518583,VIIRS,87,77.28,4.92,3.9
2025,12,1.2370182983888174,28.31343639949343,MODIS,95,7.09,5.14,0.95
2025,12,1.4581469897039667,28.977872750545888,MODIS,67,100.45,4.76,1.49
2025,12,2.352299456523977,28.71478063640848,VIIRS,61,91.37,4.12,1.24
2025,12,2.3393171841432627,29.133025941839165,VIIRS,79,60.71,5.74,3.73
2025,12,1.9369974850010472,28.435705795285248,VIIRS,67,11.94,5.66,2.74
2025,12,2.1003629874087153,28.52437253040746,MODIS,68,126.84,2.34,0.92
2025,12,1.6591997368022269,28.176812820549333,MODIS,82,35.96,3.28,0.93
2025,12,1.0981556392307075,28.722102813390165,MODIS,60,80.18,2.01,1.6
2025,12,1.9685209907288344,28.275140531429077,MODIS,68,65.84,3.63,0.38
2025,12,1.7579377984815638,28.90358548087038,VIIRS,61,86.65,3.23,0.83
2025,12,2.101000555311164,28.56763918260873,MODIS,60,66.52,3.19,0.6
2025,12,1.2334781259376157,28.731387567206095,MODIS,99,72.21,5.4,1.51
2025,12,2.284944781078967,29.04391773067332,VIIRS,83,33.36,5.67,2.95
2025,12,1.8713610861975818,28.455640254061926,MODIS,88,10.64,5.14,3.54
2025,12,2.3824770677642038,29.096522808489965,VIIRS,73,148.87,3.1,1.8
2025,12,2.362229592531245,28.013194361382933,MODIS,68,119.43,2.65,1.17
2025,12,2.130420694994714,28.84536110649976,VIIRS,86,137.52,2.03,0.51
2025,12,2.4808313097328867,28.169498802911527,VIIRS,73,75.11,5.93,3.45
2025,12,1.0084871113511178,28.75389345222099,VIIRS,75,137.12,2.03,1.23
2025,12,1.147093148929646,28.331306194038646,MODIS,71,12.15,3.41,1.6
2025,12,2.0853748226209716,29.08128394753893,VIIRS,70,45.43,3.17,0.72
2025,12,1.6048313366739761,28.398063214937107,MODIS,64,135.45,5.72,3.55
2025,12,1.1007439823685452,28.70322498023782,VIIRS,93,78.24,5.68,1.84
2025,12,2.025829437718702,28.71927592201897,VIIRS,67,48.92,4.99,2.85
2025,12,2.1008082138525856,28.65653903584807,MODIS,76,144.67,5.2,1.42
2025,12,2.2049862789215604,28.099905710520673,VIIRS,90,121.94,2.26,1.78
2025,12,1.7031061363000022,28.731874231734636,MODIS,64,66.47,6.11,3.55
2025,12,1.0690217796737456,28.09020212309485,MODIS,86,72.47,5.07,3.72
2025,12,2.0313342246755823,28.880792431316028,VIIRS,96,51.22,5.68,4.05
2025,12,1.5809309064313282,28.16473689838844,VIIRS,68,34.71,2.12,0.79
2025,12,1.899184054581399,28.1193190450991,MODIS,90,81.94,2.05,1.32
2025,12,2.020419739465634,28.4460265248186,MODIS,98,38.17,5.68,2.02
2025,12,1.5951841239516673,28.223528303381446,VIIRS,79,61.67,1.14,0.36
2025,12,2.484106226211863,28.16313347827887,VIIRS,60,37.43,2.14,0.36
2025,12,2.3873486892391025,28.188849723889827,VIIRS,62,82.57,3.73,2.97
2025,12,2.0972100291765683,28.254716407764885,MODIS,70,120.84,3.09,1.89
2025,12,2.198413375512431,28.38472674129714,VIIRS,73,63.01,4.5,3.15
2025,12,1.4660104063839263,29.0823238503603,MODIS,87,89.1,1.3,0.32
2025,12,1.9399360395663532,28.201363360764187,MODIS,89,59.81,4.91,2.25
2025,12,2.036765707958794,28.41480194308391,MODIS,80,148.63,3.29,2.57
2025,12,2.3893596663597547,28.181023976828104,VIIRS,65,125.64,6.21,0.95
2025,12,1.5028810812223397,28.878900218198677,VIIRS,81,5.2,3.08,0.37
2025,12,2.068316320448179,28.230708225734286,VIIRS,69,75.14,2.11,1.27
2025,12,2.2027109324019314,28.237190473803025,VIIRS,72,32.71,2.78,0.69
2025,12,1.3904811775822703,28.02250824254471,VIIRS,62,33.53,3.92,2.85
2025,12,1.841502942564547,29.037975653340645,VIIRS,91,27.13,4.86,0.57
2025,12,1.9540165655443396,28.129801003425946,VIIRS,76,39.46,3.07,2.26
2025,12,1.2804868458859646,28.8517821625475,VIIRS,100,89.04,4.27,1.35
2025,12,2.075860160451325,28.354807885395502,VIIRS,96,146.14,4.35,2.97
2025,12,2.0222920536805447,28.203734600970442,VIIRS,82,112.58,3.09,0.9
2025,12,1.500888472521777,28.481231369263643,VIIRS,100,110.06,4.68,2.6
2025,12,1.270836314712708,28.88032607151285,VIIRS,95,119.41,4.03,2.05
2025,12,1.3692284706382878,28.043515524656396,VIIRS,81,36.75,5.3,3.91
2025,12,1.0246844956401333,29.146626301612898,MODIS,88,86.27,3.56,0.56
2025,12,1.6338401777298548,28.755415259023785,MODIS,88,80.68,2.68,0.97
2025,12,1.9504143787718813,28.324673570853374,MODIS,86,100.48,3.52,0.64
2025,12,1.955840091538573,28.306498274034777,MODIS,92,116.37,4.3,2.41
2026,1,1.0762374675522077,28.43987673620374,VIIRS,92,127.81,4.8,2.37
2026,1,2.051397010098267,28.72501826238279,MODIS,77,127.05,3.04,0.44
2026,1,2.096683728810329,29.047538996882775,VIIRS,81,6.87,5.26,2.25
2026,1,1.7538249556191725,28.847526971007845,VIIRS,65,8.51,5.14,2.82
2026,1,1.916571284842414,28.716682874511676,VIIRS,89,61.33,4.08,1.48
2026,1,2.339191655407395,28.378130517965538,MODIS,99,76.32,2.41,1.48
2026,1,1.3038704358605446,28.360686833731076,VIIRS,72,34.24,1.42,0.38
2026,1,1.1284942832700064,29.181543857936255,VIIRS,100,113.07,4.38,2.25
2026,1,1.9426598974250966,28.073667072462722,VIIRS,60,118.6,5.16,1.03
2026,1,1.6761924124194914,28.09879537986044,VIIRS,63,92.44,5.3,1.04
2026,1,2.340875234021026,28.377083646499965,MODIS,77,41.09,4.7,2.29
2026,1,1.489482538208005,28.151935725337275,MODIS,92,100.15,3.29,1.49
2026,1,1.1574742944205276,28.315382949019735,VIIRS,88,105.14,5.01,2.36
2026,1,2.079485111446155,28.20036430766562,MODIS,93,14.89,1.81,0.29
2026,1,2.405484631283357,29.06581226961272,VIIRS,94,99.33,2.74,1.44
2026,1,1.5008745812678477,28.678318770863427,MODIS,92,55.17,4.76,1.06
2026,1,2.0286122480864863,28.14888244836849,MODIS,63,137.79,1.78,0.83
2026,1,2.413218508928454,29.069059351630372,VIIRS,85,32.87,3.64,1.76
2026,1,1.1644432389971584,28.567854057077362,VIIRS,66,15.58,2.57,0.77
2026,1,1.7965266459432692,29.122702212270536,MODIS,100,94.16,1.8,0.5
2026,1,2.1308591239847203,29.0876412650521,MODIS,67,103.87,1.13,0.13
2026,1,1.224130111000107,28.096882916418533,VIIRS,87,107.8,3.48,2.61
2026,1,1.839729452603328,28.82899308083725,MODIS,81,9.6,1.8,0.35
2026,1,1.2236132702160607,28.5144748467728,MODIS,100,32.11,3.77,2.7
2026,1,1.3355552560037265,28.77021139713887,MODIS,96,140.74,2.71,1.89
2026,1,2.2541281372152993,28.576248089029903,MODIS,94,9.83,3.48,0.72
2026,1,1.693177705295686,28.473065898849296,MODIS,66,51.15,2.76,0.95
2026,1,1.8681269028972616,29.0063428592326,MODIS,61,145.7,1.93,1.23
2026,1,1.1038977328288442,28.591656404521686,MODIS,96,34.79,3.5,0.42
2026,1,1.183638806170394,28.40370992526568,MODIS,73,82.31,1.97,0.49
2026,1,1.0032901278442194,28.042224722805226,VIIRS,60,126.63,3.47,0.57
2026,1,1.351350340396479,28.50289059933045,VIIRS,83,144.52,5.06,0.99
2026,1,1.2043325266478817,29.082148339096886,VIIRS,73,106.11,2.93,1.97
2026,1,1.55660213718507,28.986682536601787,MODIS,76,70.22,5.09,3.15
2026,1,1.8795408551675052,29.187273006296536,VIIRS,63,12.31,1.73,1.23
2026,1,2.0481392889662207,28.63993567627906,MODIS,96,65.2,4.72,2.27
2026,1,2.1465775067940074,28.007496218899504,MODIS,93,74.59,1.79,0.97
2026,1,1.2573485946496161,28.989947827071827,VIIRS,82,37.9,1.53,0.68
2026,1,2.4435014883250328,28.038823624433974,VIIRS,65,46.62,3.91,3.1
2026,1,2.388998008209036,28.775893953227154,VIIRS,69,76.05,1.83,1.17
2026,1,2.161654068517188,29.187357066464454,MODIS,72,133.95,3.32,1.67
2026,1,1.8062426023549643,28.033228154798394,MODIS,97,5.49,5.95,1.63
2026,1,2.3849386434644555,28.863893529540697,VIIRS,86,95.64,3.65,1.2
2026,1,2.3996240938331868,28.168332277360182,MODIS,87,47.08,1.95,0.74
2026,1,1.075938851211029,28.75683357350818,VIIRS,86,115.79,4.77,2.35
2026,1,2.364791365436509,28.07410035406635,VIIRS,73,89.82,4.76,2.59
2026,1,1.8886281908939004,28.400570921398344,VIIRS,94,139.1,2.05,1.47
2026,1,1.6837175232886925,28.021536216609256,MODIS,60,101.99,5.79,3.53
2026,1,2.252624681001208,29.139534489225863,MODIS,78,20.39,3.96,2.69
2026,1,2.148704573273868,28.33868248246235,MODIS,84,103.83,1.78,1.36
2026,1,1.2571657542148533,29.05707284253174,MODIS,60,24.09,4.34,0.58
2026,1,1.5112534583089245,28.086777092776654,MODIS,60,73.47,4.09,2.15
2026,1,1.690591276361963,28.86444925379067,MODIS,66,136.07,4.69,1.71
2026,1,1.0156910171428266,28.344461241772592,VIIRS,96,27.41,6.07,2.62
2026,1,1.1257913867919869,28.918170718500615,VIIRS,68,66.15,2.58,0.37
2026,1,2.443487221749102,28.438583959686905,VIIRS,77,143.09,1.76,1.14
2026,1,2.4214290645057845,29.131347988462785,VIIRS,97,5.1,2.0,1.19
2026,1,1.4695273800851856,28.834802680954862,VIIRS,62,38.1,3.89,1.56
2026,1,2.055245145510991,28.707723125514853,VIIRS,87,26.33,4.53,1.75
2026,1,1.4179430275763487,28.995434384767723,MODIS,93,126.04,3.0,0.34
2026,1,2.0254895475570596,29.142036553267292,MODIS,78,141.65,2.62,0.73
2026,1,1.442446255316788,28.528749698658995,MODIS,60,17.61,3.46,0.51
2026,1,1.2529471401779058,29.197710216750043,MODIS,77,6.2,2.62,0.29
2026,1,1.460704349338563,29.10801357763872,MODIS,96,146.17,1.68,1.34
2026,1,1.2495688260253845,28.33238511136844,VIIRS,77,132.41,3.87,0.9
2026,2,1.7489560786006837,28.751204606114094,MODIS,72,39.36,3.49,0.76
2026,2,1.8579372024214802,29.114577167290715,MODIS,60,8.53,3.46,0.91
2026,2,2.1522133453298524,28.191601554365125,VIIRS,99,65.26,5.38,3.58
2026,2,2.2057906031100347,28.208205202081487,MODIS,87,66.79,3.56,0.82
2026,2,2.068976264247433,28.001135859902874,MODIS,71,110.61,5.26,2.56
2026,2,2.0264242209289964,28.89717673473584,VIIRS,65,51.29,3.63,1.99
2026,2,1.3904600543001089,29.094030715808415,MODIS,62,125.92,2.18,1.42
2026,2,2.053337116312974,28.731287775427983,VIIRS,91,9.01,3.62,1.34
2026,2,2.006081373124175,28.111050045965683,MODIS,66,130.42,5.64,3.84
2026,2,1.1031141219162104,28.6183031891361,MODIS,97,126.82,3.69,0.51
2026,2,1.2400711202239183,28.270847990819913,MODIS,62,48.11,5.44,3.86
2026,2,1.5197513677039376,28.692907675627694,VIIRS,94,126.56,2.72,1.56
2026,2,1.5540702445753056,28.98053298155893,MODIS,71,35.7,2.18,0.45
2026,2,1.3793990824879083,28.876390771251792,MODIS,77,41.09,1.87,0.93
2026,2,1.056923709139551,28.226960384838243,VIIRS,94,122.06,1.59,1.25
2026,2,2.4459731467422623,28.07110779719497,MODIS,94,22.75,4.04,2.2
2026,2,2.1888967143762663,28.6690950650789,VIIRS,73,120.47,2.79,1.53
2026,2,1.7392824951344588,28.318600378920735,VIIRS,67,98.77,3.48,1.26
2026,2,1.8659164734187899,28.248778726656088,VIIRS,69,56.18,4.02,0.76
2026,2,1.856391481838084,28.36293878993481,VIIRS,67,118.36,3.63,0.44
2026,2,2.442964422039858,28.035314157761967,VIIRS,78,63.32,6.17,2.84
2026,2,1.533653851863276,28.200147798336285,VIIRS,84,33.1,2.17,1.13
2026,2,1.366523292608113,28.71387266548634,VIIRS,74,68.9,2.91,0.96
2026,2,1.9327130977673894,28.081793604410617,MODIS,66,56.33,4.89,1.16
2026,2,1.3856110237105612,28.71394554443257,VIIRS,90,72.7,4.32,0.65
2026,2,1.8049719133122748,28.450299794642056,VIIRS,74,36.71,3.41,0.62
2026,2,2.245903922660969,29.117856980831863,VIIRS,90,79.89,1.94,1.18
2026,2,2.473253041925621,28.872500334248254,VIIRS,99,121.17,2.94,0.48
2026,2,1.552440268548193,29.092396338008232,MODIS,61,8.11,1.6,0.81
2026,2,2.007885746426793,28.459711108767642,VIIRS,81,107.85,6.13,1.39
2026,2,1.7861029185191588,28.990772131752426,VIIRS,95,75.32,6.13,3.93
2026,2,1.1506806389637458,28.35830059121613,MODIS,85,67.47,2.79,0.39
2026,2,1.096973029703658,28.56683447998,MODIS,100,51.17,1.4,0.76
2026,2,1.3299475500076685,28.247075617418357,MODIS,84,80.95,1.39,0.87
2026,2,1.2260851768213947,28.813099330689436,VIIRS,71,123.71,4.36,2.2
2026,2,1.2176365181824442,28.96993873554388,MODIS,69,97.92,3.73,1.56
2026,2,1.7055859003089526,29.079302322570015,VIIRS,90,131.94,5.73,2.21
2026,2,1.7492286205051482,28.707751398326188,MODIS,81,127.15,1.18,0.34
2026,2,1.2414926410615363,28.046985213895958,MODIS,84,19.6,1.22,0.75
2026,2,1.1870410448855262,28.718018660237735,MODIS,69,83.29,2.47,0.46
2026,2,2.2257703189153917,28.885035956901245,VIIRS,74,147.54,4.66,2.04
2026,2,1.9899587403501262,28.78632542192007,MODIS,82,128.26,1.89,1.46
2026,2,2.0096202850439053,28.21401537157082,MODIS,76,95.36,2.27,0.95
2026,2,1.53401647060727,28.48347931684905,MODIS,81,11.42,2.2,0.97
2026,2,1.0491236491937326,28.19437179797824,MODIS,75,19.47,6.22,3.45
2026,2,1.1981236754995315,28.185879662917188,MODIS,99,8.1,4.06,1.54
2026,2,2.146682715638562,29.060602472740186,VIIRS,89,115.48,4.25,1.1
2026,2,2.435907803659765,28.297504845945003,VIIRS,73,19.26,4.05,3.22
2026,2,2.044290947247423,28.783310505678372,MODIS,60,118.77,3.75,2.33
2026,2,1.278444002894075,29.118009816127685,MODIS,64,15.95,1.32,0.78
2026,2,1.8264570751932627,28.842783859727827,VIIRS,74,47.04,4.04,0.79
2026,2,1.6082157750114783,28.50032852036218,MODIS,77,122.06,4.77,2.27
2026,2,1.619468073034446,28.268625326659357,MODIS,89,25.16,4.8,2.7
2026,2,2.221077702673627,28.909890190768763,MODIS,78,52.63,5.64,2.13
2026,2,1.0185873880218628,29.049772194973112,VIIRS,86,118.85,5.51,0.6
2026,2,1.922825055685609,28.4549201690651,MODIS,61,52.94,6.04,4.43
2026,2,1.2275520650347345,28.3150707371232,VIIRS,66,19.45,1.96,0.2
2026,2,1.3417218188371909,28.595063998664163,VIIRS,73,47.99,4.34,1.55
2026,2,2.3328613362062436,28.77533292395274,VIIRS,61,78.44,3.48,2.13
2026,2,1.804124901415679,28.76959715423386,MODIS,87,75.0,5.21,2.05
2026,3,2.273865580749309,29.13436083727607,VIIRS,72,60.42,2.68,0.84
2026,3,2.004817308099925,28.702184006662158,MODIS,63,104.0,2.48,0.38
2026,3,1.1765483275614645,28.807499138743314,VIIRS,69,72.02,3.75,1.02
2026,3,2.0872959973531495,28.29349285043641,VIIRS,84,49.19,3.2,2.4
2026,3,1.2893661039468367,28.504577504507207,VIIRS,89,8.51,1.09,0.26
2026,3,1.6247822600468322,28.257320587533002,VIIRS,64,113.58,4.45,1.68
2026,3,2.227529798424793,28.016036846724184,MODIS,63,67.39,4.44,2.21
2026,3,2.0709310180018674,28.399551423568912,VIIRS,69,108.68,2.85,0.34
2026,3,1.5188156456631163,28.758412718945213,MODIS,92,23.15,3.81,2.18
2026,3,1.7019490146148488,28.139968452320364,VIIRS,89,93.15,3.26,2.56
2026,3,2.25030124453981,29.05304833750197,VIIRS,99,38.41,3.17,2.23
2026,3,1.3969346935164142,29.075947395020254,MODIS,63,82.52,5.17,3.09
2026,3,2.4123318512108822,28.99144777452427,VIIRS,62,86.45,4.07,0.87
2026,3,2.339891291508233,28.82120675853135,VIIRS,86,72.05,6.06,4.08
2026,3,1.7463538718182612,28.931522248222652,VIIRS,71,105.64,1.05,0.21
2026,3,2.4515645700961013,28.480502983067865,MODIS,93,70.07,4.23,1.89
2026,3,2.0215097624764526,28.817612149078382,MODIS,65,104.57,2.71,1.37
2026,3,2.42078121561969,28.250220790812474,VIIRS,72,28.1,5.96,1.29
2026,3,2.4604470499506195,28.44285555062489,MODIS,82,104.12,3.38,1.04
2026,4,2.106886882444334,28.938425910360763,VIIRS,80,132.02,5.92,1.43
2026,4,1.2746052175083211,29.050842772836795,VIIRS,94,36.34,5.94,1.71
2026,4,1.88030184112975,28.601603587800184,MODIS,63,99.01,1.87,1.07
2026,4,1.890018606587704,28.228077820152688,VIIRS,77,26.44,6.16,3.1
2026,4,1.048753789733258,28.91827777333017,MODIS,93,135.7,2.94,1.0
2026,4,2.0137844380417826,29.023145873280555,MODIS,94,57.52,1.15,0.46
2026,4,1.3567899307296938,28.422400529394405,MODIS,81,45.37,5.49,1.29
2026,4,2.336396330115827,28.72833701370667,MODIS,85,5.5,5.87,3.17
2026,4,1.2108423301424558,29.156370556250668,VIIRS,77,77.83,2.17,1.69
2026,4,1.4136576772400102,28.994681531028363,MODIS,62,111.84,2.56,1.6
2026,4,2.230879370482301,28.572350202114055,MODIS,96,62.7,2.27,0.37
2026,4,1.4096958083652342,28.50495222501838,MODIS,89,21.06,4.61,1.25
2026,4,1.844180040820871,28.55561883649741,MODIS,71,136.87,5.11,1.68
2026,4,1.704650685558081,28.122171287412876,VIIRS,61,52.89,2.21,0.43
2026,5,2.3897853579635857,28.47659678234604,VIIRS,80,48.12,4.41,1.35
2026,5,1.1940163037782225,28.428350769578227,VIIRS,80,97.26,3.94,0.4
2026,5,1.1056597818151501,28.208556604712008,VIIRS,88,39.82,4.9,2.46
2026,5,1.8163775588800553,28.780038555486644,MODIS,68,29.91,1.93,0.56
2026,5,2.4648490575336637,28.96249704186778,VIIRS,98,13.88,4.87,1.95
2026,5,1.1159788242153976,28.941461124417376,VIIRS,77,44.12,3.05,2.35
2026,5,2.0483214780248264,29.008071149791178,VIIRS,72,25.02,4.3,2.13
2026,5,1.8100049418136244,28.521273031575827,VIIRS,98,78.46,3.06,1.11
2026,5,1.0799780699326798,28.925839211360284,VIIRS,60,106.22,5.75,1.95
2026,5,1.5274574997226789,28.144987338380925,VIIRS,60,41.79,3.41,1.64
2026,5,1.1870755658781043,28.128767740052517,VIIRS,87,13.05,3.93,2.92
2026,5,1.8898003885802275,28.89131661303368,MODIS,64,32.58,4.27,0.97
2026,5,1.3931518179575584,28.455704353836186,VIIRS,100,82.29,3.37,1.4
2026,5,1.0899525357033695,28.98871070250343,MODIS,65,96.64,3.67,2.26
2026,5,1.5142309883172858,28.818605559462092,VIIRS,83,69.5,5.96,4.44
2026,5,1.6496979399745082,28.417990635957956,VIIRS,62,31.91,5.91,1.31
2026,5,1.6106581721423017,28.968627455916124,MODIS,63,97.37,2.82,0.74
2026,6,2.1171025960579026,28.244919268506326,MODIS,100,46.22,4.99,3.28
2026,6,1.7045640804803965,29.14191374638654,MODIS,95,96.96,1.45,0.37
2026,6,1.143316385952113,28.4216357694108,MODIS,75,15.74,5.71,1.61
2026,6,1.7296086033971978,28.493677810305147,VIIRS,98,62.68,3.43,0.58
2026,6,1.2926654844782335,28.93638314720746,VIIRS,67,56.45,6.04,1.91
2026,6,1.9490056916936727,28.086031670438192,MODIS,63,111.54,4.86,1.07
2026,7,2.039525252429645,28.074481103874216,MODIS,99,14.07,4.88,1.11
2026,7,1.683091139125714,28.59140088634574,VIIRS,75,83.38,4.3,2.0
2026,7,1.3786575716568445,28.702426307934385,MODIS,100,69.52,3.41,2.51
2026,7,1.5485300909406652,28.356572894246405,VIIRS,93,6.14,2.29,0.94
2026,7,1.4271329917101847,28.145610200501434,MODIS,94,37.12,3.73,0.87
2026,7,1.5897573275204828,28.68811336775134,MODIS,92,5.05,4.14,1.44
2026,7,1.8897473973200523,29.081637822075674,MODIS,87,50.56,5.05,3.73
2026,7,1.6974581332302492,28.267657078469067,VIIRS,71,136.01,1.55,0.18
2026,7,2.0087493655254067,28.1087175171436,MODIS,90,93.16,4.88,0.98
2026,7,1.4213915173415559,28.65604281412527,VIIRS,99,61.17,3.52,0.8
2026,7,1.0756322057302232,29.037202591726437,MODIS,86,149.09,3.37,1.23
2026,7,1.8203264191950708,28.435420838292263,VIIRS,91,70.77,3.89,2.45
2026,7,1.8204161252143438,28.35546279289136,VIIRS,93,75.84,3.56,0.97
2026,7,2.4074363300886525,28.83175776839695,VIIRS,77,51.96,4.89,0.89
2026,7,2.122012431362669,28.58631639461681,VIIRS,64,63.71,2.77,1.09
2026,7,2.30883992669364,28.579756147622998,VIIRS,76,99.01,4.44,0.67
2026,7,2.004615518295826,29.018661875763893,MODIS,67,69.93,4.64,2.43
2026,7,2.223315961315124,29.116109967547395,VIIRS,90,98.03,4.72,2.61
2026,8,2.4125425717563767,28.676514119329557,VIIRS,76,13.1,3.73,1.47
2026,8,1.6925633892569325,29.182616914969298,MODIS,94,12.37,4.47,1.54
2026,8,1.3846651468504128,28.503999101086116,MODIS,75,27.14,4.27,1.63
2026,8,2.2183101167605037,29.150810834850247,MODIS,62,78.31,1.41,0.65
2026,8,1.7610299321222884,28.259024194693307,VIIRS,67,38.56,3.88,2.4
2026,8,2.4870333166661363,29.08530911199947,MODIS,87,18.64,1.48,0.64
2026,8,1.606146876637192,28.090724046891083,MODIS,62,111.24,5.93,1.36
2026,8,2.2285631631431304,28.511020841544937,VIIRS,92,137.78,2.2,1.31
2026,8,1.7993921853282333,28.45592073640102,VIIRS,66,21.82,3.47,2.22
2026,8,1.8955443546456547,28.643588953574405,VIIRS,98,7.57,2.34,0.54
2026,8,1.5837683834818717,28.579347462881653,VIIRS,78,87.15,3.06,0.68
2026,8,1.1762883470187662,28.72424143943027,MODIS,95,124.25,3.53,2.02
2026,8,1.3994194202792014,28.999417758435296,MODIS,94,34.03,5.09,0.88
2026,8,2.064113084411666,28.374197704535987,MODIS,93,24.27,2.99,0.7
2026,8,1.123405416689241,28.264432548316332,VIIRS,82,88.3,5.04,3.57
2026,9,1.972748337829977,28.276157568920055,VIIRS,68,60.47,5.29,3.94
2026,9,1.8759730745969874,28.354438885206278,MODIS,84,22.14,5.75,0.61
2026,9,2.0379290407369197,28.244851466581206,MODIS,95,96.02,1.55,1.19
2026,9,1.4830309116793179,29.1919008304386,MODIS,65,16.21,6.12,3.46
2026,9,1.6320759161165346,28.933362552169832,VIIRS,81,147.76,5.32,2.2
2026,9,1.6189572594299184,29.10116063262094,MODIS,74,90.12,4.53,1.95
2026,9,1.3981155041270654,28.274661548100955,MODIS,74,86.0,4.65,3.12
2026,9,2.444268291076396,28.754663373809517,MODIS,91,74.82,3.69,0.84
2026,9,1.4536170032460416,28.912934690835804,MODIS,96,66.95,3.01,1.24
2026,9,1.2205856288654062,28.30623448337972,MODIS,93,64.06,4.76,2.52
2026,9,1.053910667219598,28.9322799472737,MODIS,100,36.78,2.7,0.3
2026,9,1.798776159404487,29.199311204908007,VIIRS,88,105.92,5.15,1.56
2026,9,1.8318452436943569,28.713962621773465,VIIRS,60,52.79,2.25,0.75
2026,9,1.0137934164151539,28.417814316082225,VIIRS,99,65.98,1.52,0.82
2026,10,1.8714166573574513,28.446948816100754,VIIRS,68,74.8,2.21,0.89
2026,10,1.5819632110291217,28.920038669542784,VIIRS,82,115.73,4.96,2.21
2026,10,1.502942849018136,29.150396219044694,VIIRS,69,103.23,3.17,2.39
2026,10,2.184142554161263,28.664217686592703,MODIS,73,124.52,2.51,1.34
2026,10,1.967402080912868,28.25284810472942,VIIRS,88,12.6,5.13,1.49
2026,10,1.4515756435273057,28.78055640807772,MODIS,63,92.08,5.34,0.64
2026,10,2.046891974967709,28.13470509568974,MODIS,90,121.25,2.09,1.52
2026,10,1.51143788279957,28.84783216539105,MODIS,95,34.54,4.48,0.66
2026,10,1.9403637399516718,28.853695050961356,VIIRS,61,35.12,3.26,0.39
2026,10,1.7580953865829176,28.689795328052927,VIIRS,96,102.7,3.66,0.5
2026,10,2.342829321486796,28.124026351717962,VIIRS,87,87.33,2.56,0.7
2026,10,1.0818985593993498,28.10030465223447,MODIS,89,65.41,1.79,0.51
2026,10,1.0169043451350508,28.244750256212566,MODIS,89,140.2,3.37,1.94
2026,10,2.442130387759524,28.263485045171567,MODIS,79,38.8,2.95,1.97
2026,11,2.3497961671175114,28.11024528864218,VIIRS,89,66.07,5.2,2.7
2026,11,1.1425063039278547,28.405701539823088,VIIRS,66,90.96,4.54,3.0
2026,11,1.0678552848677152,28.30171077140497,VIIRS,78,31.95,2.87,1.82
2026,11,1.9434545362799969,28.502632042388814,VIIRS,87,57.57,5.54,4.04
2026,11,2.299001906717605,28.85015178772618,MODIS,86,147.17,1.96,1.36
2026,11,1.223316680553449,28.021000702846955,VIIRS,82,11.26,2.64,1.76
2026,12,1.9445286810836142,28.296420177766375,VIIRS,97,43.01,4.3,2.57
2026,12,1.1732089569357347,29.143587194209942,MODIS,92,139.92,5.45,1.77
2026,12,1.725050606799743,28.716021377539672,MODIS,74,46.57,3.46,1.04
2026,12,1.886484131328685,29.093934726096816,MODIS,63,99.79,5.84,0.93
2026,12,1.9551174002606984,28.70599199857176,VIIRS,85,27.37,5.85,1.49
2026,12,1.91484005895911,28.657636193573264,VIIRS,98,98.09,1.3,0.63
2026,12,1.1370722167752252,28.008257705041864,VIIRS,60,141.34,4.37,1.09
2026,12,2.3545174482504327,28.565312308749384,VIIRS,78,44.73,1.6,0.82
2026,12,2.471444056299738,28.021195309065675,MODIS,77,58.79,1.72,1.02
2026,12,1.227950713358514,28.638558620113457,MODIS,92,127.52,1.56,0.5
2026,12,1.937816784056533,28.030437935105354,VIIRS,73,109.91,1.45,0.92
2026,12,1.1527582069949713,28.930003599051652,MODIS,75,23.29,5.1,2.59
2026,12,1.9016293441415835,28.88258924138221,VIIRS,89,33.55,2.69,1.08
2026,12,1.1177313108136904,28.729367969727996,VIIRS,72,39.84,5.0,3.12
2026,12,1.3333513439710885,28.696980576369192,MODIS,71,146.71,3.27,1.32
2026,12,1.2988096125154969,28.9005937990042,VIIRS,81,96.17,5.8,4.59
2026,12,1.916317595001942,29.031933996518234,VIIRS,83,81.68,4.05,1.7
2026,12,1.1373437376720168,28.959724981140045,MODIS,98,137.23,4.77,3.73
2026,12,1.7234349093365184,28.487067582137595,VIIRS,67,80.89,3.29,0.93
2026,12,1.347571936614131,28.344335923733507,MODIS,80,111.03,2.03,0.96
2026,12,1.1129579364377036,28.668424498839236,VIIRS,71,93.88,5.87,2.74
2026,12,2.3782137404542896,28.79372495451966,VIIRS,89,98.03,2.54,1.57
2026,12,1.0404316691252826,28.433207081515437,VIIRS,88,82.08,6.0,4.47
2026,12,2.0823904949915253,28.559803110873442,MODIS,63,120.51,2.58,2.03
2026,12,1.9078493285013525,28.373122658560316,MODIS,82,32.63,3.51,1.41
2026,12,1.2760141809589678,28.272277763383254,MODIS,69,122.76,2.21,1.43
2026,12,2.0565674191732906,28.807402131124775,MODIS,97,83.97,4.69,1.11
2026,12,1.2514965791863437,28.10531233194682,MODIS,84,47.92,1.38,0.36
2026,12,1.6661962632341178,29.17935406495635,MODIS,89,59.03,3.24,1.45
2026,12,1.2011131436561608,28.16317876441008,VIIRS,74,20.27,6.0,2.03
2026,12,1.1338774463973924,28.510427250654264,MODIS,89,131.41,2.43,0.72
2026,12,1.5045658663605501,28.367496997741146,VIIRS,75,11.85,3.5,0.69
2026,12,1.3989455308706984,28.9824921497813,VIIRS,88,76.55,2.22,1.08
2026,12,1.9672170003444103,28.655254555932128,MODIS,60,32.51,1.97,0.61
2026,12,1.7413110568343089,29.022388070215463,MODIS,68,103.06,4.34,1.34
2026,12,1.4595276512655766,29.115254852555026,VIIRS,76,14.66,4.97,2.56
2026,12,1.5605590521691253,28.773348690229643,MODIS,70,31.89,4.78,1.7
2026,12,1.918280115357167,29.128071262840034,MODIS,97,97.39,4.28,0.95
2026,12,2.2307647469136596,28.87248867106234,VIIRS,95,122.47,4.51,3.11
2026,12,2.4203412370553616,29.067108820230196,MODIS,79,6.79,2.25,0.28
2026,12,2.076997327185004,28.290689566672377,MODIS,83,135.52,3.83,2.71
2026,12,1.0051826716025296,28.263998545772957,MODIS,88,69.07,5.54,0.94
2026,12,1.7340431617398409,28.252200743072155,VIIRS,84,111.89,4.09,1.4
2026,12,1.0321559823308315,28.550494901751485,VIIRS,86,36.85,5.09,3.1
2026,12,1.7558467602540755,28.77218497015178,MODIS,96,20.07,2.21,0.5
2026,12,2.3086943775195445,28.290780708354475,MODIS,86,40.64,3.74,1.75
2026,12,2.129362007003298,28.532571417095802,VIIRS,68,58.79,3.91,1.58
2026,12,2.0920312585671006,28.233335024771563,MODIS,100,107.51,2.09,0.53
2026,12,1.2713832573981367,28.704238895356035,VIIRS,100,102.68,1.97,0.78
2026,12,1.3754839541868669,28.71412699357774,MODIS,85,103.64,2.64,0.96
2026,12,1.4731695308724864,29.167832940870408,VIIRS,66,98.68,5.07,3.79
2026,12,1.129231709022333,28.968999916034576,VIIRS,89,95.99,4.38,1.45
2026,12,1.1542937059533567,28.581926136603958,VIIRS,60,78.78,3.23,1.9
2026,12,1.2535734702088162,28.334204355136762,VIIRS,91,92.98,4.67,1.07
2026,12,1.1930077068548106,28.21974812900625,VIIRS,88,128.83,3.11,0.71
2026,12,1.6978952012128943,28.04517010079446,MODIS,89,39.69,4.51,1.65
2026,12,1.386951241278585,28.647585076130824,MODIS,63,45.4,1.17,0.66
2026,12,1.7602084334657675,28.687077967337874,VIIRS,69,91.92,4.46,2.27
2026,12,1.352915128503273,28.98245073934214,MODIS,64,107.81,2.99,2.35
2026,12,1.4997543192777762,28.075355536633463,VIIRS,67,147.68,2.07,0.72
2026,12,1.9361780948702285,28.573161546680634,MODIS,66,93.63,3.12,1.47
2026,12,1.6405223138694487,28.0068065376108,MODIS,80,73.03,1.1,0.86
2026,12,1.430706197318625,28.238648254180262,VIIRS,95,137.43,1.65,0.42
2026,12,2.1935265486104645,28.79385518892733,MODIS,94,100.67,3.71,1.3
2026,12,1.2739205380291634,28.696067734265103,VIIRS,79,78.95,4.62,0.83
2026,12,1.9331631656505395,28.83271149574373,VIIRS,89,71.47,1.64,0.41
2026,12,1.9057770319093144,29.152043209416153,MODIS,64,109.74,3.24,1.67
2026,12,2.193985169169629,28.820659527467487,VIIRS,85,118.16,5.71,1.48
2026,12,1.755851037299913,28.721544690230104,MODIS,73,125.01,3.94,1.21
2026,12,1.837567838237145,28.398025794183845,VIIRS,98,66.27,2.13,1.02
2026,12,1.711001800177056,28.62563421302986,MODIS,82,132.66,4.12,0.84
2026,12,1.092041929527884,28.724743255049436,VIIRS,83,17.4,2.17,1.72
2026,12,1.7712393496447145,29.176686324343528,VIIRS,80,86.62,4.32,0.44
2026,12,2.123266455684657,28.446701828962777,MODIS,98,107.3,3.43,1.61
2026,12,2.4666632512936677,28.33467453381508,VIIRS,71,99.49,4.73,3.77
2026,12,2.291022266430227,28.172821941158723,MODIS,70,53.56,6.18,0.83
2026,12,1.8499133283584046,28.48272697253774,MODIS,86,124.45,1.41,0.62
2026,12,2.1976221799783326,28.9956867283667,MODIS,86,56.34,3.3,0.95
2026,12,1.1215609819779955,28.45711563545287,VIIRS,62,137.35,1.27,0.97
2026,12,1.1810401090122016,28.35551634793174,MODIS,85,120.74,4.41,2.68
2026,12,2.332450953795798,28.218925751866156,VIIRS,81,118.99,6.18,3.42
2026,12,2.1251314127813736,28.795473167676583,MODIS,89,83.49,5.03,1.82
2026,12,1.2549577188525176,28.450461488802,VIIRS,93,42.21,4.4,2.47
2026,12,2.2891574290937564,28.30859940574156,VIIRS,97,43.6,5.5,3.49
2026,12,2.4651969963994746,28.587557012412027,VIIRS,63,9.15,3.21,0.91
2026,12,1.107565042969761,28.630542184707046,VIIRS,67,62.54,3.01,1.97
2026,12,2.0377954345777134,28.037462782029138,VIIRS,86,65.98,2.38,0.43
2026,12,2.1425124829431867,28.47546953985816,VIIRS,100,84.53,1.48,0.38
2026,12,1.744067010910662,29.174069914775828,MODIS,78,103.72,2.68,0.31
2026,12,1.3019008539712338,28.927821113655884,VIIRS,81,104.51,4.65,3.32
2026,12,1.7878002379400666,28.686383659517862,VIIRS,90,71.16,4.66,2.31
2026,12,1.8891055849677594,28.83895972130401,MODIS,92,5.48,5.57,1.75
2026,12,2.4859862459062834,28.552331056639506,VIIRS,90,53.01,1.04,0.28
2026,12,1.5903692829832508,28.42040649900464,VIIRS,96,141.91,2.63,0.94
2026,12,1.3500183668817507,28.23902453471562,VIIRS,60,89.35,3.89,2.93
